A_id,A_amount,A_valueDate,A_currencyCode,Risk_Exposure
523803080492.0,6567592109.0,2023-03-29,USD,6567592109.0
269983776851.0,-6567520960.0,2023-03-26,USD,6567520960.0
591802520689.0,6458077276.0,2023-03-26,USD,6458077276.0
814811366438.0,-6458053956.0,2023-03-25,USD,6458053956.0
672578737734.0,6131794705.0,2023-03-24,USD,6131794705.0
920785179562.0,-6131774266.0,2023-03-23,USD,6131774266.0
844838225896.0,5874420588.0,2023-04-27,USD,5874420588.0
476499207818.0,-5874399375.0,2023-04-26,USD,5874399375.0
597339046016.0,5658512900.0,2023-03-23,USD,5658512900.0
799672304692.0,-5658494039.0,2023-03-22,USD,5658494039.0
869725689263.0,-5637945721.0,2023-04-27,USD,5637945721.0
38453004007.0,5593339178.0,2023-05-03,USD,5593339178.0
402244076395.0,5433396800.0,2023-03-22,USD,5433396800.0
574710621872.0,-5433342471.0,2023-03-19,USD,5433342471.0
423459136837.0,5427123050.0,2023-04-22,USD,5427123050.0
442407541502.0,5368194270.0,2023-03-25,USD,5368194270.0
797310126674.0,-5368176377.0,2023-03-24,USD,5368176377.0
660601684221.0,5335214158.0,2023-05-04,USD,5335214158.0
415264208219.0,-5335197860.0,2023-05-03,USD,5335197860.0
442228732429.0,-5279453070.0,2023-04-29,USD,5279453070.0
551986491275.0,5266502467.0,2023-05-13,USD,5266502467.0
824887696993.0,-5266484913.0,2023-05-12,USD,5266484913.0
493191658327.0,4898048012.0,2023-04-26,USD,4898048012.0
176376185177.0,-4898009916.0,2023-04-22,USD,4898009916.0
446544070828.0,4772989790.0,2023-05-05,USD,4772989790.0
871339466572.0,-4772975210.0,2023-05-04,USD,4772975210.0
945364318398.0,4721944260.0,2023-03-05,USD,4721944260.0
746951582910.0,4667044944.0,2023-04-29,USD,4667044944.0
752475430886.0,4551642743.0,2023-03-31,USD,4551642743.0
576682986165.0,-4551627572.0,2023-03-30,USD,4551627572.0
205957919341.0,4484431410.0,2023-04-15,USD,4484431410.0
47745727961.0,-4484416463.0,2023-04-14,USD,4484416463.0
766248477423.0,4458512076.0,2023-05-12,USD,4458512076.0
680304297056.0,-4458497214.0,2023-05-11,USD,4458497214.0
964161484830.0,4424219616.0,2023-03-30,USD,4424219616.0
675708500824.0,-4424204869.0,2023-03-29,USD,4424204869.0
697757318626.0,4329569897.0,2023-05-11,USD,4329569897.0
182951504173.0,-4329512170.0,2023-05-07,USD,4329512170.0
962474257890.0,-4067445401.0,2023-04-20,USD,4067445401.0
900246108350.0,3995598935.0,2023-05-14,USD,3995598935.0
975108639828.0,-3995584510.0,2023-05-13,USD,3995584510.0
651923124982.0,3994235189.0,2023-05-07,USD,3994235189.0
646325805643.0,-3994222984.0,2023-05-06,USD,3994222984.0
28633810241.0,3967091942.0,2023-04-14,USD,3967091942.0
956641888653.0,3932000000.0,2023-03-11,USD,3932000000.0
166182308864.0,3825127774.0,2023-03-09,USD,3825127774.0
348132577717.0,-3825113961.0,2023-03-08,USD,3825113961.0
680996732670.0,3820754868.0,2023-05-06,USD,3820754868.0
155632677041.0,-3820743194.0,2023-05-05,USD,3820743194.0
719437690983.0,3749667951.0,2023-03-19,USD,3749667951.0
731911220766.0,-3749642953.0,2023-03-17,USD,3749642953.0
211176997710.0,3656715660.0,2023-04-20,USD,3656715660.0
879219007750.0,-3656703471.0,2023-04-19,USD,3656703471.0
989058043661.0,3344294440.0,2023-04-01,USD,3344294440.0
334634235338.0,-3344283290.0,2023-03-31,USD,3344283290.0
611402759246.0,3343207014.0,2023-03-15,USD,3343207014.0
386761253789.0,-3343173581.0,2023-03-12,USD,3343173581.0
617291585971.0,3334014216.0,2023-04-06,USD,3334014216.0
148129236256.0,-3334003100.0,2023-04-05,USD,3334003100.0
295387326146.0,3219808030.0,2023-03-11,USD,3219808030.0
387794364311.0,-3219797298.0,2023-03-10,USD,3219797298.0
174800035312.0,3155164800.0,2023-03-08,USD,3155164800.0
839995590736.0,-3155133245.0,2023-03-05,USD,3155133245.0
78133932824.0,3152653532.0,2023-04-19,USD,3152653532.0
141462986131.0,-3152611498.0,2023-04-15,USD,3152611498.0
665995862686.0,-3150388180.0,2023-04-06,USD,3150388180.0
896564960832.0,3033375774.0,2023-05-19,USD,3033375774.0
592373514292.0,-3033365662.0,2023-05-18,USD,3033365662.0
158989969017.0,2956606866.0,2023-03-16,USD,2956606866.0
751963608649.0,-2956597011.0,2023-03-15,USD,2956597011.0
664366079085.0,2950085428.0,2023-03-17,USD,2950085428.0
937261598500.0,-2950075594.0,2023-03-16,USD,2950075594.0
851011140504.0,2863423548.0,2023-03-10,USD,2863423548.0
540159572051.0,-2863414003.0,2023-03-09,USD,2863414003.0
568805773267.0,2841765425.0,2023-03-12,USD,2841765425.0
562083933429.0,-2841755950.0,2023-03-11,USD,2841755950.0
645442538664.0,2730472911.0,2023-05-25,USD,2730472911.0
911647055631.0,-2730463051.0,2023-05-24,USD,2730463051.0
89356641307.0,2724100193.0,2023-05-20,USD,2724100193.0
959449448029.0,-2724091112.0,2023-05-19,USD,2724091112.0
612859261494.0,2677851415.0,2023-04-05,USD,2677851415.0
977767027559.0,-2677824637.0,2023-04-02,USD,2677824637.0
759042135486.0,2581643200.0,2023-04-02,USD,2581643200.0
614162666500.0,-2581634594.0,2023-04-01,USD,2581634594.0
90730484027.0,-2546452575.0,2023-05-27,USD,2546452575.0
91322119089.0,2510446897.0,2023-05-18,USD,2510446897.0
353458279557.0,-2510439226.0,2023-05-17,USD,2510439226.0
4430922628.0,2508366302.0,2023-05-24,USD,2508366302.0
565575188827.0,-2508341218.0,2023-05-21,USD,2508341218.0
283392872602.0,2397864661.0,2023-05-27,USD,2397864661.0
195478593008.0,-2397856002.0,2023-05-26,USD,2397856002.0
487742868161.0,2184483976.0,2023-05-21,USD,2184483976.0
351692212674.0,-2184476695.0,2023-05-20,USD,2184476695.0
897430786677.0,2109493550.0,2023-04-09,USD,2109493550.0
533458594494.0,-2109485933.0,2023-04-08,USD,2109485933.0
541633426358.0,1857361960.0,2023-05-17,USD,1857361960.0
353563587903.0,-1857343387.0,2023-05-14,USD,1857343387.0
580415452159.0,1766331926.0,2023-05-26,USD,1766331926.0
381723847542.0,-1766325547.0,2023-05-25,USD,1766325547.0
436339224362.0,-1436000000.0,2023-05-11,USD,1436000000.0
292102958185.0,1417028102.0,2023-04-08,USD,1417028102.0
67205782644.0,-1161000000.0,2023-05-25,USD,1161000000.0
74583806578.0,-924090739.0,2023-04-09,USD,924090739.0
846718433573.0,812954226.0,2023-05-25,USD,812954226.0
164944472033.0,563148961.0,2023-05-25,USD,563148961.0
348906111968.0,-523687189.7,2023-04-08,USD,523687189.7
246976570775.0,400000000.0,2023-04-05,USD,400000000.0
749757964147.0,344370016.0,2023-04-05,USD,344370016.0
81129088832.0,-326893453.7,2023-03-24,USD,326893453.7
228588856354.0,317976000.0,2023-05-05,USD,317976000.0
688987790217.0,313999096.0,2023-05-05,USD,313999096.0
749868340614.0,-303049606.0,2023-03-30,USD,303049606.0
140159649595.0,-296721895.2,2023-04-07,USD,296721895.2
182804207264.0,269119694.8,2023-03-17,USD,269119694.8
701335796276.0,-239121664.0,2023-04-15,USD,239121664.0
534521662856.0,239121664.0,2023-04-15,USD,239121664.0
720354918240.0,200000000.0,2023-04-05,USD,200000000.0
600382408434.0,169328100.0,2023-05-05,USD,169328100.0
739480895672.0,-159400000.0,2023-04-13,USD,159400000.0
760247582091.0,128092581.2,2023-05-21,USD,128092581.2
346321142518.0,-128087430.2,2023-04-13,USD,128087430.2
782198930999.0,-120000000.0,2023-04-21,USD,120000000.0
830482428395.0,118176642.7,2023-03-30,USD,118176642.7
362570234202.0,-118176642.7,2023-03-30,USD,118176642.7
129746536662.0,-113442113.7,2023-05-05,USD,113442113.7
533231835517.0,113442113.7,2023-05-05,USD,113442113.7
199618121471.0,-113442113.7,2023-05-05,USD,113442113.7
368446127718.0,113442113.7,2023-05-05,USD,113442113.7
532465406906.0,113442113.7,2023-05-05,USD,113442113.7
616229822866.0,-113442113.7,2023-05-05,USD,113442113.7
786031063403.0,-113442113.7,2023-05-07,USD,113442113.7
511438705972.0,113442113.7,2023-05-05,USD,113442113.7
403948229646.0,-98726330.0,2023-05-07,USD,98726330.0
350140850546.0,96942639.61,2023-03-26,USD,96942639.61
266138243074.0,-96942639.61,2023-03-26,USD,96942639.61
651737304304.0,-91000000.0,2023-04-13,USD,91000000.0
871997538038.0,87562000.0,2023-05-17,USD,87562000.0
619377256192.0,85996543.5,2023-04-01,USD,85996543.5
375363618637.0,-85025795.33,2023-05-31,USD,85025795.33
699777417471.0,83851851.92,2023-04-13,USD,83851851.92
309230624428.0,-83851851.92,2023-04-13,USD,83851851.92
427878385598.0,83851851.92,2023-05-27,USD,83851851.92
663584334044.0,83851851.92,2023-05-27,USD,83851851.92
899504247434.0,-83851851.92,2023-04-13,USD,83851851.92
21083448053.0,83851851.92,2023-04-13,USD,83851851.92
954562083465.0,-83851851.91,2023-04-13,USD,83851851.91
808675531019.0,83851851.91,2023-04-13,USD,83851851.91
908373152025.0,83851841.47,2023-04-14,USD,83851841.47
105139170766.0,83851841.46,2023-04-13,USD,83851841.46
316973873029.0,83851841.46,2023-04-13,USD,83851841.46
763578276501.0,-82423250.9,2023-03-19,USD,82423250.9
215397598666.0,81644884.88,2023-04-13,USD,81644884.88
952687657831.0,81644884.88,2023-04-13,USD,81644884.88
416607790104.0,79245408.17,2023-03-23,USD,79245408.17
400236066248.0,79245408.17,2023-03-23,USD,79245408.17
670379553322.0,79245408.17,2023-03-23,USD,79245408.17
330252763352.0,79245408.17,2023-03-23,USD,79245408.17
967442995942.0,79245408.17,2023-03-23,USD,79245408.17
846087901286.0,79245408.17,2023-03-23,USD,79245408.17
155981895365.0,79245408.17,2023-03-23,USD,79245408.17
547465099877.0,-79122597.28,2023-04-08,USD,79122597.28
795430847460.0,79122289.59,2023-04-07,USD,79122289.59
703451628806.0,79122289.58,2023-04-07,USD,79122289.58
787800632178.0,78615938.3,2023-05-12,USD,78615938.3
824018074384.0,74523722.3,2023-04-13,USD,74523722.3
406797110933.0,74523722.3,2023-04-13,USD,74523722.3
116550473187.0,-74523722.3,2023-04-13,USD,74523722.3
193744332044.0,-74523722.3,2023-04-13,USD,74523722.3
34981401498.0,-74523722.3,2023-04-13,USD,74523722.3
97407468660.0,74523722.3,2023-04-13,USD,74523722.3
221167994876.0,74523722.3,2023-04-13,USD,74523722.3
46953731748.0,74523712.96,2023-04-13,USD,74523712.96
266544903900.0,74523712.96,2023-04-13,USD,74523712.96
457976879344.0,74523712.96,2023-04-13,USD,74523712.96
25142152551.0,-73668936.73,2023-04-08,USD,73668936.73
182047003195.0,71732101.54,2023-04-13,USD,71732101.54
634706553669.0,70480416.46,2023-04-28,USD,70480416.46
596951782614.0,70480416.46,2023-04-28,USD,70480416.46
597417091022.0,70480416.46,2023-04-28,USD,70480416.46
178070653685.0,70480416.46,2023-04-28,USD,70480416.46
464432259884.0,69969759.28,2023-05-11,USD,69969759.28
592140997160.0,69654243.1,2023-04-13,USD,69654243.1
663137293970.0,69654243.1,2023-04-13,USD,69654243.1
603928411892.0,69654243.09,2023-04-13,USD,69654243.09
196653214203.0,69112822.26,2023-04-26,USD,69112822.26
902320318313.0,69112822.26,2023-04-26,USD,69112822.26
568939419108.0,69112822.26,2023-04-26,USD,69112822.26
202278964099.0,69112822.26,2023-05-24,USD,69112822.26
192617332991.0,69112822.26,2023-04-26,USD,69112822.26
805834555674.0,69112822.26,2023-04-26,USD,69112822.26
377754156685.0,69112822.26,2023-04-26,USD,69112822.26
292789125588.0,69112822.26,2023-04-26,USD,69112822.26
303043549699.0,69112822.26,2023-05-24,USD,69112822.26
17121374043.0,67077662.85,2023-03-19,USD,67077662.85
477681057509.0,64578957.04,2023-04-07,USD,64578957.04
497771416541.0,63298200.0,2023-04-13,USD,63298200.0
23504111602.0,62657406.63,2023-04-13,USD,62657406.63
430837097366.0,62508662.19,2023-04-29,USD,62508662.19
100152985356.0,61771975.63,2023-04-13,USD,61771975.63
55398630512.0,60365255.06,2023-04-08,USD,60365255.06
301712360760.0,60365255.06,2023-04-08,USD,60365255.06
286245792284.0,60365255.05,2023-04-08,USD,60365255.05
37556676799.0,60365247.49,2023-04-09,USD,60365247.49
522056088714.0,-60365247.49,2023-04-08,USD,60365247.49
68562554479.0,-60365247.49,2023-04-09,USD,60365247.49
518716145766.0,-60365247.48,2023-04-08,USD,60365247.48
663970832767.0,-60365247.48,2023-04-09,USD,60365247.48
584950756348.0,60365247.48,2023-04-09,USD,60365247.48
399381176997.0,60365247.48,2023-04-09,USD,60365247.48
131618143945.0,-60365247.48,2023-04-09,USD,60365247.48
469217341105.0,-60365247.48,2023-04-08,USD,60365247.48
346916642354.0,60365020.31,2023-04-07,USD,60365020.31
815483774295.0,-60365020.31,2023-04-07,USD,60365020.31
962734387976.0,-60365020.31,2023-04-07,USD,60365020.31
841577578551.0,-60365020.31,2023-04-07,USD,60365020.31
655511386779.0,60365020.31,2023-04-07,USD,60365020.31
148627079608.0,60365012.73,2023-04-07,USD,60365012.73
212769369291.0,-60365012.73,2023-04-09,USD,60365012.73
313784121885.0,-60365012.73,2023-04-09,USD,60365012.73
150431291867.0,60365012.73,2023-04-09,USD,60365012.73
225353362473.0,60365012.73,2023-04-09,USD,60365012.73
576113980147.0,60365012.73,2023-04-07,USD,60365012.73
455700463595.0,-60365012.72,2023-04-09,USD,60365012.72
981313735513.0,60365012.72,2023-04-07,USD,60365012.72
403954096825.0,60365012.72,2023-04-09,USD,60365012.72
157962141021.0,60196277.57,2023-04-13,USD,60196277.57
549830571115.0,60053829.34,2023-03-11,USD,60053829.34
25394545371.0,59920163.11,2023-04-07,USD,59920163.11
888067095648.0,59920163.11,2023-04-07,USD,59920163.11
195337566529.0,-59445282.58,2023-05-18,USD,59445282.58
300406705938.0,-59445282.58,2023-05-18,USD,59445282.58
198353734692.0,59445282.58,2023-05-18,USD,59445282.58
281040640053.0,-59445282.58,2023-05-18,USD,59445282.58
825799240355.0,59445282.58,2023-05-18,USD,59445282.58
744522567541.0,59445282.58,2023-05-18,USD,59445282.58
441631085445.0,-59440566.65,2023-04-22,USD,59440566.65
208120664530.0,-59440566.65,2023-04-22,USD,59440566.65
262263074197.0,-59440566.65,2023-04-22,USD,59440566.65
167424378032.0,-59440566.65,2023-04-22,USD,59440566.65
979275956283.0,-59440566.65,2023-04-22,USD,59440566.65
348322853402.0,-59440566.65,2023-04-22,USD,59440566.65
988301804183.0,-59440566.65,2023-04-22,USD,59440566.65
966356693493.0,-59440566.65,2023-04-22,USD,59440566.65
136153605196.0,-59440566.65,2023-04-22,USD,59440566.65
911913189846.0,-59390349.54,2023-04-28,USD,59390349.54
228744351318.0,59390349.54,2023-04-28,USD,59390349.54
463260522920.0,-59390349.54,2023-04-28,USD,59390349.54
777905424589.0,59390349.54,2023-04-28,USD,59390349.54
289812529183.0,59373163.87,2023-03-29,USD,59373163.87
491536193228.0,59373163.87,2023-03-29,USD,59373163.87
464957700512.0,59048058.89,2023-04-13,USD,59048058.89
614509171733.0,-59048058.89,2023-04-13,USD,59048058.89
632721391727.0,58760526.57,2023-05-05,USD,58760526.57
454397693043.0,58757728.84,2023-05-06,USD,58757728.84
126507355816.0,58757728.84,2023-05-06,USD,58757728.84
907698838569.0,58757728.84,2023-05-06,USD,58757728.84
331935995501.0,58757728.84,2023-05-06,USD,58757728.84
804894478532.0,58753099.82,2023-05-06,USD,58753099.82
381335643164.0,58662749.59,2023-03-23,USD,58662749.59
677447910717.0,58658822.85,2023-04-13,USD,58658822.85
749872869832.0,58658822.85,2023-04-13,USD,58658822.85
541795284805.0,58658822.85,2023-04-13,USD,58658822.85
340964445488.0,58658822.85,2023-04-13,USD,58658822.85
464995128684.0,58115252.15,2023-03-19,USD,58115252.15
947661682406.0,58115252.12,2023-03-19,USD,58115252.12
992921774884.0,58115252.12,2023-03-19,USD,58115252.12
271185857851.0,58115252.12,2023-03-19,USD,58115252.12
805259527595.0,58115252.12,2023-03-19,USD,58115252.12
54517253634.0,58112058.58,2023-03-17,USD,58112058.58
272832818110.0,58112058.57,2023-03-17,USD,58112058.57
585524454592.0,58112058.57,2023-03-17,USD,58112058.57
280938529429.0,58112058.57,2023-03-17,USD,58112058.57
852172127866.0,58092605.82,2023-04-20,USD,58092605.82
488696320609.0,58090000.0,2023-03-22,USD,58090000.0
159922717968.0,58090000.0,2023-03-22,USD,58090000.0
823129525876.0,58090000.0,2023-03-22,USD,58090000.0
58584682018.0,58090000.0,2023-03-22,USD,58090000.0
429213912661.0,58090000.0,2023-03-22,USD,58090000.0
664888403933.0,58090000.0,2023-03-22,USD,58090000.0
235933578626.0,-58068684.43,2023-05-24,USD,58068684.43
261023899431.0,58068684.43,2023-05-24,USD,58068684.43
756775553646.0,-58045629.26,2023-05-18,USD,58045629.26
546461834036.0,58045629.26,2023-05-18,USD,58045629.26
833785678315.0,-58045629.26,2023-05-18,USD,58045629.26
674615280643.0,58045629.26,2023-05-18,USD,58045629.26
195087065483.0,-58045629.26,2023-05-18,USD,58045629.26
307391900013.0,-58045629.26,2023-05-18,USD,58045629.26
785690506321.0,58045629.26,2023-05-18,USD,58045629.26
774257821741.0,58045629.26,2023-05-18,USD,58045629.26
167011478596.0,-58045629.26,2023-05-18,USD,58045629.26
106468718401.0,58045629.26,2023-05-18,USD,58045629.26
378261002773.0,-58041949.95,2023-05-24,USD,58041949.95
10863213795.0,58041949.94,2023-05-24,USD,58041949.94
811268922884.0,58041949.94,2023-05-24,USD,58041949.94
508574345860.0,58041949.94,2023-05-24,USD,58041949.94
765436242321.0,58041949.94,2023-05-24,USD,58041949.94
863693528967.0,58041949.94,2023-05-24,USD,58041949.94
300331883499.0,-58041949.94,2023-05-24,USD,58041949.94
522550408046.0,-58041949.94,2023-05-24,USD,58041949.94
193195871502.0,-58041949.94,2023-05-24,USD,58041949.94
640950323702.0,58041949.94,2023-05-24,USD,58041949.94
563235186749.0,58041949.94,2023-05-24,USD,58041949.94
844630696365.0,-58041949.94,2023-05-24,USD,58041949.94
990933623106.0,58041949.94,2023-05-24,USD,58041949.94
81531836790.0,58041949.94,2023-05-24,USD,58041949.94
621984398897.0,58041949.94,2023-05-24,USD,58041949.94
912352364405.0,58041949.94,2023-05-24,USD,58041949.94
207980717280.0,58041949.94,2023-05-24,USD,58041949.94
945154337548.0,58040627.6,2023-05-26,USD,58040627.6
200738768276.0,58040627.6,2023-05-26,USD,58040627.6
407498315881.0,58040627.6,2023-05-26,USD,58040627.6
686464942827.0,58040627.6,2023-05-26,USD,58040627.6
164760795540.0,58040627.6,2023-05-26,USD,58040627.6
325618175842.0,58040627.6,2023-05-26,USD,58040627.6
232996549778.0,58040627.6,2023-05-26,USD,58040627.6
934491991609.0,-58039417.54,2023-05-21,USD,58039417.54
523956421059.0,-58039417.54,2023-05-21,USD,58039417.54
178137552274.0,57296246.61,2023-05-18,USD,57296246.61
938965935982.0,-57296246.61,2023-05-18,USD,57296246.61
627225326618.0,-57257021.7,2023-04-13,USD,57257021.7
213700793374.0,-57257021.7,2023-04-13,USD,57257021.7
252298379669.0,57257021.7,2023-04-13,USD,57257021.7
374966896118.0,57257021.7,2023-04-13,USD,57257021.7
138208685787.0,-57257021.7,2023-04-13,USD,57257021.7
442837790070.0,57257014.59,2023-04-13,USD,57257014.59
99698122385.0,57257014.59,2023-04-13,USD,57257014.59
766162339740.0,57257014.59,2023-04-13,USD,57257014.59
799290951689.0,56613449.28,2023-05-21,USD,56613449.28
987292115611.0,56596354.89,2023-05-11,USD,56596354.89
433302344362.0,56531012.16,2023-03-05,USD,56531012.16
414561531760.0,-56508135.79,2023-05-24,USD,56508135.79
700366241879.0,56508135.79,2023-05-24,USD,56508135.79
487082054134.0,-56489511.2,2023-04-29,USD,56489511.2
615168448123.0,56489511.2,2023-04-29,USD,56489511.2
485130173092.0,-56489511.2,2023-04-29,USD,56489511.2
824238771991.0,56489511.2,2023-04-29,USD,56489511.2
600905582050.0,56488993.41,2023-04-30,USD,56488993.41
222380500346.0,56488993.41,2023-04-30,USD,56488993.41
467373454120.0,-56488993.41,2023-04-30,USD,56488993.41
457978822044.0,-56488993.41,2023-04-30,USD,56488993.41
522352603329.0,56450970.35,2023-04-28,USD,56450970.35
273771268580.0,56450970.35,2023-04-28,USD,56450970.35
604207087915.0,56450970.35,2023-04-28,USD,56450970.35
162923621103.0,55608708.51,2023-05-06,USD,55608708.51
687721353082.0,-55608708.5,2023-05-06,USD,55608708.5
993713431099.0,55556383.04,2023-04-22,USD,55556383.04
850730782084.0,-55556383.04,2023-04-22,USD,55556383.04
176443057138.0,55546696.89,2023-04-28,USD,55546696.89
694647724854.0,55545477.86,2023-05-06,USD,55545477.86
708862785523.0,55538535.54,2023-03-22,USD,55538535.54
398181213155.0,-55522959.86,2023-03-22,USD,55522959.86
26211517978.0,-55522959.86,2023-03-22,USD,55522959.86
42728639910.0,-55522959.86,2023-03-22,USD,55522959.86
946083435719.0,-55522959.86,2023-03-22,USD,55522959.86
559453477560.0,-55522959.86,2023-03-22,USD,55522959.86
751173125515.0,-55522959.86,2023-03-22,USD,55522959.86
560893860530.0,-55522959.86,2023-03-22,USD,55522959.86
338480162706.0,-55190096.53,2023-05-04,USD,55190096.53
17773058722.0,55190096.53,2023-05-04,USD,55190096.53
548830795222.0,55184010.65,2023-05-19,USD,55184010.65
368715531496.0,55184010.65,2023-03-23,USD,55184010.65
205694169674.0,55184010.64,2023-03-23,USD,55184010.64
327481874709.0,55184010.64,2023-03-23,USD,55184010.64
157057809550.0,55173738.29,2023-04-05,USD,55173738.29
785937716874.0,-55173738.29,2023-04-05,USD,55173738.29
946880989483.0,55173738.27,2023-04-05,USD,55173738.27
413914321796.0,-55173738.27,2023-04-05,USD,55173738.27
509597612319.0,-55173738.27,2023-04-05,USD,55173738.27
235368318765.0,55173738.27,2023-04-05,USD,55173738.27
404016726919.0,-55173738.27,2023-04-05,USD,55173738.27
402740765107.0,55173738.27,2023-04-05,USD,55173738.27
283810041816.0,55172414.32,2023-03-31,USD,55172414.32
474092932540.0,55169695.54,2023-04-01,USD,55169695.54
158020231926.0,-55169695.54,2023-04-01,USD,55169695.54
161915741670.0,-55169695.54,2023-04-01,USD,55169695.54
726561855509.0,-55169695.54,2023-04-01,USD,55169695.54
101574347095.0,55169695.54,2023-04-01,USD,55169695.54
559290430771.0,-55169695.54,2023-04-01,USD,55169695.54
578237659131.0,55169695.54,2023-04-01,USD,55169695.54
102077333106.0,-55169695.54,2023-04-01,USD,55169695.54
163542876431.0,-55169695.54,2023-04-01,USD,55169695.54
32483498055.0,55169695.54,2023-04-01,USD,55169695.54
308784079556.0,55169695.54,2023-04-01,USD,55169695.54
741386335446.0,55169695.54,2023-04-01,USD,55169695.54
813626880001.0,-55169695.54,2023-04-01,USD,55169695.54
631687983901.0,-55169695.54,2023-04-01,USD,55169695.54
709421725528.0,-55169695.54,2023-04-01,USD,55169695.54
322437499624.0,55169695.54,2023-04-01,USD,55169695.54
305968226555.0,55169695.54,2023-04-01,USD,55169695.54
174386303304.0,55169695.54,2023-04-01,USD,55169695.54
628991487600.0,54913250.07,2023-03-24,USD,54913250.07
297301800689.0,54913250.07,2023-03-24,USD,54913250.07
564699794432.0,-54913250.07,2023-03-24,USD,54913250.07
461787221953.0,-54913250.07,2023-03-24,USD,54913250.07
346058476507.0,54873965.13,2023-05-24,USD,54873965.13
386977688820.0,54524055.45,2023-04-08,USD,54524055.45
12152309286.0,54524055.45,2023-04-08,USD,54524055.45
417548093522.0,54524055.45,2023-04-08,USD,54524055.45
894092471814.0,54524055.45,2023-04-08,USD,54524055.45
965001363241.0,54524055.45,2023-04-08,USD,54524055.45
532164601285.0,54524055.45,2023-04-08,USD,54524055.45
250062591175.0,54524055.45,2023-04-08,USD,54524055.45
362196227308.0,-54524048.61,2023-04-09,USD,54524048.61
582264513608.0,-54524048.61,2023-04-08,USD,54524048.61
44014962480.0,54524048.61,2023-04-09,USD,54524048.61
612737477859.0,-54524048.6,2023-04-08,USD,54524048.6
762553725401.0,54524048.6,2023-04-09,USD,54524048.6
67899467894.0,54524048.6,2023-04-09,USD,54524048.6
874796074531.0,-54524048.6,2023-04-09,USD,54524048.6
100760892506.0,-54524048.6,2023-04-08,USD,54524048.6
349686526089.0,-54524048.6,2023-04-09,USD,54524048.6
953186889230.0,-54524048.6,2023-04-08,USD,54524048.6
377828604177.0,-54524048.6,2023-04-08,USD,54524048.6
734712369714.0,54524048.6,2023-04-09,USD,54524048.6
624461555815.0,-54524048.6,2023-04-08,USD,54524048.6
571694211302.0,-54524048.6,2023-04-08,USD,54524048.6
585366152889.0,54524048.6,2023-04-09,USD,54524048.6
159902297289.0,-54524048.6,2023-04-08,USD,54524048.6
568876705433.0,54524048.6,2023-04-09,USD,54524048.6
794548694437.0,-54524048.6,2023-04-09,USD,54524048.6
538679130356.0,-54524048.6,2023-04-09,USD,54524048.6
251585194293.0,-54524048.6,2023-04-09,USD,54524048.6
19067638077.0,54524048.6,2023-04-09,USD,54524048.6
786166047346.0,54524048.6,2023-04-09,USD,54524048.6
556211302055.0,-54524048.6,2023-04-09,USD,54524048.6
374080793847.0,-54524048.6,2023-04-08,USD,54524048.6
493370498211.0,54524048.6,2023-04-09,USD,54524048.6
129298675917.0,-54523843.41,2023-04-07,USD,54523843.41
575659689758.0,54523843.41,2023-04-07,USD,54523843.41
213775818907.0,54523843.41,2023-04-07,USD,54523843.41
377908822018.0,54523843.41,2023-04-07,USD,54523843.41
403665534324.0,-54523843.41,2023-04-07,USD,54523843.41
175797030570.0,54523843.41,2023-04-07,USD,54523843.41
176107795756.0,-54523843.41,2023-04-07,USD,54523843.41
437516888952.0,54523843.41,2023-04-07,USD,54523843.41
368426368681.0,-54523843.41,2023-04-07,USD,54523843.41
894781878307.0,54523843.41,2023-04-07,USD,54523843.41
492679228346.0,-54523843.41,2023-04-07,USD,54523843.41
486648295971.0,54523843.41,2023-04-07,USD,54523843.41
959732572352.0,-54523843.41,2023-04-07,USD,54523843.41
499009255408.0,-54523843.38,2023-04-07,USD,54523843.38
371202075425.0,-54523843.38,2023-04-07,USD,54523843.38
608064287442.0,54523843.38,2023-04-07,USD,54523843.38
294165142802.0,54523843.38,2023-04-07,USD,54523843.38
298551265519.0,54523836.59,2023-04-07,USD,54523836.59
693682117347.0,54523836.59,2023-04-09,USD,54523836.59
829276076090.0,54523836.59,2023-04-07,USD,54523836.59
647333268453.0,-54523836.59,2023-04-09,USD,54523836.59
797928931536.0,-54523836.59,2023-04-09,USD,54523836.59
936652347338.0,54523836.59,2023-04-07,USD,54523836.59
691496505199.0,54523836.59,2023-04-09,USD,54523836.59
162190720106.0,54523836.59,2023-04-07,USD,54523836.59
19664758560.0,54523836.59,2023-04-09,USD,54523836.59
467262950594.0,54523836.59,2023-04-07,USD,54523836.59
860604286331.0,54523836.59,2023-04-09,USD,54523836.59
181304899376.0,54523836.59,2023-04-09,USD,54523836.59
952465321606.0,-54523836.59,2023-04-09,USD,54523836.59
597990842855.0,-54523836.59,2023-04-09,USD,54523836.59
829044559571.0,-54523836.59,2023-04-09,USD,54523836.59
84896304064.0,-54523836.59,2023-04-09,USD,54523836.59
191749060649.0,54523836.59,2023-04-09,USD,54523836.59
726046365730.0,54523836.59,2023-04-07,USD,54523836.59
245539935138.0,54523836.59,2023-04-09,USD,54523836.59
171206395997.0,-54523836.59,2023-04-09,USD,54523836.59
422388712036.0,54523836.59,2023-04-07,USD,54523836.59
140903109858.0,-54523836.59,2023-04-09,USD,54523836.59
1304701318.0,54523836.59,2023-04-07,USD,54523836.59
403719771297.0,54523836.58,2023-04-07,USD,54523836.58
951684783939.0,-54523836.58,2023-04-09,USD,54523836.58
69380413665.0,54472259.85,2023-04-13,USD,54472259.85
707834666533.0,54469407.22,2023-05-24,USD,54469407.22
756832571004.0,54469407.21,2023-05-24,USD,54469407.21
520743960224.0,54469407.21,2023-05-24,USD,54469407.21
357439943545.0,-54431000.0,2023-04-06,USD,54431000.0
14683008059.0,54431000.0,2023-04-06,USD,54431000.0
662301804961.0,54431000.0,2023-04-06,USD,54431000.0
876267438770.0,-54431000.0,2023-04-06,USD,54431000.0
145715619184.0,54363090.1,2023-05-11,USD,54363090.1
517359238089.0,54270918.63,2023-05-19,USD,54270918.63
118673525504.0,54248000.0,2023-04-06,USD,54248000.0
287965038389.0,54248000.0,2023-04-06,USD,54248000.0
111707818333.0,54248000.0,2023-04-06,USD,54248000.0
472205542645.0,54248000.0,2023-04-06,USD,54248000.0
706519458229.0,54248000.0,2023-04-06,USD,54248000.0
945948264486.0,54248000.0,2023-04-06,USD,54248000.0
765175087446.0,54248000.0,2023-04-06,USD,54248000.0
558274984641.0,54248000.0,2023-04-06,USD,54248000.0
551719556740.0,54248000.0,2023-04-06,USD,54248000.0
909896259024.0,54248000.0,2023-04-06,USD,54248000.0
960370204220.0,54248000.0,2023-04-06,USD,54248000.0
617160948709.0,54248000.0,2023-04-06,USD,54248000.0
862174337376.0,-54229747.28,2023-03-22,USD,54229747.28
353387487166.0,-54229747.28,2023-03-22,USD,54229747.28
581287818789.0,-54229747.28,2023-03-22,USD,54229747.28
427063995404.0,-54229747.28,2023-03-22,USD,54229747.28
391306974927.0,54208837.53,2023-03-25,USD,54208837.53
363882638410.0,54208837.53,2023-03-25,USD,54208837.53
243256378663.0,54208837.53,2023-03-25,USD,54208837.53
99159708480.0,53705144.92,2023-05-17,USD,53705144.92
616606701075.0,53673685.69,2023-05-24,USD,53673685.69
985855710292.0,53673685.69,2023-05-24,USD,53673685.69
678920726506.0,53673685.69,2023-05-24,USD,53673685.69
973747987061.0,53645830.95,2023-03-22,USD,53645830.95
858912728796.0,-53645830.95,2023-03-22,USD,53645830.95
953706707392.0,-53643776.8,2023-03-22,USD,53643776.8
49503398780.0,53638993.16,2023-03-17,USD,53638993.16
132709427485.0,53178043.22,2023-05-19,USD,53178043.22
686543571155.0,53119353.6,2023-05-21,USD,53119353.6
122670617703.0,53119353.6,2023-05-21,USD,53119353.6
488683255476.0,53119353.6,2023-05-21,USD,53119353.6
735753646992.0,53119353.58,2023-05-21,USD,53119353.58
525425968122.0,51498385.94,2023-04-26,USD,51498385.94
139934401473.0,50635495.5,2023-05-13,USD,50635495.5
432310172481.0,50604692.14,2023-04-30,USD,50604692.14
105151760068.0,50604692.14,2023-04-30,USD,50604692.14
404857321014.0,50604286.88,2023-04-15,USD,50604286.88
2999587032.0,50604286.88,2023-04-15,USD,50604286.88
395353263736.0,50604286.88,2023-04-15,USD,50604286.88
592741197420.0,50604286.88,2023-04-15,USD,50604286.88
110578381492.0,50604286.88,2023-04-15,USD,50604286.88
432409242705.0,50604286.88,2023-04-15,USD,50604286.88
259538770772.0,50602845.31,2023-04-06,USD,50602845.31
929396536133.0,50602845.31,2023-04-06,USD,50602845.31
753466877846.0,50602845.31,2023-04-06,USD,50602845.31
303630069127.0,50602725.13,2023-03-08,USD,50602725.13
160502413243.0,50601024.71,2023-04-02,USD,50601024.71
968263205998.0,-50597957.91,2023-04-26,USD,50597957.91
483415018456.0,-50591477.27,2023-03-08,USD,50591477.27
72501425492.0,-50588555.85,2023-03-23,USD,50588555.85
957339717723.0,50588555.8,2023-03-23,USD,50588555.8
670834131149.0,-50580066.57,2023-04-22,USD,50580066.57
105401990274.0,-50580066.57,2023-04-22,USD,50580066.57
526568099459.0,-50580066.57,2023-04-22,USD,50580066.57
141816218638.0,-50580066.57,2023-04-22,USD,50580066.57
999938365770.0,-50580066.57,2023-04-22,USD,50580066.57
842539101737.0,-50580066.57,2023-04-22,USD,50580066.57
564903984432.0,-50580066.57,2023-04-22,USD,50580066.57
669014161194.0,-50580066.57,2023-04-22,USD,50580066.57
936265550299.0,-50580066.57,2023-04-22,USD,50580066.57
433898348355.0,-50580066.57,2023-04-22,USD,50580066.57
924319425645.0,-50580066.57,2023-04-22,USD,50580066.57
107092720258.0,50580060.25,2023-04-22,USD,50580060.25
309913903618.0,50580060.25,2023-04-22,USD,50580060.25
14344778901.0,50580060.25,2023-04-22,USD,50580060.25
539451229860.0,50580060.25,2023-04-22,USD,50580060.25
416100607572.0,50580060.25,2023-04-22,USD,50580060.25
746403681732.0,50580060.25,2023-04-22,USD,50580060.25
821534396259.0,50580060.25,2023-04-22,USD,50580060.25
549249450801.0,50580060.25,2023-04-22,USD,50580060.25
171249881042.0,50580060.25,2023-04-22,USD,50580060.25
366429993838.0,50580060.25,2023-04-22,USD,50580060.25
148122099975.0,50580060.25,2023-04-22,USD,50580060.25
308606257827.0,50580060.25,2023-04-22,USD,50580060.25
44439184042.0,50580060.25,2023-04-22,USD,50580060.25
849712721620.0,50580060.25,2023-04-22,USD,50580060.25
950495296358.0,50580060.25,2023-04-22,USD,50580060.25
768433275845.0,50580060.25,2023-04-22,USD,50580060.25
653289279161.0,50580060.25,2023-04-22,USD,50580060.25
21507199128.0,50580060.25,2023-04-22,USD,50580060.25
895620929955.0,50580060.25,2023-04-22,USD,50580060.25
174166263642.0,50580060.25,2023-04-22,USD,50580060.25
416797780004.0,50580060.25,2023-04-22,USD,50580060.25
269964124229.0,50580060.25,2023-04-22,USD,50580060.25
47982509702.0,-50580000.0,2023-04-22,USD,50580000.0
372697195798.0,-50580000.0,2023-04-22,USD,50580000.0
863075681848.0,-50580000.0,2023-04-22,USD,50580000.0
12038469244.0,-50580000.0,2023-04-22,USD,50580000.0
243475402528.0,-50580000.0,2023-04-22,USD,50580000.0
4763480636.0,-50580000.0,2023-04-22,USD,50580000.0
27095091324.0,-50580000.0,2023-04-22,USD,50580000.0
770144712859.0,-50580000.0,2023-04-22,USD,50580000.0
586214397554.0,-50580000.0,2023-04-22,USD,50580000.0
786546029781.0,-50580000.0,2023-04-22,USD,50580000.0
996892826654.0,-50580000.0,2023-04-22,USD,50580000.0
863108931182.0,-50580000.0,2023-04-22,USD,50580000.0
600726597094.0,-50580000.0,2023-04-22,USD,50580000.0
632119278036.0,-50580000.0,2023-04-22,USD,50580000.0
660700118861.0,-50580000.0,2023-04-22,USD,50580000.0
953638943648.0,-50580000.0,2023-04-22,USD,50580000.0
782259052157.0,-50580000.0,2023-04-22,USD,50580000.0
841211603362.0,-50580000.0,2023-04-22,USD,50580000.0
367790772073.0,-50580000.0,2023-04-22,USD,50580000.0
538509175891.0,-50580000.0,2023-04-22,USD,50580000.0
383229150726.0,-50580000.0,2023-04-22,USD,50580000.0
357463985802.0,-50580000.0,2023-04-22,USD,50580000.0
809322765009.0,-50580000.0,2023-04-22,USD,50580000.0
455541674011.0,-50580000.0,2023-04-22,USD,50580000.0
534263862545.0,50578942.59,2023-04-26,USD,50578942.59
385943217794.0,50578942.59,2023-04-26,USD,50578942.59
916711469719.0,50578942.59,2023-04-26,USD,50578942.59
525029785804.0,50578942.59,2023-04-26,USD,50578942.59
365358858296.0,50578942.59,2023-04-26,USD,50578942.59
850963594764.0,50578942.59,2023-04-26,USD,50578942.59
733010002613.0,50578942.59,2023-04-26,USD,50578942.59
34711518144.0,50578942.59,2023-04-26,USD,50578942.59
815285846653.0,50578942.59,2023-04-26,USD,50578942.59
667786188014.0,50578942.59,2023-04-26,USD,50578942.59
352292135270.0,50578942.59,2023-04-26,USD,50578942.59
159209792144.0,50578942.56,2023-04-26,USD,50578942.56
95230085980.0,50578942.56,2023-04-26,USD,50578942.56
880763170446.0,50578942.56,2023-04-26,USD,50578942.56
195336070085.0,50578942.56,2023-04-26,USD,50578942.56
233494069731.0,50578942.56,2023-04-26,USD,50578942.56
814421861370.0,50578942.56,2023-04-26,USD,50578942.56
206307692117.0,50578942.56,2023-04-26,USD,50578942.56
145188500214.0,50578942.56,2023-04-26,USD,50578942.56
660678519497.0,-50578936.26,2023-04-26,USD,50578936.26
274957735755.0,50578936.26,2023-04-26,USD,50578936.26
464265967038.0,50578936.26,2023-04-26,USD,50578936.26
488996092906.0,-50578936.26,2023-04-26,USD,50578936.26
100618156257.0,50578936.26,2023-04-26,USD,50578936.26
35513856604.0,-50578936.26,2023-04-26,USD,50578936.26
806163269310.0,-50578936.26,2023-04-26,USD,50578936.26
892359384096.0,50578936.26,2023-04-26,USD,50578936.26
292866851581.0,50578936.26,2023-04-26,USD,50578936.26
105547699518.0,50578936.26,2023-04-26,USD,50578936.26
353000517715.0,50578936.26,2023-04-26,USD,50578936.26
966143947352.0,50578936.26,2023-04-26,USD,50578936.26
573495144966.0,50578936.26,2023-04-26,USD,50578936.26
268645749612.0,-50578936.26,2023-04-26,USD,50578936.26
359687895049.0,-50578936.26,2023-04-26,USD,50578936.26
181147647228.0,50578936.26,2023-04-26,USD,50578936.26
363747637403.0,-50578936.26,2023-04-26,USD,50578936.26
726778793876.0,-50578936.26,2023-04-26,USD,50578936.26
234716831109.0,50578936.26,2023-04-26,USD,50578936.26
645827509184.0,-50578936.26,2023-04-26,USD,50578936.26
89806027211.0,-50578936.26,2023-04-26,USD,50578936.26
551354070086.0,-50578936.26,2023-04-26,USD,50578936.26
783810044604.0,50578936.26,2023-04-26,USD,50578936.26
337639804104.0,-50578936.26,2023-04-26,USD,50578936.26
612510817631.0,50578936.26,2023-04-26,USD,50578936.26
856545438351.0,-50578936.26,2023-04-26,USD,50578936.26
689694648495.0,50578936.26,2023-04-26,USD,50578936.26
785900832106.0,-50578936.26,2023-04-26,USD,50578936.26
386798231392.0,50578936.26,2023-04-26,USD,50578936.26
245820314519.0,50578936.26,2023-04-26,USD,50578936.26
98568147758.0,-50578936.26,2023-04-26,USD,50578936.26
264269600417.0,-50578936.26,2023-04-26,USD,50578936.26
811056422496.0,-50578936.26,2023-04-26,USD,50578936.26
88672888065.0,50578936.26,2023-04-26,USD,50578936.26
85772131193.0,50578936.26,2023-04-26,USD,50578936.26
464108537878.0,50578936.26,2023-04-26,USD,50578936.26
409634181344.0,-50578936.26,2023-04-26,USD,50578936.26
624818620729.0,50578936.26,2023-04-26,USD,50578936.26
982878690735.0,-50578936.26,2023-04-26,USD,50578936.26
810465424411.0,50578936.26,2023-04-26,USD,50578936.26
836152051416.0,50578936.26,2023-04-26,USD,50578936.26
370457605914.0,-50578936.26,2023-04-26,USD,50578936.26
997847839787.0,-50578936.26,2023-04-26,USD,50578936.26
26467159620.0,-50578936.26,2023-04-26,USD,50578936.26
247788353294.0,50571010.58,2023-05-24,USD,50571010.58
290959195521.0,50568511.58,2023-03-08,USD,50568511.58
488786916183.0,50560197.4,2023-04-30,USD,50560197.4
850747998940.0,-50560197.4,2023-04-30,USD,50560197.4
401193710689.0,50541901.97,2023-03-09,USD,50541901.97
503819416209.0,50510480.0,2023-04-22,USD,50510480.0
205655371658.0,50510480.0,2023-04-22,USD,50510480.0
862769487648.0,50510480.0,2023-04-22,USD,50510480.0
721670529613.0,50510480.0,2023-04-22,USD,50510480.0
380169240850.0,50510480.0,2023-04-22,USD,50510480.0
723106378872.0,50510480.0,2023-04-22,USD,50510480.0
403291279453.0,50510480.0,2023-04-22,USD,50510480.0
916507172461.0,50510480.0,2023-04-22,USD,50510480.0
447275313003.0,50371122.24,2023-05-25,USD,50371122.24
523117482352.0,50308488.49,2023-05-17,USD,50308488.49
492684552574.0,50308236.95,2023-05-26,USD,50308236.95
768312020791.0,50308223.0,2023-05-28,USD,50308223.0
858204801302.0,50308209.0,2023-05-27,USD,50308209.0
301144066099.0,50308181.03,2023-05-20,USD,50308181.03
411112171977.0,50308181.03,2023-05-19,USD,50308181.03
216404886242.0,-50000000.0,2023-04-08,USD,50000000.0
969320315884.0,-50000000.0,2023-03-23,USD,50000000.0
134545843537.0,49677938.64,2023-04-26,USD,49677938.64
919160557409.0,49677938.63,2023-04-26,USD,49677938.63
420582521518.0,49677938.63,2023-04-26,USD,49677938.63
445261765780.0,49099158.46,2023-05-12,USD,49099158.46
928810369514.0,-49058017.61,2023-03-22,USD,49058017.61
170667710681.0,49058017.61,2023-03-22,USD,49058017.61
427984975169.0,48966838.38,2023-04-20,USD,48966838.38
538098255294.0,48966838.38,2023-04-20,USD,48966838.38
433868661437.0,-48966838.38,2023-04-20,USD,48966838.38
447717420172.0,-48966838.38,2023-04-20,USD,48966838.38
579539335086.0,-48966838.38,2023-04-20,USD,48966838.38
302732270416.0,48966838.38,2023-04-20,USD,48966838.38
847945121942.0,48966838.38,2023-04-20,USD,48966838.38
578251608529.0,-48966838.38,2023-04-20,USD,48966838.38
338302038093.0,-48966838.38,2023-04-20,USD,48966838.38
865071721627.0,-48966800.0,2023-04-20,USD,48966800.0
503296062782.0,-48966800.0,2023-04-20,USD,48966800.0
59736862913.0,-48966800.0,2023-04-20,USD,48966800.0
639705180100.0,-48966800.0,2023-04-20,USD,48966800.0
182517636902.0,-48966800.0,2023-04-20,USD,48966800.0
426176084082.0,-48966800.0,2023-04-20,USD,48966800.0
566600173795.0,-48966800.0,2023-04-20,USD,48966800.0
254762355817.0,-48966800.0,2023-04-20,USD,48966800.0
814912127080.0,-48966800.0,2023-04-20,USD,48966800.0
245210643048.0,-48966800.0,2023-04-20,USD,48966800.0
98153998318.0,-48966800.0,2023-04-20,USD,48966800.0
495196969216.0,-48966800.0,2023-04-20,USD,48966800.0
791454466211.0,-48966800.0,2023-04-20,USD,48966800.0
328538949641.0,-48966800.0,2023-04-20,USD,48966800.0
382920872548.0,-48966800.0,2023-04-20,USD,48966800.0
777649170522.0,48966383.4,2023-04-21,USD,48966383.4
771518141312.0,48966383.4,2023-04-21,USD,48966383.4
981271580650.0,-48966383.4,2023-04-21,USD,48966383.4
992342292353.0,48966383.4,2023-04-21,USD,48966383.4
277478355548.0,-48966383.4,2023-04-21,USD,48966383.4
56367291394.0,-48966383.4,2023-04-21,USD,48966383.4
188712094299.0,48966383.4,2023-04-21,USD,48966383.4
121500895344.0,48966383.4,2023-04-21,USD,48966383.4
897570921834.0,-48966383.4,2023-04-21,USD,48966383.4
611545597601.0,-48966383.4,2023-04-21,USD,48966383.4
104573286522.0,48965042.0,2023-04-20,USD,48965042.0
597830952073.0,-48965042.0,2023-04-20,USD,48965042.0
717764170166.0,48965042.0,2023-04-20,USD,48965042.0
978101443443.0,-48965042.0,2023-04-20,USD,48965042.0
782556322771.0,-48965042.0,2023-04-20,USD,48965042.0
207842120929.0,48965042.0,2023-04-20,USD,48965042.0
274845586661.0,-48965042.0,2023-04-20,USD,48965042.0
436505912977.0,48965042.0,2023-04-20,USD,48965042.0
73734851684.0,-48965042.0,2023-04-20,USD,48965042.0
281358498814.0,48965042.0,2023-04-20,USD,48965042.0
152915140489.0,-48964946.79,2023-04-21,USD,48964946.79
478624050665.0,48964946.79,2023-04-21,USD,48964946.79
212816460092.0,-48964946.79,2023-04-21,USD,48964946.79
565769341941.0,48964946.79,2023-04-21,USD,48964946.79
678774003298.0,48964946.79,2023-04-21,USD,48964946.79
788274590037.0,48964946.79,2023-04-21,USD,48964946.79
985371914256.0,48964946.79,2023-04-21,USD,48964946.79
341390604806.0,-48964946.79,2023-04-21,USD,48964946.79
556733317362.0,-48964946.79,2023-04-21,USD,48964946.79
616972080659.0,-48964946.79,2023-04-21,USD,48964946.79
91545827096.0,48667318.31,2023-03-19,USD,48667318.31
178548223951.0,48657425.22,2023-03-08,USD,48657425.22
642857732241.0,48657384.68,2023-03-09,USD,48657384.68
771190736957.0,48657309.68,2023-03-23,USD,48657309.68
95233767717.0,48657309.68,2023-03-23,USD,48657309.68
418242601696.0,48652771.22,2023-05-18,USD,48652771.22
164203099655.0,48612051.11,2023-05-21,USD,48612051.11
208704490235.0,48610178.52,2023-05-21,USD,48610178.52
878966117313.0,48610178.52,2023-05-21,USD,48610178.52
831249454072.0,-47799731.15,2023-04-22,USD,47799731.15
995295121018.0,-47799731.15,2023-04-22,USD,47799731.15
390103229177.0,-47799731.15,2023-04-22,USD,47799731.15
436683987696.0,-47799731.15,2023-04-22,USD,47799731.15
592847374014.0,-47799731.15,2023-04-22,USD,47799731.15
202186090807.0,-47799731.15,2023-04-22,USD,47799731.15
987222974920.0,47799725.18,2023-04-22,USD,47799725.18
796844464330.0,47799725.18,2023-04-22,USD,47799725.18
986964644482.0,47799725.18,2023-04-22,USD,47799725.18
760454805445.0,47799725.18,2023-04-22,USD,47799725.18
854322795304.0,47799725.18,2023-04-22,USD,47799725.18
287931254645.0,47799725.18,2023-04-22,USD,47799725.18
841583355217.0,47799725.18,2023-04-22,USD,47799725.18
59018944569.0,47799725.18,2023-04-22,USD,47799725.18
779428595014.0,47799725.18,2023-04-22,USD,47799725.18
255061224099.0,47799725.18,2023-04-22,USD,47799725.18
395237108681.0,47799725.18,2023-04-22,USD,47799725.18
847129813493.0,47799725.18,2023-04-22,USD,47799725.18
653308411840.0,47799725.18,2023-04-22,USD,47799725.18
979565932175.0,-47799700.0,2023-04-22,USD,47799700.0
923582862918.0,-47799700.0,2023-04-22,USD,47799700.0
856883115458.0,-47799700.0,2023-04-22,USD,47799700.0
422886582622.0,-47799700.0,2023-04-22,USD,47799700.0
890488590918.0,-47799700.0,2023-04-22,USD,47799700.0
303842325489.0,-47799700.0,2023-04-22,USD,47799700.0
130462440043.0,-47799700.0,2023-04-22,USD,47799700.0
971671186766.0,-47799700.0,2023-04-22,USD,47799700.0
787377708295.0,47799465.6,2023-04-26,USD,47799465.6
224302051692.0,47799465.6,2023-04-26,USD,47799465.6
198256129661.0,47799465.6,2023-04-26,USD,47799465.6
585207386907.0,47799465.6,2023-04-26,USD,47799465.6
762400694292.0,47799465.6,2023-04-26,USD,47799465.6
833659529853.0,47799465.6,2023-04-26,USD,47799465.6
416466035730.0,47799465.6,2023-04-26,USD,47799465.6
662733623916.0,-47799459.63,2023-04-26,USD,47799459.63
971679808235.0,-47799459.63,2023-04-26,USD,47799459.63
549677142818.0,47799459.63,2023-04-26,USD,47799459.63
917225898497.0,47799459.63,2023-04-26,USD,47799459.63
177487490225.0,-47799459.63,2023-04-26,USD,47799459.63
602034746086.0,-47799459.63,2023-04-26,USD,47799459.63
573892631792.0,47799459.63,2023-04-26,USD,47799459.63
363862244905.0,-47799459.63,2023-04-26,USD,47799459.63
505977726213.0,47799459.63,2023-04-26,USD,47799459.63
996617669514.0,-47799459.63,2023-04-26,USD,47799459.63
805664295531.0,-47799459.63,2023-04-26,USD,47799459.63
778372029342.0,47799459.63,2023-04-26,USD,47799459.63
51865182687.0,-47799459.63,2023-04-26,USD,47799459.63
487559017850.0,47799459.63,2023-04-26,USD,47799459.63
508602612435.0,-47799459.63,2023-04-26,USD,47799459.63
514558423056.0,47799459.63,2023-04-26,USD,47799459.63
548761258104.0,47799459.63,2023-04-26,USD,47799459.63
846729089068.0,-47799459.63,2023-04-26,USD,47799459.63
595077414741.0,47799459.63,2023-04-26,USD,47799459.63
550798811380.0,47799459.63,2023-04-26,USD,47799459.63
542986807734.0,47799459.63,2023-04-26,USD,47799459.63
282397003861.0,-47799459.63,2023-04-26,USD,47799459.63
927683775941.0,47799459.63,2023-04-26,USD,47799459.63
426570522485.0,47799459.63,2023-04-26,USD,47799459.63
322937551066.0,-47799459.63,2023-04-26,USD,47799459.63
828499456435.0,-47799459.63,2023-04-26,USD,47799459.63
467655888605.0,-47799459.63,2023-04-26,USD,47799459.63
785978194865.0,-47799459.63,2023-04-26,USD,47799459.63
488606228249.0,-47799459.63,2023-04-26,USD,47799459.63
889204694949.0,47799459.63,2023-04-26,USD,47799459.63
470862876845.0,47799459.63,2023-04-26,USD,47799459.63
857716036044.0,47799459.63,2023-04-26,USD,47799459.63
103542985568.0,-47237509.79,2023-04-28,USD,47237509.79
763952368617.0,47237509.79,2023-04-28,USD,47237509.79
330974906179.0,46887861.5,2023-03-10,USD,46887861.5
108514597046.0,-46887861.5,2023-03-10,USD,46887861.5
528133710002.0,-46797914.27,2023-05-17,USD,46797914.27
601339529303.0,-46797914.27,2023-05-17,USD,46797914.27
32496772747.0,-46797914.27,2023-05-17,USD,46797914.27
463564087126.0,-46797914.27,2023-05-17,USD,46797914.27
528132485856.0,46797914.27,2023-05-18,USD,46797914.27
442090105265.0,46797914.27,2023-05-18,USD,46797914.27
770785355555.0,-46778690.0,2023-05-25,USD,46778690.0
598326765932.0,-46775810.04,2023-05-25,USD,46775810.04
475072067205.0,46773457.88,2023-04-13,USD,46773457.88
304716341463.0,46773457.88,2023-04-13,USD,46773457.88
340037712458.0,46492708.38,2023-05-19,USD,46492708.38
343401775064.0,46478700.59,2023-05-21,USD,46478700.59
731213858418.0,46412307.19,2023-05-18,USD,46412307.19
892057756401.0,46412301.35,2023-05-18,USD,46412301.35
620481930941.0,46411043.8,2023-05-11,USD,46411043.8
732297735534.0,-46398730.61,2023-05-07,USD,46398730.61
608222949284.0,46398730.6,2023-05-07,USD,46398730.6
214178710616.0,-46398062.0,2023-03-23,USD,46398062.0
269036395302.0,-46398062.0,2023-03-23,USD,46398062.0
933115623298.0,46397454.68,2023-03-31,USD,46397454.68
192395663638.0,-45840528.49,2023-04-28,USD,45840528.49
612049340111.0,-45828720.1,2023-04-21,USD,45828720.1
500554136754.0,-45828720.1,2023-04-21,USD,45828720.1
995808190636.0,-45828720.1,2023-04-21,USD,45828720.1
111595086031.0,-45828720.1,2023-04-21,USD,45828720.1
738252427567.0,-45828720.1,2023-04-21,USD,45828720.1
334594109955.0,-45828720.1,2023-04-21,USD,45828720.1
23221777557.0,45828720.08,2023-04-21,USD,45828720.08
407732983763.0,45828720.08,2023-04-21,USD,45828720.08
958559721124.0,45828720.08,2023-04-21,USD,45828720.08
257273036290.0,45828720.08,2023-04-21,USD,45828720.08
771549193919.0,45828720.08,2023-04-21,USD,45828720.08
751168797578.0,45828720.08,2023-04-21,USD,45828720.08
686067253976.0,-45825400.0,2023-03-23,USD,45825400.0
804687679759.0,-45825400.0,2023-03-23,USD,45825400.0
931780237949.0,-45825400.0,2023-03-23,USD,45825400.0
955216676478.0,-45825400.0,2023-03-23,USD,45825400.0
35306496938.0,-45825400.0,2023-03-23,USD,45825400.0
649040607841.0,-45825400.0,2023-03-23,USD,45825400.0
450522331349.0,45825397.75,2023-03-23,USD,45825397.75
331902506579.0,45825397.75,2023-03-23,USD,45825397.75
724796599708.0,45825397.75,2023-03-23,USD,45825397.75
353693002028.0,45825397.75,2023-03-23,USD,45825397.75
740900240758.0,45825397.75,2023-03-23,USD,45825397.75
471848232456.0,45825397.75,2023-03-23,USD,45825397.75
245469322784.0,-45808403.71,2023-04-28,USD,45808403.71
966012456262.0,45808403.71,2023-04-28,USD,45808403.71
541975700465.0,45806027.0,2023-04-28,USD,45806027.0
820909814677.0,45805534.39,2023-03-12,USD,45805534.39
822674435334.0,45782512.71,2023-04-29,USD,45782512.71
515592256430.0,-45782512.71,2023-04-29,USD,45782512.71
239847934670.0,-45782512.71,2023-04-29,USD,45782512.71
298354920556.0,45782512.71,2023-04-29,USD,45782512.71
673767906171.0,-45773926.42,2023-04-28,USD,45773926.42
484029309027.0,45773926.42,2023-04-28,USD,45773926.42
459960175263.0,45768335.72,2023-05-21,USD,45768335.72
948408031371.0,45768335.7,2023-05-21,USD,45768335.7
940856215693.0,45768335.7,2023-05-21,USD,45768335.7
727560462457.0,45768335.7,2023-05-21,USD,45768335.7
958357232785.0,45768335.7,2023-05-21,USD,45768335.7
340229173610.0,45768335.7,2023-04-07,USD,45768335.7
254316512436.0,45768335.7,2023-04-07,USD,45768335.7
957991738182.0,45768335.7,2023-05-21,USD,45768335.7
668164549263.0,45768335.7,2023-05-21,USD,45768335.7
44052332208.0,45497762.21,2023-03-05,USD,45497762.21
775921782086.0,44982397.1,2023-04-28,USD,44982397.1
477949766254.0,-44955601.27,2023-04-22,USD,44955601.27
528776848431.0,-44955601.27,2023-04-22,USD,44955601.27
820175909260.0,44587000.0,2023-05-04,USD,44587000.0
780438931912.0,-44587000.0,2023-05-04,USD,44587000.0
136578117626.0,44175557.16,2023-04-30,USD,44175557.16
636783151821.0,44052212.83,2023-05-05,USD,44052212.83
732373709228.0,-43860000.0,2023-04-22,USD,43860000.0
275733622835.0,43753350.0,2023-03-22,USD,43753350.0
50729936884.0,43753350.0,2023-03-22,USD,43753350.0
421844766840.0,43753350.0,2023-03-22,USD,43753350.0
724490523178.0,43753350.0,2023-03-22,USD,43753350.0
204418905788.0,43753350.0,2023-03-22,USD,43753350.0
184095726975.0,43753350.0,2023-03-22,USD,43753350.0
743354271995.0,43753350.0,2023-03-22,USD,43753350.0
243816594249.0,43753350.0,2023-03-22,USD,43753350.0
41704282003.0,43753350.0,2023-03-22,USD,43753350.0
607041666484.0,-43728175.15,2023-05-13,USD,43728175.15
309999087140.0,43728175.15,2023-05-13,USD,43728175.15
617288213037.0,43728175.14,2023-05-13,USD,43728175.14
38055423826.0,-43728175.14,2023-05-13,USD,43728175.14
340728917423.0,43704565.63,2023-05-12,USD,43704565.63
958959948264.0,-43697042.21,2023-04-29,USD,43697042.21
171381408727.0,43697042.21,2023-04-29,USD,43697042.21
646313248006.0,43696062.0,2023-05-28,USD,43696062.0
844336375605.0,43696062.0,2023-05-28,USD,43696062.0
558584691014.0,43679342.16,2023-05-24,USD,43679342.16
806107858396.0,43675232.9,2023-05-24,USD,43675232.9
147084885157.0,-43675232.9,2023-05-24,USD,43675232.9
804640259744.0,43404400.0,2023-03-22,USD,43404400.0
252379992898.0,-43404400.0,2023-03-22,USD,43404400.0
298144536813.0,42974051.18,2023-03-25,USD,42974051.18
770355783949.0,42404399.32,2023-05-06,USD,42404399.32
589355862794.0,-42296148.47,2023-04-12,USD,42296148.47
10191156885.0,42264697.12,2023-04-26,USD,42264697.12
110339599367.0,41775103.31,2023-04-13,USD,41775103.31
715583537526.0,41011802.52,2023-05-25,USD,41011802.52
963117817819.0,-40894000.0,2023-04-13,USD,40894000.0
152798362591.0,40713560.22,2023-04-28,USD,40713560.22
975668890565.0,-40713560.22,2023-04-28,USD,40713560.22
225121908020.0,40121785.69,2023-05-05,USD,40121785.69
954092938190.0,40000000.0,2023-04-22,USD,40000000.0
842934475986.0,40000000.0,2023-04-22,USD,40000000.0
462334341453.0,-40000000.0,2023-05-07,USD,40000000.0
205047758482.0,39983189.32,2023-04-15,USD,39983189.32
56920243604.0,39958796.62,2023-03-15,USD,39958796.62
115687619909.0,39922000.0,2023-05-05,USD,39922000.0
313523862584.0,-39922000.0,2023-05-05,USD,39922000.0
641359230183.0,39809112.52,2023-05-13,USD,39809112.52
719431643029.0,39809112.52,2023-05-13,USD,39809112.52
216799488430.0,39809112.52,2023-05-13,USD,39809112.52
596821794793.0,39809112.52,2023-05-13,USD,39809112.52
100581103217.0,39809112.52,2023-05-13,USD,39809112.52
582772171596.0,-39259663.21,2023-05-13,USD,39259663.21
822431561373.0,39259663.21,2023-05-13,USD,39259663.21
184187489965.0,-39259586.88,2023-05-12,USD,39259586.88
735056431354.0,39259586.88,2023-05-12,USD,39259586.88
599927888059.0,38576890.82,2023-04-14,USD,38576890.82
799030539940.0,38576890.81,2023-04-14,USD,38576890.81
247831830898.0,38308859.04,2023-05-07,USD,38308859.04
964438010590.0,38291299.86,2023-05-27,USD,38291299.86
729997226619.0,37534015.55,2023-05-18,USD,37534015.55
413027365230.0,37495000.0,2023-03-22,USD,37495000.0
480369350401.0,-37495000.0,2023-03-22,USD,37495000.0
579395689962.0,-37398717.34,2023-05-13,USD,37398717.34
274672391057.0,36182373.72,2023-03-16,USD,36182373.72
74849583686.0,36182373.72,2023-03-16,USD,36182373.72
158393865393.0,36182373.72,2023-03-16,USD,36182373.72
890424979909.0,36182373.72,2023-03-16,USD,36182373.72
922218781113.0,36182373.72,2023-03-16,USD,36182373.72
376590880328.0,36182373.71,2023-03-16,USD,36182373.71
156402829115.0,-36129109.27,2023-04-27,USD,36129109.27
897869610162.0,36119358.31,2023-03-09,USD,36119358.31
995397246930.0,36119358.3,2023-03-09,USD,36119358.3
648186564779.0,36119358.3,2023-03-09,USD,36119358.3
877974727395.0,36119358.3,2023-03-09,USD,36119358.3
230088594644.0,36119358.3,2023-03-09,USD,36119358.3
979400004386.0,36119358.3,2023-03-09,USD,36119358.3
95514881151.0,-35227622.05,2023-04-29,USD,35227622.05
651658583481.0,35227622.05,2023-04-29,USD,35227622.05
742273246365.0,35227299.13,2023-04-30,USD,35227299.13
797467297033.0,-35227299.13,2023-04-30,USD,35227299.13
168561573010.0,35214183.55,2023-05-11,USD,35214183.55
79071837259.0,35214183.55,2023-05-11,USD,35214183.55
746986349066.0,35214183.55,2023-05-11,USD,35214183.55
702806264435.0,35214183.55,2023-05-11,USD,35214183.55
919558630874.0,35205298.18,2023-05-13,USD,35205298.18
178889206273.0,35160828.28,2023-04-26,USD,35160828.28
651637553832.0,-35000000.0,2023-04-07,USD,35000000.0
332029800023.0,34785452.1,2023-03-22,USD,34785452.1
785390678194.0,34785452.1,2023-03-22,USD,34785452.1
240658623053.0,34484742.0,2023-05-21,USD,34484742.0
622020725824.0,33664342.32,2023-03-26,USD,33664342.32
617237263813.0,33627834.5,2023-03-11,USD,33627834.5
79464197282.0,33627834.5,2023-03-11,USD,33627834.5
948726112332.0,33627834.5,2023-03-11,USD,33627834.5
140558371940.0,33627834.5,2023-03-11,USD,33627834.5
523516723729.0,-33627834.5,2023-03-11,USD,33627834.5
774964337746.0,-33627834.5,2023-03-11,USD,33627834.5
840247489918.0,33264396.16,2023-03-05,USD,33264396.16
899775042809.0,-33208287.5,2023-05-11,USD,33208287.5
707393349787.0,-32760904.13,2023-05-24,USD,32760904.13
846832674680.0,32760904.13,2023-05-24,USD,32760904.13
184123163210.0,32760900.07,2023-05-24,USD,32760900.07
474796532527.0,32295613.91,2023-05-03,USD,32295613.91
9004254785.0,-32295613.91,2023-05-03,USD,32295613.91
714987118643.0,32278726.6,2023-03-10,USD,32278726.6
939688727008.0,32172664.73,2023-05-06,USD,32172664.73
842457345063.0,32112256.53,2023-03-05,USD,32112256.53
881992115441.0,32112256.53,2023-03-05,USD,32112256.53
823197397959.0,32112256.53,2023-03-05,USD,32112256.53
479165463232.0,32112256.53,2023-03-05,USD,32112256.53
382077073044.0,32112256.53,2023-03-05,USD,32112256.53
728897405251.0,32112256.53,2023-03-05,USD,32112256.53
825613598757.0,31985458.92,2023-05-20,USD,31985458.92
55595629566.0,-31831035.47,2023-04-22,USD,31831035.47
47851707708.0,31831031.61,2023-04-22,USD,31831031.61
295928447640.0,31831031.61,2023-04-22,USD,31831031.61
549905226184.0,-31831000.0,2023-04-22,USD,31831000.0
106455306279.0,-31831000.0,2023-04-22,USD,31831000.0
580708412265.0,31830328.17,2023-04-26,USD,31830328.17
635309487615.0,31830328.13,2023-04-26,USD,31830328.13
338761182216.0,31830324.2,2023-04-26,USD,31830324.2
552822338707.0,-31830324.2,2023-04-26,USD,31830324.2
992774473856.0,31830324.2,2023-04-26,USD,31830324.2
871721583748.0,-31830324.2,2023-04-26,USD,31830324.2
671768629540.0,31804873.43,2023-04-26,USD,31804873.43
185806131659.0,-31804873.43,2023-04-26,USD,31804873.43
89186158326.0,31804873.43,2023-04-26,USD,31804873.43
984593087461.0,31804873.43,2023-04-26,USD,31804873.43
984977639609.0,-31804873.43,2023-04-26,USD,31804873.43
62493824130.0,-31804873.43,2023-04-26,USD,31804873.43
773378463690.0,31804873.43,2023-04-26,USD,31804873.43
862261022834.0,31804873.43,2023-04-26,USD,31804873.43
630927305830.0,-31804873.43,2023-04-26,USD,31804873.43
68911355631.0,-31804873.43,2023-04-26,USD,31804873.43
497440772538.0,-31804873.42,2023-04-26,USD,31804873.42
586446647085.0,31804873.4,2023-04-26,USD,31804873.4
491261775901.0,31804873.4,2023-04-26,USD,31804873.4
221962478896.0,-31804873.4,2023-04-26,USD,31804873.4
201760587845.0,-31804873.4,2023-04-26,USD,31804873.4
197844917804.0,-31804873.4,2023-04-26,USD,31804873.4
678044369930.0,31804873.4,2023-04-26,USD,31804873.4
960773485892.0,31804873.4,2023-04-26,USD,31804873.4
299793163863.0,-31804873.4,2023-04-26,USD,31804873.4
40677446904.0,31804873.4,2023-04-26,USD,31804873.4
652420943751.0,31804873.4,2023-04-26,USD,31804873.4
446369341608.0,31804873.4,2023-04-26,USD,31804873.4
241536514832.0,31804873.4,2023-04-26,USD,31804873.4
442390900933.0,31804873.4,2023-04-26,USD,31804873.4
172137232533.0,31804873.4,2023-04-26,USD,31804873.4
900747802983.0,31804873.4,2023-04-26,USD,31804873.4
974144643448.0,-31804873.4,2023-04-26,USD,31804873.4
727683582653.0,31804873.4,2023-04-26,USD,31804873.4
186593640580.0,-31804873.4,2023-04-26,USD,31804873.4
33828751524.0,31324668.82,2023-04-28,USD,31324668.82
137524864378.0,31318043.71,2023-05-17,USD,31318043.71
367055544229.0,-31318043.71,2023-05-17,USD,31318043.71
157439259852.0,31195690.62,2023-03-22,USD,31195690.62
393570471296.0,-31195690.62,2023-03-22,USD,31195690.62
978071021469.0,-31032594.95,2023-03-22,USD,31032594.95
280777167901.0,31032594.95,2023-03-22,USD,31032594.95
838496330628.0,30753810.54,2023-03-22,USD,30753810.54
297641392529.0,30278614.96,2023-04-28,USD,30278614.96
701445211923.0,30278614.96,2023-04-28,USD,30278614.96
8086021311.0,28718897.19,2023-03-11,USD,28718897.19
893585993875.0,28718897.19,2023-03-11,USD,28718897.19
917054421118.0,-28633041.87,2023-04-22,USD,28633041.87
782873920341.0,-28633040.0,2023-04-22,USD,28633040.0
782088048092.0,28633038.26,2023-04-22,USD,28633038.26
782080661393.0,28633038.26,2023-04-22,USD,28633038.26
924228793765.0,28632882.8,2023-04-26,USD,28632882.8
470321768068.0,-28632879.19,2023-04-26,USD,28632879.19
133130271402.0,28632879.19,2023-04-26,USD,28632879.19
975611215801.0,-28632879.19,2023-04-26,USD,28632879.19
370378282883.0,28632879.19,2023-04-26,USD,28632879.19
780130403779.0,-28600128.93,2023-03-29,USD,28600128.93
657373151299.0,-28600128.93,2023-03-29,USD,28600128.93
385524393889.0,28600128.93,2023-03-29,USD,28600128.93
922781364734.0,-28600128.93,2023-04-01,USD,28600128.93
264804281552.0,28600128.93,2023-03-29,USD,28600128.93
468786077807.0,28600128.93,2023-04-01,USD,28600128.93
401484899664.0,28442649.42,2023-05-06,USD,28442649.42
545619461065.0,28442496.28,2023-04-29,USD,28442496.28
454480654913.0,-28423380.0,2023-04-06,USD,28423380.0
584586091207.0,28423380.0,2023-04-06,USD,28423380.0
427131589561.0,28414078.17,2023-03-22,USD,28414078.17
974541826986.0,28414078.17,2023-03-22,USD,28414078.17
443998070568.0,28414078.17,2023-03-22,USD,28414078.17
533429278707.0,28414078.17,2023-03-22,USD,28414078.17
46344794261.0,28414078.17,2023-03-22,USD,28414078.17
224903371045.0,28176077.96,2023-04-01,USD,28176077.96
172477015052.0,-28176077.96,2023-04-01,USD,28176077.96
291149798770.0,28084079.08,2023-03-17,USD,28084079.08
830307845255.0,27626164.07,2023-03-29,USD,27626164.07
713503228887.0,27626164.07,2023-03-29,USD,27626164.07
518485399895.0,27626164.07,2023-03-29,USD,27626164.07
267047589603.0,27626164.07,2023-03-29,USD,27626164.07
934572371965.0,26935427.94,2023-04-13,USD,26935427.94
724481939273.0,-26935427.94,2023-04-13,USD,26935427.94
150932996451.0,26817780.87,2023-05-05,USD,26817780.87
74802687092.0,26521417.94,2023-05-24,USD,26521417.94
285400941029.0,-26521417.94,2023-05-24,USD,26521417.94
98775473448.0,26499522.24,2023-03-29,USD,26499522.24
375345002105.0,26272377.67,2023-05-11,USD,26272377.67
731823961589.0,-26272377.67,2023-05-11,USD,26272377.67
802514068420.0,26079283.54,2023-05-20,USD,26079283.54
723893213325.0,26079283.54,2023-05-20,USD,26079283.54
501293036858.0,-26028400.0,2023-04-22,USD,26028400.0
30748329444.0,26027777.9,2023-04-26,USD,26027777.9
889773788391.0,26022842.5,2023-05-03,USD,26022842.5
937044100627.0,-25900000.0,2023-05-21,USD,25900000.0
800878796050.0,25821540.68,2023-04-30,USD,25821540.68
499475797661.0,25745372.84,2023-05-26,USD,25745372.84
227689030844.0,25652059.25,2023-05-18,USD,25652059.25
955028282591.0,-25652059.25,2023-05-17,USD,25652059.25
380616590097.0,25652059.23,2023-05-17,USD,25652059.23
508428536093.0,-25527892.71,2023-03-22,USD,25527892.71
815596025075.0,25527892.71,2023-03-22,USD,25527892.71
674305561774.0,25446648.58,2023-05-24,USD,25446648.58
991938796689.0,-25446648.58,2023-05-24,USD,25446648.58
49084681381.0,-25121962.9,2023-03-16,USD,25121962.9
712771274873.0,25095353.39,2023-03-23,USD,25095353.39
41812281931.0,24692254.71,2023-02-23,USD,24692254.71
626307681311.0,-24692254.71,2023-02-23,USD,24692254.71
634124098313.0,24563354.01,2023-04-28,USD,24563354.01
78463254400.0,24563354.01,2023-04-28,USD,24563354.01
985779701981.0,24534506.43,2023-05-18,USD,24534506.43
607852683092.0,-24534506.43,2023-05-18,USD,24534506.43
426604812495.0,24534502.68,2023-05-17,USD,24534502.68
713563596692.0,-24534500.0,2023-05-17,USD,24534500.0
448403515808.0,24523272.87,2023-03-22,USD,24523272.87
453415537919.0,24523272.87,2023-03-22,USD,24523272.87
116114127149.0,24094043.15,2023-05-18,USD,24094043.15
924631356092.0,23641246.08,2023-05-27,USD,23641246.08
543237547666.0,23606242.86,2023-05-24,USD,23606242.86
912309328441.0,23571818.74,2023-03-11,USD,23571818.74
973080344131.0,-23457454.39,2023-05-05,USD,23457454.39
549475340588.0,23457454.39,2023-05-05,USD,23457454.39
156954207547.0,23432477.58,2023-03-22,USD,23432477.58
989030309415.0,23240421.43,2023-04-21,USD,23240421.43
68871303596.0,-23240421.39,2023-04-21,USD,23240421.39
675757174402.0,23238736.61,2023-03-23,USD,23238736.61
763978232313.0,-23155034.73,2023-05-27,USD,23155034.73
635796198085.0,23155034.73,2023-05-27,USD,23155034.73
790699294229.0,23034990.71,2023-04-07,USD,23034990.71
523351996009.0,-23034990.71,2023-04-07,USD,23034990.71
271791658887.0,-23000000.0,2023-04-20,USD,23000000.0
381924130717.0,-22896743.63,2023-04-22,USD,22896743.63
85220023990.0,22896743.63,2023-04-22,USD,22896743.63
342254336335.0,22820888.19,2023-05-05,USD,22820888.19
577168014344.0,-22816927.42,2023-05-03,USD,22816927.42
41720416462.0,22816927.42,2023-05-03,USD,22816927.42
394494870212.0,22767930.38,2023-05-06,USD,22767930.38
783186706595.0,-22767930.38,2023-05-06,USD,22767930.38
406016631544.0,-22732419.92,2023-05-13,USD,22732419.92
69780704326.0,22605604.17,2023-05-21,USD,22605604.17
272440994408.0,-22605604.17,2023-05-21,USD,22605604.17
847657488924.0,22527742.62,2023-04-28,USD,22527742.62
148042350930.0,22445225.47,2023-05-20,USD,22445225.47
668081030148.0,22444879.14,2023-05-06,USD,22444879.14
488532329906.0,-22410515.5,2023-05-14,USD,22410515.5
872576476869.0,22410515.5,2023-05-14,USD,22410515.5
659937928348.0,22410465.7,2023-05-13,USD,22410465.7
659254896571.0,-22410465.7,2023-05-13,USD,22410465.7
653282615507.0,-22100000.0,2023-05-19,USD,22100000.0
705041939640.0,-22100000.0,2023-04-01,USD,22100000.0
191953641016.0,-22100000.0,2023-04-08,USD,22100000.0
240442967679.0,-21910000.0,2023-04-02,USD,21910000.0
152512897454.0,21897259.35,2023-05-18,USD,21897259.35
686462300595.0,21897256.59,2023-05-18,USD,21897256.59
492607289300.0,21896663.27,2023-05-11,USD,21896663.27
835171098259.0,21843536.19,2023-05-24,USD,21843536.19
40844475370.0,-21843536.19,2023-05-24,USD,21843536.19
101385847492.0,21838508.16,2023-03-22,USD,21838508.16
153275534431.0,-21836632.83,2023-05-24,USD,21836632.83
883389247664.0,21836632.83,2023-05-24,USD,21836632.83
773494369342.0,21826190.0,2023-04-05,USD,21826190.0
496692808141.0,-21800000.0,2023-03-29,USD,21800000.0
644100167998.0,21795332.55,2023-05-05,USD,21795332.55
523059868483.0,-21600000.0,2023-05-20,USD,21600000.0
529670412488.0,-21170000.0,2023-04-22,USD,21170000.0
918757957577.0,21170000.0,2023-04-22,USD,21170000.0
568540614211.0,21162975.98,2023-03-23,USD,21162975.98
784991113279.0,21149528.59,2023-03-29,USD,21149528.59
847040559037.0,21119103.6,2023-05-24,USD,21119103.6
739045613498.0,21046204.27,2023-05-11,USD,21046204.27
735486696885.0,-21038819.5,2023-05-07,USD,21038819.5
899319604863.0,21038819.5,2023-05-07,USD,21038819.5
823293950368.0,21038819.5,2023-05-07,USD,21038819.5
753281782213.0,-21038819.5,2023-05-07,USD,21038819.5
899108507829.0,-21000000.0,2023-05-19,USD,21000000.0
761413078269.0,-21000000.0,2023-04-08,USD,21000000.0
853560131193.0,-21000000.0,2023-05-05,USD,21000000.0
188291403232.0,-20996704.19,2023-03-22,USD,20996704.19
831775846183.0,20996704.19,2023-03-22,USD,20996704.19
682283096600.0,-20907356.01,2023-03-22,USD,20907356.01
161263645398.0,20907356.01,2023-03-22,USD,20907356.01
802146689778.0,20543321.32,2023-05-18,USD,20543321.32
844860673288.0,20526677.9,2023-04-30,USD,20526677.9
337396904394.0,20382633.16,2023-05-18,USD,20382633.16
724647756707.0,-20382633.16,2023-05-18,USD,20382633.16
177722051943.0,-20382633.16,2023-05-18,USD,20382633.16
813092745644.0,20382633.16,2023-05-18,USD,20382633.16
751926229364.0,20290782.61,2023-05-20,USD,20290782.61
956937956253.0,-20000000.0,2023-04-09,USD,20000000.0
669882234557.0,-19709687.49,2023-05-06,USD,19709687.49
946867649060.0,-19709687.49,2023-05-06,USD,19709687.49
36720965212.0,19687248.69,2023-04-08,USD,19687248.69
834382067620.0,19498124.26,2023-05-25,USD,19498124.26
434469386908.0,19490040.55,2023-05-24,USD,19490040.55
323549336894.0,-19490040.55,2023-05-24,USD,19490040.55
766023380339.0,19094865.11,2023-05-19,USD,19094865.11
277647613496.0,-19094865.11,2023-05-19,USD,19094865.11
584244650088.0,18878335.39,2023-04-30,USD,18878335.39
797254939051.0,-18877116.52,2023-05-17,USD,18877116.52
72729356950.0,18877116.52,2023-05-17,USD,18877116.52
931480188332.0,-18877085.05,2023-05-14,USD,18877085.05
602078157604.0,18877085.05,2023-05-14,USD,18877085.05
894766114456.0,18854823.29,2023-05-24,USD,18854823.29
198193436977.0,-18807814.6,2023-05-12,USD,18807814.6
63766819278.0,18247242.75,2023-04-30,USD,18247242.75
830567912632.0,18202301.51,2023-05-17,USD,18202301.51
468752768371.0,-18202301.51,2023-05-17,USD,18202301.51
264156301715.0,18171000.0,2023-04-07,USD,18171000.0
939238864816.0,-18171000.0,2023-04-07,USD,18171000.0
460284071401.0,-18115491.1,2023-04-28,USD,18115491.1
378724015602.0,18115491.1,2023-04-28,USD,18115491.1
398751613924.0,17923417.1,2023-05-11,USD,17923417.1
995373166322.0,-17923417.1,2023-05-11,USD,17923417.1
427998920092.0,17883109.75,2023-05-27,USD,17883109.75
435047605331.0,17883109.75,2023-05-27,USD,17883109.75
118177172011.0,17839274.78,2023-03-31,USD,17839274.78
662922539833.0,-17839274.78,2023-03-31,USD,17839274.78
329423755453.0,17837890.67,2023-03-31,USD,17837890.67
111136189861.0,-17837890.67,2023-03-31,USD,17837890.67
465874906977.0,17711738.61,2023-04-28,USD,17711738.61
134530230689.0,-17711738.61,2023-04-28,USD,17711738.61
596400751057.0,-17674671.93,2023-04-26,USD,17674671.93
488831776201.0,17674671.93,2023-04-26,USD,17674671.93
946777882012.0,17674671.93,2023-05-07,USD,17674671.93
574755846713.0,17545567.51,2023-05-14,USD,17545567.51
565508406932.0,17508159.1,2023-05-25,USD,17508159.1
483710225533.0,17508066.04,2023-05-19,USD,17508066.04
625443971834.0,17508066.04,2023-05-19,USD,17508066.04
799388536208.0,-17508066.04,2023-05-19,USD,17508066.04
43519643232.0,-17491309.06,2023-05-07,USD,17491309.06
759186852721.0,-17472314.5,2023-04-28,USD,17472314.5
871846864318.0,17472314.5,2023-04-28,USD,17472314.5
510547419092.0,17464866.0,2023-04-28,USD,17464866.0
298996416715.0,-17464866.0,2023-04-28,USD,17464866.0
601514315953.0,17367171.78,2023-04-28,USD,17367171.78
455538225924.0,17362590.5,2023-04-26,USD,17362590.5
816300701909.0,-17298107.0,2023-05-03,USD,17298107.0
46386177837.0,17249181.5,2023-04-28,USD,17249181.5
61446509663.0,-17083905.71,2023-05-17,USD,17083905.71
96093462206.0,-17071208.95,2023-05-03,USD,17071208.95
272980722914.0,-17032815.0,2023-05-13,USD,17032815.0
561337208442.0,17032325.0,2023-05-20,USD,17032325.0
49004181045.0,-17028773.82,2023-03-08,USD,17028773.82
588608007203.0,16965765.57,2023-03-26,USD,16965765.57
259740741879.0,-16965765.57,2023-03-26,USD,16965765.57
763263424706.0,-16965735.24,2023-05-24,USD,16965735.24
468397142244.0,16965735.24,2023-05-24,USD,16965735.24
543780176787.0,-16954000.0,2023-03-23,USD,16954000.0
63151164786.0,16940805.39,2023-04-29,USD,16940805.39
904076282886.0,-16940805.39,2023-04-29,USD,16940805.39
95987164377.0,16933282.7,2023-05-06,USD,16933282.7
129465987723.0,16921062.6,2023-05-11,USD,16921062.6
633683084182.0,-16917018.67,2023-05-11,USD,16917018.67
827192971483.0,-16337970.0,2023-04-28,USD,16337970.0
214051919057.0,16337970.0,2023-04-28,USD,16337970.0
547516844952.0,-16214470.0,2023-04-07,USD,16214470.0
554760780686.0,16206824.69,2023-03-24,USD,16206824.69
112229370997.0,16162245.24,2023-05-24,USD,16162245.24
845345165487.0,-16162245.24,2023-05-24,USD,16162245.24
254004544111.0,16100000.0,2023-03-15,USD,16100000.0
671810089600.0,-16040596.53,2023-04-28,USD,16040596.53
540672416497.0,16040596.53,2023-04-28,USD,16040596.53
675405526662.0,-16000000.0,2023-05-25,USD,16000000.0
922993280029.0,-15975966.0,2023-05-25,USD,15975966.0
299006593849.0,15912879.65,2023-05-13,USD,15912879.65
515191658168.0,15900000.0,2023-04-22,USD,15900000.0
517393206447.0,-15900000.0,2023-04-22,USD,15900000.0
643802639082.0,-15820000.0,2023-05-07,USD,15820000.0
287871305655.0,-15249652.91,2023-05-24,USD,15249652.91
474658226214.0,15249652.91,2023-05-24,USD,15249652.91
907858647505.0,15204310.36,2023-03-23,USD,15204310.36
151878421817.0,15203973.01,2023-04-26,USD,15203973.01
279845502457.0,15095431.21,2023-04-12,USD,15095431.21
342279657052.0,-14801874.28,2023-05-03,USD,14801874.28
396777318229.0,14801874.28,2023-05-03,USD,14801874.28
735181060009.0,14776400.0,2023-03-24,USD,14776400.0
55610619021.0,-14776400.0,2023-03-24,USD,14776400.0
693889900412.0,14773314.54,2023-04-29,USD,14773314.54
1444253918.0,14755909.54,2023-05-24,USD,14755909.54
431121688589.0,14702816.37,2023-04-13,USD,14702816.37
798191601131.0,-14702816.37,2023-04-13,USD,14702816.37
939818471464.0,14702814.53,2023-04-13,USD,14702814.53
378772846547.0,14668439.49,2023-03-09,USD,14668439.49
468445644978.0,-14668439.49,2023-03-04,USD,14668439.49
59451068371.0,-14494544.36,2023-04-30,USD,14494544.36
187811472109.0,-14476190.6,2023-03-09,USD,14476190.6
835591651217.0,14476190.6,2023-03-04,USD,14476190.6
973019944650.0,-14476190.6,2023-03-04,USD,14476190.6
819207390308.0,-14448389.75,2023-02-17,USD,14448389.75
532786978390.0,14448389.75,2023-02-17,USD,14448389.75
296112906903.0,14438896.84,2023-05-26,USD,14438896.84
103886990870.0,14423234.41,2023-02-22,USD,14423234.41
905117912045.0,-14423234.41,2023-02-22,USD,14423234.41
654519892432.0,14423234.41,2023-03-08,USD,14423234.41
654482276563.0,-14421109.16,2023-05-04,USD,14421109.16
871583405393.0,-14339644.52,2023-03-11,USD,14339644.52
955532628353.0,14339644.52,2023-03-11,USD,14339644.52
986112944191.0,14339644.52,2023-03-11,USD,14339644.52
643211885199.0,14183762.25,2023-04-22,USD,14183762.25
685496727625.0,-14183762.25,2023-04-22,USD,14183762.25
353881776042.0,-14165173.98,2023-05-13,USD,14165173.98
637380270153.0,14165173.98,2023-05-13,USD,14165173.98
990303543883.0,14146620.96,2023-04-28,USD,14146620.96
57189483954.0,-14000151.26,2023-03-01,USD,14000151.26
478545630826.0,14000151.26,2023-03-01,USD,14000151.26
959123348187.0,14000104.0,2023-04-21,USD,14000104.0
965325055480.0,-14000104.0,2023-04-21,USD,14000104.0
779756687881.0,-14000000.0,2023-05-07,USD,14000000.0
466956207724.0,13982100.0,2023-03-31,USD,13982100.0
819676419257.0,-13982100.0,2023-03-31,USD,13982100.0
606521651439.0,13982087.41,2023-03-08,USD,13982087.41
208679567214.0,-13982087.41,2023-03-08,USD,13982087.41
743459045283.0,13918120.0,2023-05-27,USD,13918120.0
629634651756.0,-13918120.0,2023-05-27,USD,13918120.0
781105692636.0,13351719.18,2023-03-16,USD,13351719.18
153672786873.0,13343084.18,2023-05-19,USD,13343084.18
80636675691.0,13340046.46,2023-04-29,USD,13340046.46
156939526529.0,13328500.21,2023-05-06,USD,13328500.21
916907943427.0,-13328500.21,2023-05-06,USD,13328500.21
953130690367.0,-13301762.24,2023-05-14,USD,13301762.24
680039261451.0,-13301762.24,2023-05-14,USD,13301762.24
505393537574.0,13280000.0,2023-04-13,USD,13280000.0
126568155628.0,-13280000.0,2023-04-13,USD,13280000.0
413798495338.0,13200000.0,2023-04-14,USD,13200000.0
583772511692.0,-13183213.99,2023-05-24,USD,13183213.99
348556140121.0,13183213.99,2023-05-24,USD,13183213.99
399331213912.0,13152221.63,2023-05-07,USD,13152221.63
395772009080.0,13128714.36,2023-04-29,USD,13128714.36
876496460403.0,-13128714.36,2023-04-29,USD,13128714.36
854931992697.0,13120553.98,2023-05-24,USD,13120553.98
424279960090.0,-13120553.98,2023-05-24,USD,13120553.98
670219690543.0,12826974.97,2023-04-29,USD,12826974.97
304763785059.0,12826903.16,2023-04-30,USD,12826903.16
221681810364.0,12800567.26,2023-05-06,USD,12800567.26
519701899388.0,12794265.9,2023-05-27,USD,12794265.9
737150221629.0,12789095.39,2023-05-11,USD,12789095.39
108546420401.0,-12789095.39,2023-05-11,USD,12789095.39
311493235319.0,12789095.39,2023-05-11,USD,12789095.39
177411228699.0,-12740844.6,2023-03-16,USD,12740844.6
155082205758.0,12740844.6,2023-03-16,USD,12740844.6
835984354846.0,-12691183.88,2023-03-04,USD,12691183.88
385992613064.0,12691183.88,2023-03-09,USD,12691183.88
407134890233.0,12654456.1,2023-04-19,USD,12654456.1
504162408732.0,-12654456.1,2023-04-19,USD,12654456.1
327847221951.0,12484600.0,2023-04-13,USD,12484600.0
565256294228.0,-12484600.0,2023-04-12,USD,12484600.0
648594488479.0,-12482712.72,2023-04-12,USD,12482712.72
987567887376.0,12482712.72,2023-04-12,USD,12482712.72
641643068420.0,-12433722.04,2023-05-24,USD,12433722.04
402410280944.0,12433722.04,2023-05-24,USD,12433722.04
807853706693.0,-12279595.59,2023-03-08,USD,12279595.59
207559991302.0,12279595.59,2023-03-08,USD,12279595.59
343916932546.0,12277654.84,2023-05-12,USD,12277654.84
139503922256.0,12261000.0,2023-03-10,USD,12261000.0
639984523015.0,-12238006.65,2023-04-28,USD,12238006.65
741445884027.0,12238006.65,2023-04-28,USD,12238006.65
82535882942.0,12224286.3,2023-05-24,USD,12224286.3
127362047537.0,-12224286.3,2023-05-24,USD,12224286.3
121771658431.0,-12178877.11,2023-04-28,USD,12178877.11
597595944081.0,12178877.11,2023-04-28,USD,12178877.11
349770206695.0,-12100158.95,2023-04-30,USD,12100158.95
786917942024.0,-12099416.74,2023-03-22,USD,12099416.74
171182111620.0,12099416.74,2023-03-22,USD,12099416.74
634283154253.0,-11962653.97,2023-03-22,USD,11962653.97
579639080389.0,11962653.97,2023-03-22,USD,11962653.97
660365923207.0,11958754.78,2023-03-25,USD,11958754.78
954682267834.0,11891390.0,2023-04-28,USD,11891390.0
187183393136.0,11860905.83,2023-05-11,USD,11860905.83
388776325334.0,11799368.93,2023-05-24,USD,11799368.93
731892111287.0,-11799368.93,2023-05-24,USD,11799368.93
938649127572.0,11785961.88,2023-05-24,USD,11785961.88
375709615126.0,-11785961.88,2023-05-24,USD,11785961.88
996987402175.0,11752323.06,2023-05-17,USD,11752323.06
395180243292.0,-11752323.06,2023-05-17,USD,11752323.06
781674045845.0,11721260.0,2023-05-19,USD,11721260.0
246010466160.0,11579375.16,2023-05-24,USD,11579375.16
811235447900.0,-11579375.16,2023-05-24,USD,11579375.16
499788667902.0,11573649.42,2023-05-11,USD,11573649.42
939873782406.0,-11545494.56,2023-04-27,USD,11545494.56
176572736895.0,11545494.56,2023-04-27,USD,11545494.56
3022633777.0,11495084.03,2023-05-11,USD,11495084.03
443821155221.0,11495084.03,2023-05-11,USD,11495084.03
827992878326.0,-11495084.03,2023-05-11,USD,11495084.03
906306095223.0,-11495084.03,2023-05-11,USD,11495084.03
4815139258.0,11457400.0,2023-05-27,USD,11457400.0
733028065312.0,-11457400.0,2023-05-27,USD,11457400.0
475419973288.0,-11377725.88,2023-03-08,USD,11377725.88
371214604844.0,11352199.31,2023-05-14,USD,11352199.31
983872167433.0,-11352199.31,2023-05-14,USD,11352199.31
49254338497.0,11055987.97,2023-04-08,USD,11055987.97
431498621060.0,-11055987.97,2023-04-08,USD,11055987.97
191268575907.0,11023411.0,2023-03-31,USD,11023411.0
558850243595.0,-11023411.0,2023-03-31,USD,11023411.0
957248554001.0,-11023411.0,2023-03-31,USD,11023411.0
948468628802.0,11023411.0,2023-03-31,USD,11023411.0
580908606719.0,-10987080.53,2023-05-25,USD,10987080.53
374438212633.0,-10981573.8,2023-03-05,USD,10981573.8
233041379603.0,-10902982.69,2023-04-01,USD,10902982.69
603223476610.0,-10900544.13,2023-04-28,USD,10900544.13
593097862147.0,10900544.13,2023-04-28,USD,10900544.13
979690132633.0,-10848392.83,2023-04-28,USD,10848392.83
984258837232.0,10848392.83,2023-04-28,USD,10848392.83
544379437366.0,-10791606.4,2023-04-29,USD,10791606.4
158463768547.0,10791606.4,2023-04-29,USD,10791606.4
73484856631.0,10783550.0,2023-03-17,USD,10783550.0
603205102979.0,-10783550.0,2023-03-17,USD,10783550.0
224581728097.0,10774800.0,2023-04-22,USD,10774800.0
143362070167.0,-10774562.9,2023-05-04,USD,10774562.9
936532140329.0,10774562.9,2023-05-04,USD,10774562.9
159753435686.0,10579448.78,2023-02-23,USD,10579448.78
456997607742.0,-10579448.78,2023-02-23,USD,10579448.78
757495919797.0,10383114.54,2023-04-14,USD,10383114.54
173916034362.0,-10318138.13,2023-05-12,USD,10318138.13
149375279282.0,10318138.13,2023-05-12,USD,10318138.13
656812233817.0,-10318112.33,2023-05-11,USD,10318112.33
998173793718.0,10318112.33,2023-05-11,USD,10318112.33
605367369251.0,10316901.15,2023-05-11,USD,10316901.15
438528556223.0,-10316901.15,2023-05-11,USD,10316901.15
614275690322.0,-10316901.15,2023-05-11,USD,10316901.15
797321379178.0,10316901.15,2023-05-11,USD,10316901.15
672455479849.0,10255507.89,2023-05-11,USD,10255507.89
299058198686.0,10254235.42,2023-03-17,USD,10254235.42
848808779535.0,-10000000.0,2023-05-21,USD,10000000.0
553462189765.0,-10000000.0,2023-05-21,USD,10000000.0
947118676691.0,-9990000.0,2023-05-07,USD,9990000.0
518226531771.0,9990000.0,2023-05-07,USD,9990000.0
197038408375.0,9987918.4,2023-05-07,USD,9987918.4
978757433229.0,-9959592.49,2023-03-05,USD,9959592.49
959325581728.0,-9959592.49,2023-03-04,USD,9959592.49
78667310785.0,9959592.49,2023-03-05,USD,9959592.49
361172408971.0,9959592.49,2023-03-04,USD,9959592.49
207548014711.0,9940067.99,2023-04-28,USD,9940067.99
482184288287.0,-9917671.07,2023-04-30,USD,9917671.07
375097208464.0,-9900000.0,2023-03-10,USD,9900000.0
870477312832.0,-9858925.31,2023-04-13,USD,9858925.31
614168142392.0,9858925.31,2023-04-13,USD,9858925.31
110981738189.0,9858925.22,2023-04-13,USD,9858925.22
912701574270.0,-9858925.22,2023-04-13,USD,9858925.22
31726877039.0,-9790183.5,2023-03-11,USD,9790183.5
277690361939.0,9719863.14,2023-03-26,USD,9719863.14
160514574945.0,-9696651.76,2023-05-24,USD,9696651.76
662632844526.0,9696651.76,2023-05-24,USD,9696651.76
110046682076.0,9675137.96,2023-04-28,USD,9675137.96
430496040225.0,-9611500.0,2023-03-31,USD,9611500.0
402923117626.0,9492299.72,2023-03-15,USD,9492299.72
78811453545.0,-9492299.72,2023-03-15,USD,9492299.72
757695221612.0,-9492262.81,2023-03-16,USD,9492262.81
856260838567.0,9492262.81,2023-03-16,USD,9492262.81
513883293568.0,9491632.9,2023-05-07,USD,9491632.9
116041732768.0,-9398093.33,2023-03-22,USD,9398093.33
76298876014.0,9398093.33,2023-03-22,USD,9398093.33
750847502929.0,9373415.58,2023-05-11,USD,9373415.58
176287234777.0,9245700.0,2023-05-25,USD,9245700.0
329483761276.0,-9245700.0,2023-05-25,USD,9245700.0
752925679831.0,-9245000.0,2023-05-07,USD,9245000.0
601286648456.0,9245000.0,2023-05-07,USD,9245000.0
94034373789.0,9233924.56,2023-05-18,USD,9233924.56
745881659551.0,9233924.56,2023-05-17,USD,9233924.56
842619964102.0,-9233924.56,2023-05-17,USD,9233924.56
166381093550.0,9225840.46,2023-05-17,USD,9225840.46
136272034729.0,-9212657.16,2023-05-24,USD,9212657.16
377187030435.0,9200000.0,2023-03-23,USD,9200000.0
99914482934.0,-9200000.0,2023-03-23,USD,9200000.0
628936036528.0,9181396.67,2023-05-26,USD,9181396.67
836520117527.0,9176477.0,2023-03-15,USD,9176477.0
984317639570.0,-9176477.0,2023-03-15,USD,9176477.0
146220018356.0,-9175184.61,2023-04-02,USD,9175184.61
860834582652.0,9174637.93,2023-03-11,USD,9174637.93
844164334931.0,9148170.88,2023-03-04,USD,9148170.88
89081100831.0,-9148170.88,2023-03-09,USD,9148170.88
816809572664.0,9108911.54,2023-05-03,USD,9108911.54
148733199868.0,-9051220.0,2023-03-16,USD,9051220.0
274398304722.0,9051220.0,2023-03-16,USD,9051220.0
823506073955.0,9047291.0,2023-05-07,USD,9047291.0
104942817805.0,9034000.0,2023-04-30,USD,9034000.0
346154846979.0,-8934668.7,2023-04-06,USD,8934668.7
308210020469.0,-8926040.72,2023-05-03,USD,8926040.72
714816489553.0,8926040.72,2023-05-03,USD,8926040.72
378164417387.0,8906561.0,2023-04-30,USD,8906561.0
439318458113.0,8885087.26,2023-05-17,USD,8885087.26
248769261842.0,8885087.26,2023-05-17,USD,8885087.26
617370246697.0,8863693.41,2023-04-30,USD,8863693.41
714454079581.0,8855530.42,2023-03-31,USD,8855530.42
937874189837.0,8847502.05,2023-05-04,USD,8847502.05
805468622390.0,-8847502.05,2023-05-04,USD,8847502.05
818704765207.0,8844584.15,2023-03-17,USD,8844584.15
612212488445.0,8828748.4,2023-05-21,USD,8828748.4
398165910988.0,-8806216.04,2023-03-31,USD,8806216.04
479717926836.0,8806216.04,2023-03-31,USD,8806216.04
513285919931.0,8795165.68,2023-05-07,USD,8795165.68
617887783647.0,-8546040.79,2023-03-10,USD,8546040.79
856208099257.0,8546040.79,2023-03-10,USD,8546040.79
420484434703.0,8544833.18,2023-05-05,USD,8544833.18
601881819586.0,-8535989.04,2023-05-24,USD,8535989.04
681406147560.0,8535989.04,2023-05-24,USD,8535989.04
320553687973.0,-8531334.86,2023-05-24,USD,8531334.86
998906228741.0,8531334.86,2023-05-24,USD,8531334.86
819550697141.0,8498092.62,2023-05-11,USD,8498092.62
560122177920.0,8440200.0,2023-03-10,USD,8440200.0
105006446236.0,8424527.07,2023-04-28,USD,8424527.07
583981726880.0,-8420731.25,2023-04-26,USD,8420731.25
620647445120.0,8420731.25,2023-04-26,USD,8420731.25
716187310710.0,8419784.78,2023-04-02,USD,8419784.78
705390661434.0,-8405210.9,2023-04-08,USD,8405210.9
386760143040.0,8385821.85,2023-05-26,USD,8385821.85
303739642882.0,8383329.56,2023-04-09,USD,8383329.56
305561869429.0,8288183.7,2023-04-05,USD,8288183.7
490399706394.0,8288168.83,2023-05-24,USD,8288168.83
23163389884.0,-8288168.83,2023-05-24,USD,8288168.83
529507105333.0,8225831.58,2023-05-24,USD,8225831.58
353808289288.0,-8225831.58,2023-05-24,USD,8225831.58
822303500909.0,8198697.09,2023-04-08,USD,8198697.09
525502791402.0,8197437.61,2023-03-05,USD,8197437.61
123960957344.0,-8187571.15,2023-05-24,USD,8187571.15
668961635968.0,8180530.87,2023-05-24,USD,8180530.87
422785815705.0,-8180530.87,2023-05-24,USD,8180530.87
14826461690.0,8175605.82,2023-05-24,USD,8175605.82
413091746795.0,-8175605.82,2023-05-24,USD,8175605.82
526022469668.0,8175188.87,2023-04-28,USD,8175188.87
779556476702.0,-8169123.27,2023-05-07,USD,8169123.27
593456739330.0,-8132501.17,2023-03-09,USD,8132501.17
815859908943.0,8132501.17,2023-03-04,USD,8132501.17
874531542484.0,8035732.51,2023-04-09,USD,8035732.51
782383908646.0,-8000000.0,2023-04-06,USD,8000000.0
570676644524.0,7993858.82,2023-04-13,USD,7993858.82
186787956905.0,-7993858.75,2023-04-13,USD,7993858.75
320078267466.0,-7993858.75,2023-04-13,USD,7993858.75
281119584053.0,7993858.75,2023-04-13,USD,7993858.75
653420318629.0,7804465.16,2023-04-26,USD,7804465.16
597140359470.0,7803949.25,2023-03-23,USD,7803949.25
216468216154.0,7803354.0,2023-05-25,USD,7803354.0
990910859428.0,-7768006.76,2023-05-27,USD,7768006.76
497405452327.0,7768006.76,2023-05-27,USD,7768006.76
399845351214.0,7762412.68,2023-04-22,USD,7762412.68
385267347304.0,7758884.01,2023-05-06,USD,7758884.01
359928873977.0,-7758884.01,2023-05-06,USD,7758884.01
602774755783.0,7758884.01,2023-05-06,USD,7758884.01
78688013260.0,-7758884.01,2023-05-06,USD,7758884.01
430749276551.0,-7758884.01,2023-05-06,USD,7758884.01
817917691952.0,7758884.01,2023-05-06,USD,7758884.01
442467405999.0,-7669670.0,2023-05-03,USD,7669670.0
238093813708.0,7629247.61,2023-04-30,USD,7629247.61
283224315722.0,-7629247.61,2023-04-30,USD,7629247.61
657575161733.0,-7623289.21,2023-03-31,USD,7623289.21
182736910391.0,7623289.21,2023-03-31,USD,7623289.21
181029892024.0,-7623289.21,2023-03-31,USD,7623289.21
541373855473.0,7567164.91,2023-04-28,USD,7567164.91
877818373738.0,-7567164.91,2023-04-28,USD,7567164.91
856136492151.0,7501753.94,2023-05-21,USD,7501753.94
425613553373.0,7482393.16,2023-05-03,USD,7482393.16
805477528871.0,-7482392.78,2023-05-03,USD,7482392.78
79038616689.0,7466421.3,2023-05-07,USD,7466421.3
609173677608.0,7466421.3,2023-05-07,USD,7466421.3
853595862062.0,7463000.0,2023-03-16,USD,7463000.0
923385712173.0,-7439124.0,2023-03-31,USD,7439124.0
614337446483.0,7439124.0,2023-03-31,USD,7439124.0
376431837951.0,-7394685.35,2023-03-09,USD,7394685.35
233698438887.0,7394685.35,2023-03-04,USD,7394685.35
65871810700.0,-7394538.74,2023-03-25,USD,7394538.74
259302573880.0,-7394538.74,2023-03-25,USD,7394538.74
840859651144.0,7394538.74,2023-03-25,USD,7394538.74
49471916177.0,7394538.74,2023-03-25,USD,7394538.74
990832786199.0,7369266.5,2023-05-24,USD,7369266.5
743881539772.0,-7369266.5,2023-05-24,USD,7369266.5
810365202746.0,7286117.87,2023-03-25,USD,7286117.87
475652467560.0,7277580.0,2023-05-25,USD,7277580.0
710055938284.0,7245210.0,2023-04-02,USD,7245210.0
645187068153.0,-7245210.0,2023-04-02,USD,7245210.0
759386586445.0,-7240783.26,2023-05-21,USD,7240783.26
571146378933.0,7240783.26,2023-05-21,USD,7240783.26
756946201524.0,7240000.0,2023-03-10,USD,7240000.0
870608201931.0,7240000.0,2023-03-10,USD,7240000.0
311224877842.0,7240000.0,2023-03-10,USD,7240000.0
507426012092.0,-7240000.0,2023-03-10,USD,7240000.0
880620508683.0,-7240000.0,2023-03-10,USD,7240000.0
939700040571.0,-7240000.0,2023-03-10,USD,7240000.0
330256656383.0,-7235360.0,2023-04-06,USD,7235360.0
208495677030.0,-7194392.39,2023-04-30,USD,7194392.39
188764535882.0,7169754.72,2023-03-22,USD,7169754.72
602503422898.0,7166405.18,2023-05-18,USD,7166405.18
58141395599.0,7160827.41,2023-04-08,USD,7160827.41
621079917524.0,-7160000.0,2023-03-23,USD,7160000.0
606449507468.0,-7090779.14,2023-05-13,USD,7090779.14
930921187631.0,7090779.14,2023-05-13,USD,7090779.14
416596525671.0,7062013.34,2023-03-29,USD,7062013.34
730025676952.0,-7062013.34,2023-03-29,USD,7062013.34
790517339813.0,7058226.34,2023-04-07,USD,7058226.34
431393345264.0,-7058226.34,2023-04-07,USD,7058226.34
133155968074.0,7057876.46,2023-05-27,USD,7057876.46
259087101628.0,-7000000.0,2023-05-07,USD,7000000.0
746648721822.0,6950000.0,2023-04-26,USD,6950000.0
192403855298.0,-6950000.0,2023-05-07,USD,6950000.0
604469253645.0,-6950000.0,2023-04-26,USD,6950000.0
533093455804.0,-6934859.0,2023-04-05,USD,6934859.0
194664480715.0,6880102.8,2023-05-26,USD,6880102.8
21810817160.0,6879783.4,2023-04-14,USD,6879783.4
477311425386.0,6841595.58,2023-05-24,USD,6841595.58
291843395148.0,-6841595.58,2023-05-24,USD,6841595.58
804980752947.0,6840778.5,2023-05-24,USD,6840778.5
670916748277.0,-6840778.5,2023-05-24,USD,6840778.5
921495442833.0,-6836451.92,2023-03-22,USD,6836451.92
183216366880.0,6836451.92,2023-03-22,USD,6836451.92
830714457928.0,6779912.2,2023-03-08,USD,6779912.2
911632988984.0,-6779912.2,2023-03-08,USD,6779912.2
405741881657.0,6770000.0,2023-03-22,USD,6770000.0
995582675559.0,-6770000.0,2023-03-22,USD,6770000.0
824430597868.0,6762346.22,2023-05-24,USD,6762346.22
738404450562.0,-6762346.22,2023-05-24,USD,6762346.22
666768175561.0,-6755163.85,2023-05-04,USD,6755163.85
72578259071.0,6755163.85,2023-05-04,USD,6755163.85
459987712329.0,-6755139.5,2023-05-05,USD,6755139.5
112312923622.0,6755139.5,2023-05-05,USD,6755139.5
467793156455.0,6742000.0,2023-04-30,USD,6742000.0
275704088970.0,-6738843.66,2023-03-09,USD,6738843.66
175357618829.0,6738843.66,2023-03-04,USD,6738843.66
518979720080.0,-6706651.97,2023-03-23,USD,6706651.97
400429019740.0,6590214.68,2023-05-24,USD,6590214.68
121528585808.0,-6590214.68,2023-05-24,USD,6590214.68
366823624173.0,6586955.97,2023-05-11,USD,6586955.97
841339154542.0,6584619.87,2023-04-30,USD,6584619.87
340872742912.0,-6584550.37,2023-03-09,USD,6584550.37
546489024520.0,6584550.37,2023-03-04,USD,6584550.37
546001057758.0,6577038.7,2023-03-05,USD,6577038.7
616064418943.0,6535847.23,2023-04-09,USD,6535847.23
694798888377.0,-6470868.58,2023-03-25,USD,6470868.58
163580896758.0,6461256.2,2023-04-28,USD,6461256.2
616786119984.0,-6461256.2,2023-04-28,USD,6461256.2
635744799454.0,6461256.2,2023-04-28,USD,6461256.2
838289239653.0,-6461256.2,2023-04-28,USD,6461256.2
509635565679.0,6401441.4,2023-04-01,USD,6401441.4
895940882763.0,-6401441.4,2023-04-01,USD,6401441.4
911279183346.0,-6390247.39,2023-04-06,USD,6390247.39
183012672822.0,-6377944.02,2023-05-13,USD,6377944.02
370291941550.0,6377944.02,2023-05-13,USD,6377944.02
21861905257.0,-6370108.53,2023-03-04,USD,6370108.53
322458998349.0,6370108.53,2023-03-09,USD,6370108.53
130775766964.0,6336851.67,2023-03-22,USD,6336851.67
735156796321.0,6326027.76,2023-03-12,USD,6326027.76
706492885139.0,-6270412.1,2023-04-28,USD,6270412.1
686223207212.0,6270412.1,2023-04-28,USD,6270412.1
985743254720.0,6249877.87,2023-05-11,USD,6249877.87
530303908018.0,-6249877.87,2023-05-11,USD,6249877.87
524225596993.0,6176307.49,2023-04-09,USD,6176307.49
341324846400.0,-6176307.49,2023-04-09,USD,6176307.49
418847219095.0,6154875.31,2023-04-26,USD,6154875.31
657091901201.0,6154875.31,2023-05-07,USD,6154875.31
111742583719.0,-6154875.31,2023-04-26,USD,6154875.31
807233848589.0,-6081224.46,2023-03-12,USD,6081224.46
920504349814.0,6081224.46,2023-03-12,USD,6081224.46
762922055695.0,6015787.98,2023-05-26,USD,6015787.98
527036650963.0,6013091.58,2023-03-17,USD,6013091.58
758922928612.0,-6002000.0,2023-05-04,USD,6002000.0
286312991939.0,6002000.0,2023-05-04,USD,6002000.0
616199278809.0,5919493.7,2023-03-05,USD,5919493.7
612410014101.0,5906411.31,2023-05-07,USD,5906411.31
115921277418.0,-5906411.31,2023-04-26,USD,5906411.31
47306960555.0,5906411.31,2023-04-26,USD,5906411.31
536350397554.0,5871312.92,2023-05-24,USD,5871312.92
172125503834.0,-5871312.92,2023-05-24,USD,5871312.92
561974918358.0,5867638.68,2023-05-24,USD,5867638.68
470155656435.0,-5865615.7,2023-04-28,USD,5865615.7
20809614265.0,5865615.7,2023-04-28,USD,5865615.7
817270144791.0,5823139.01,2023-04-05,USD,5823139.01
247209655883.0,-5823139.01,2023-04-05,USD,5823139.01
287748939597.0,-5823114.74,2023-04-02,USD,5823114.74
95643058331.0,5823114.74,2023-04-02,USD,5823114.74
390799111010.0,5820801.61,2023-03-29,USD,5820801.61
441225692655.0,-5820608.07,2023-04-02,USD,5820608.07
231939709807.0,5820608.07,2023-04-02,USD,5820608.07
541535313351.0,5812706.24,2023-05-05,USD,5812706.24
966595971283.0,-5812706.24,2023-05-05,USD,5812706.24
542694901344.0,-5800000.0,2023-05-07,USD,5800000.0
127175688007.0,5797027.44,2023-04-30,USD,5797027.44
376249196979.0,5728960.74,2023-04-22,USD,5728960.74
593741597857.0,-5728448.39,2023-04-21,USD,5728448.39
294341318358.0,-5720368.94,2023-05-19,USD,5720368.94
741678262008.0,5720368.94,2023-05-19,USD,5720368.94
945122970736.0,5706792.7,2023-05-24,USD,5706792.7
158329686286.0,-5706792.7,2023-05-24,USD,5706792.7
481888014965.0,-5706200.6,2023-03-12,USD,5706200.6
496039225232.0,5706200.6,2023-03-12,USD,5706200.6
626341695592.0,5706200.6,2023-03-12,USD,5706200.6
564189977087.0,-5706200.6,2023-03-12,USD,5706200.6
901072291651.0,-5700439.5,2023-03-09,USD,5700439.5
118143613807.0,5700439.5,2023-03-04,USD,5700439.5
241274018446.0,-5640783.35,2023-05-24,USD,5640783.35
378244551025.0,5640783.35,2023-05-24,USD,5640783.35
320052124092.0,-5630351.94,2023-05-07,USD,5630351.94
145730270247.0,5630254.29,2023-05-12,USD,5630254.29
718145042226.0,-5600000.0,2023-03-22,USD,5600000.0
975893128163.0,-5592782.08,2023-03-22,USD,5592782.08
811583817245.0,5592782.08,2023-03-22,USD,5592782.08
153514702000.0,-5562330.0,2023-05-27,USD,5562330.0
581745010702.0,5562330.0,2023-05-27,USD,5562330.0
713033891645.0,-5555647.89,2023-03-04,USD,5555647.89
535808794837.0,5555647.89,2023-03-09,USD,5555647.89
139940806451.0,-5551097.69,2023-05-13,USD,5551097.69
421378766874.0,5551097.69,2023-05-13,USD,5551097.69
498792234999.0,5551067.35,2023-03-25,USD,5551067.35
151195187049.0,-5519618.24,2023-05-06,USD,5519618.24
977751335362.0,5519618.24,2023-05-06,USD,5519618.24
122954849118.0,-5519000.0,2023-03-22,USD,5519000.0
852285651434.0,5511555.11,2023-03-30,USD,5511555.11
728706610363.0,5509635.8,2023-05-25,USD,5509635.8
308749827892.0,-5509635.8,2023-05-25,USD,5509635.8
268305651862.0,-5445800.0,2023-04-19,USD,5445800.0
889084714156.0,5445800.0,2023-04-19,USD,5445800.0
519862771484.0,5440047.1,2023-04-30,USD,5440047.1
531159583376.0,5438577.93,2023-03-26,USD,5438577.93
31636264933.0,-5438577.93,2023-03-26,USD,5438577.93
470984245057.0,-5438519.02,2023-03-29,USD,5438519.02
140419583419.0,5437177.31,2023-03-26,USD,5437177.31
654374928529.0,5423280.36,2023-04-05,USD,5423280.36
44368720333.0,5419056.9,2023-03-09,USD,5419056.9
863167247903.0,-5390263.76,2023-04-29,USD,5390263.76
164581213530.0,5390263.76,2023-04-29,USD,5390263.76
715938135165.0,-5367532.57,2023-05-07,USD,5367532.57
864910305961.0,5367532.57,2023-05-07,USD,5367532.57
257039067428.0,5367164.96,2023-03-05,USD,5367164.96
484884633484.0,-5367164.96,2023-03-05,USD,5367164.96
401955964736.0,5367164.96,2023-03-16,USD,5367164.96
378647365552.0,5367164.96,2023-03-05,USD,5367164.96
563714845454.0,-5367164.96,2023-03-16,USD,5367164.96
324480955087.0,-5367164.96,2023-03-05,USD,5367164.96
396384983873.0,-5329224.92,2023-04-09,USD,5329224.92
972055557260.0,5329224.92,2023-04-09,USD,5329224.92
6827214744.0,5321013.0,2023-03-15,USD,5321013.0
332770901850.0,5305270.97,2023-05-11,USD,5305270.97
820240197722.0,-5264061.32,2023-05-20,USD,5264061.32
854499240559.0,5264061.32,2023-05-20,USD,5264061.32
765466584097.0,-5237900.28,2023-03-17,USD,5237900.28
322834485430.0,5237900.28,2023-03-17,USD,5237900.28
420519258856.0,-5237900.28,2023-03-17,USD,5237900.28
95002349357.0,-5237900.28,2023-03-17,USD,5237900.28
576982881605.0,5237900.28,2023-03-17,USD,5237900.28
169353255498.0,-5237900.28,2023-03-17,USD,5237900.28
946472566438.0,5237900.28,2023-03-17,USD,5237900.28
653410859812.0,5237900.28,2023-03-17,USD,5237900.28
9910886178.0,5225267.26,2023-05-04,USD,5225267.26
319854134250.0,5210709.94,2023-04-12,USD,5210709.94
100188831716.0,-5210709.94,2023-04-12,USD,5210709.94
640156601443.0,-5178590.83,2023-03-09,USD,5178590.83
902320883228.0,5178590.83,2023-03-04,USD,5178590.83
600279398456.0,5130000.0,2023-03-16,USD,5130000.0
728045842756.0,-5130000.0,2023-03-16,USD,5130000.0
16351542807.0,5129246.02,2023-03-22,USD,5129246.02
562536795178.0,-5129246.02,2023-03-22,USD,5129246.02
500772395293.0,5087042.62,2023-03-08,USD,5087042.62
283673360401.0,-5087042.62,2023-03-08,USD,5087042.62
44780053299.0,5063614.03,2023-05-19,USD,5063614.03
373036827140.0,-5060494.53,2023-05-18,USD,5060494.53
423670565180.0,5056568.02,2023-05-12,USD,5056568.02
676796037013.0,-5056568.02,2023-05-12,USD,5056568.02
374193874842.0,5055422.2,2023-05-12,USD,5055422.2
975250077112.0,-5055422.2,2023-05-12,USD,5055422.2
736362187623.0,5055422.2,2023-05-12,USD,5055422.2
658675659746.0,-5055422.2,2023-05-12,USD,5055422.2
41794100222.0,5052438.6,2023-03-29,USD,5052438.6
14213934678.0,-5051413.13,2023-04-14,USD,5051413.13
480673912804.0,5048664.39,2023-04-05,USD,5048664.39
784614688787.0,-5043004.79,2023-04-30,USD,5043004.79
904877560106.0,-5042000.0,2023-03-23,USD,5042000.0
257224269375.0,5042000.0,2023-03-29,USD,5042000.0
271726119335.0,5042000.0,2023-03-23,USD,5042000.0
821061435648.0,-5037128.04,2023-05-19,USD,5037128.04
427675471715.0,5037128.04,2023-05-19,USD,5037128.04
443757425909.0,5031801.9,2023-04-30,USD,5031801.9
967679279840.0,-5031241.53,2023-03-05,USD,5031241.53
785256029735.0,-5021291.0,2023-04-02,USD,5021291.0
66575210222.0,-5021291.0,2023-04-02,USD,5021291.0
605723642842.0,5021291.0,2023-04-02,USD,5021291.0
379777197832.0,5021291.0,2023-04-02,USD,5021291.0
172898225993.0,-5000000.0,2023-04-14,USD,5000000.0
603327780198.0,-4907878.99,2023-05-21,USD,4907878.99
696232145491.0,4907878.99,2023-05-21,USD,4907878.99
235062017074.0,-4900533.32,2023-04-05,USD,4900533.32
169406747373.0,4900281.95,2023-03-08,USD,4900281.95
200941245374.0,-4900281.95,2023-03-08,USD,4900281.95
895161822302.0,-4896683.8,2023-04-20,USD,4896683.8
308581135558.0,4896683.8,2023-04-20,USD,4896683.8
806374049511.0,-4896680.0,2023-04-20,USD,4896680.0
927324945479.0,-4896680.0,2023-04-20,USD,4896680.0
402308146884.0,-4896680.0,2023-04-20,USD,4896680.0
977462389418.0,4896638.33,2023-04-21,USD,4896638.33
413936636024.0,-4896638.33,2023-04-21,USD,4896638.33
587922078468.0,4896504.2,2023-04-20,USD,4896504.2
50996883978.0,-4896504.2,2023-04-20,USD,4896504.2
230733246187.0,-4896494.67,2023-04-21,USD,4896494.67
415900239477.0,4896494.67,2023-04-21,USD,4896494.67
948287032102.0,-4896489.9,2023-04-05,USD,4896489.9
859977198729.0,4891887.3,2023-05-13,USD,4891887.3
77789838045.0,-4891887.3,2023-05-13,USD,4891887.3
639970174699.0,4891887.3,2023-05-13,USD,4891887.3
833156071210.0,-4891887.3,2023-05-13,USD,4891887.3
192954647082.0,4869410.18,2023-05-18,USD,4869410.18
650349020345.0,-4862622.48,2023-05-24,USD,4862622.48
843540546550.0,4862622.48,2023-05-24,USD,4862622.48
609855559938.0,-4860984.1,2023-05-03,USD,4860984.1
530672751823.0,4860984.1,2023-05-03,USD,4860984.1
421648589736.0,4860032.86,2023-03-25,USD,4860032.86
760433560023.0,-4860032.86,2023-03-25,USD,4860032.86
187523342681.0,4785975.76,2023-04-28,USD,4785975.76
787979539841.0,-4785975.76,2023-04-28,USD,4785975.76
733253601638.0,-4785642.05,2023-05-19,USD,4785642.05
291217124548.0,4781511.3,2023-03-10,USD,4781511.3
38026077431.0,-4781511.3,2023-03-10,USD,4781511.3
773867762392.0,-4780219.92,2023-05-21,USD,4780219.92
896984709122.0,-4779548.23,2023-05-04,USD,4779548.23
446991444086.0,-4779548.23,2023-05-04,USD,4779548.23
186054357820.0,-4767476.04,2023-04-22,USD,4767476.04
389385560890.0,4726017.91,2023-05-26,USD,4726017.91
92922075698.0,4725190.0,2023-05-03,USD,4725190.0
397577655879.0,4724473.44,2023-04-14,USD,4724473.44
409366476319.0,-4724286.75,2023-04-30,USD,4724286.75
270670542043.0,-4719725.8,2023-03-17,USD,4719725.8
978585207225.0,-4719725.8,2023-03-17,USD,4719725.8
878497833171.0,-4719725.8,2023-03-17,USD,4719725.8
168680148717.0,-4719725.8,2023-03-17,USD,4719725.8
836573744627.0,-4719725.8,2023-03-17,USD,4719725.8
758582602579.0,-4716184.6,2023-03-05,USD,4716184.6
644661405567.0,4716184.6,2023-03-05,USD,4716184.6
221924435997.0,-4716184.6,2023-03-04,USD,4716184.6
810527842879.0,4715953.32,2023-04-07,USD,4715953.32
403941726.0,-4715953.32,2023-04-07,USD,4715953.32
256819003161.0,-4701996.08,2023-05-24,USD,4701996.08
440410445062.0,4701996.08,2023-05-24,USD,4701996.08
669568189380.0,4697352.08,2023-04-08,USD,4697352.08
883326409543.0,-4697352.08,2023-04-08,USD,4697352.08
19123874611.0,4693932.0,2023-03-09,USD,4693932.0
340773220430.0,4691532.86,2023-03-23,USD,4691532.86
708785576088.0,-4691532.86,2023-03-23,USD,4691532.86
611475916345.0,4690679.91,2023-03-22,USD,4690679.91
381235296809.0,4690679.91,2023-03-22,USD,4690679.91
512847474305.0,-4690679.91,2023-03-22,USD,4690679.91
539497863525.0,4690679.91,2023-03-22,USD,4690679.91
791042225012.0,-4690679.91,2023-03-22,USD,4690679.91
2604072860.0,-4690679.91,2023-03-22,USD,4690679.91
699543633935.0,4683691.92,2023-03-15,USD,4683691.92
739081872555.0,4658321.07,2023-05-05,USD,4658321.07
344818909699.0,-4658321.07,2023-05-05,USD,4658321.07
789782356495.0,-4649633.32,2023-04-08,USD,4649633.32
372660985831.0,4639580.0,2023-03-22,USD,4639580.0
113861104237.0,4614804.0,2023-05-05,USD,4614804.0
736716545980.0,4614401.0,2023-05-04,USD,4614401.0
415821402685.0,-4604555.86,2023-05-25,USD,4604555.86
676027528440.0,4604555.86,2023-05-25,USD,4604555.86
931533707594.0,4599375.5,2023-04-14,USD,4599375.5
389394010967.0,-4597850.0,2023-05-25,USD,4597850.0
134206091068.0,-4573157.06,2023-05-24,USD,4573157.06
201860742398.0,4573157.06,2023-05-24,USD,4573157.06
385450422230.0,4570874.16,2023-04-27,USD,4570874.16
715153746080.0,4570496.5,2023-05-24,USD,4570496.5
46153515337.0,-4570496.5,2023-05-24,USD,4570496.5
84444135478.0,4568234.67,2023-03-23,USD,4568234.67
6074565845.0,-4562471.65,2023-05-24,USD,4562471.65
335771068129.0,4562471.65,2023-05-24,USD,4562471.65
214117374909.0,4558836.15,2023-05-05,USD,4558836.15
526788880577.0,4556189.46,2023-05-19,USD,4556189.46
125198523558.0,4551917.99,2023-05-03,USD,4551917.99
352075342789.0,4551917.99,2023-05-04,USD,4551917.99
123386771185.0,-4551917.99,2023-05-04,USD,4551917.99
188279521.0,-4548587.94,2023-04-28,USD,4548587.94
281900781687.0,4548587.94,2023-04-28,USD,4548587.94
184940442934.0,4545568.99,2023-04-26,USD,4545568.99
218169419867.0,-4545568.99,2023-04-26,USD,4545568.99
534463307376.0,4545568.99,2023-05-07,USD,4545568.99
270085105361.0,4528290.29,2023-03-22,USD,4528290.29
916928745752.0,-4528290.29,2023-03-22,USD,4528290.29
254626735192.0,4527364.01,2023-04-14,USD,4527364.01
749632179575.0,4527364.01,2023-04-15,USD,4527364.01
587961432915.0,4527364.01,2023-04-13,USD,4527364.01
261551971248.0,-4527364.01,2023-04-15,USD,4527364.01
396992545155.0,-4527364.01,2023-04-13,USD,4527364.01
985926323208.0,-4527364.01,2023-04-14,USD,4527364.01
630986868460.0,4527300.0,2023-03-22,USD,4527300.0
372531965102.0,-4527300.0,2023-03-22,USD,4527300.0
44585316732.0,-4525530.73,2023-05-04,USD,4525530.73
134496936180.0,4525530.73,2023-05-04,USD,4525530.73
391656611505.0,-4522600.0,2023-04-06,USD,4522600.0
340770957772.0,-4520246.18,2023-03-09,USD,4520246.18
383630914642.0,4520246.18,2023-03-04,USD,4520246.18
558946471597.0,4519450.36,2023-03-05,USD,4519450.36
961845883093.0,-4518949.52,2023-03-04,USD,4518949.52
535170331944.0,4518949.52,2023-03-09,USD,4518949.52
765794388596.0,4500463.45,2023-03-11,USD,4500463.45
43562411011.0,-4500463.45,2023-03-11,USD,4500463.45
491574490689.0,4500000.0,2023-03-05,USD,4500000.0
48942984842.0,4499010.03,2023-05-14,USD,4499010.03
8945178347.0,-4499010.03,2023-05-14,USD,4499010.03
387681653347.0,4499010.03,2023-05-14,USD,4499010.03
870676918973.0,-4499010.03,2023-05-14,USD,4499010.03
768051178382.0,-4498455.65,2022-09-25,USD,4498455.65
891254568227.0,4494745.19,2023-03-22,USD,4494745.19
897867076189.0,-4494745.19,2023-03-22,USD,4494745.19
714743080928.0,4490563.21,2022-09-22,USD,4490563.21
753407904935.0,-4490563.21,2022-09-22,USD,4490563.21
566501657834.0,4481450.0,2023-05-25,USD,4481450.0
869604294539.0,4477929.26,2023-03-05,USD,4477929.26
433985533655.0,-4465894.71,2023-05-05,USD,4465894.71
279461736463.0,4465894.71,2023-04-30,USD,4465894.71
151170567989.0,-4465894.71,2023-04-30,USD,4465894.71
192223471125.0,4465894.71,2023-05-05,USD,4465894.71
668941655608.0,4465894.71,2023-05-04,USD,4465894.71
706107777962.0,-4465894.71,2023-05-04,USD,4465894.71
162994751809.0,-4464430.0,2023-03-08,USD,4464430.0
140091975701.0,4462092.97,2023-05-26,USD,4462092.97
573951084558.0,-4443823.75,2023-04-08,USD,4443823.75
965467813947.0,4443807.38,2023-04-08,USD,4443807.38
760128886790.0,-4424850.23,2023-05-07,USD,4424850.23
624082693616.0,4424511.08,2023-03-09,USD,4424511.08
742408146756.0,-4424511.08,2023-03-04,USD,4424511.08
566456015467.0,4423893.02,2023-03-12,USD,4423893.02
792786369729.0,4423588.36,2023-05-04,USD,4423588.36
45564544020.0,4423503.31,2023-05-20,USD,4423503.31
767329709603.0,-4423503.31,2023-05-20,USD,4423503.31
711605885542.0,4422773.83,2023-03-11,USD,4422773.83
468948406514.0,-4422000.0,2023-03-11,USD,4422000.0
860772362223.0,4421484.94,2023-04-29,USD,4421484.94
559819281915.0,4400000.0,2023-03-16,USD,4400000.0
109717882906.0,-4400000.0,2023-03-16,USD,4400000.0
669523698995.0,4399753.67,2023-03-04,USD,4399753.67
268891872918.0,4392127.37,2023-05-14,USD,4392127.37
299816943957.0,-4392127.37,2023-05-14,USD,4392127.37
23167481614.0,4383700.0,2023-05-26,USD,4383700.0
829720071962.0,-4383700.0,2023-05-26,USD,4383700.0
651011257660.0,-4381445.78,2023-04-05,USD,4381445.78
673289133191.0,4373806.87,2023-03-05,USD,4373806.87
807069430888.0,4369947.31,2023-05-24,USD,4369947.31
603451300354.0,-4369947.31,2023-05-24,USD,4369947.31
999841367039.0,4367503.49,2023-05-28,USD,4367503.49
885707764149.0,4339368.63,2023-05-21,USD,4339368.63
799340731351.0,-4294100.0,2023-03-10,USD,4294100.0
467223240451.0,-4290182.55,2023-05-18,USD,4290182.55
262332639778.0,4241874.48,2023-05-07,USD,4241874.48
182093250807.0,-4241874.48,2023-05-07,USD,4241874.48
790707900146.0,4241868.59,2023-05-06,USD,4241868.59
921756221751.0,-4241868.59,2023-05-06,USD,4241868.59
947215658020.0,4195682.39,2023-03-23,USD,4195682.39
425351876061.0,4179258.57,2023-05-24,USD,4179258.57
757039839544.0,-4179258.57,2023-05-24,USD,4179258.57
24547360237.0,4177901.51,2023-04-06,USD,4177901.51
46438577292.0,4116456.35,2023-05-19,USD,4116456.35
702504309154.0,4106937.0,2023-03-08,USD,4106937.0
696155559799.0,-4106937.0,2023-03-08,USD,4106937.0
635927268103.0,4106514.06,2023-03-12,USD,4106514.06
287872028931.0,-4028624.0,2023-04-19,USD,4028624.0
876732600630.0,4028624.0,2023-04-19,USD,4028624.0
105965656070.0,-4003292.65,2023-05-07,USD,4003292.65
155722563617.0,-4003118.09,2023-03-04,USD,4003118.09
588800216980.0,4003118.09,2023-03-09,USD,4003118.09
852718806899.0,4002660.02,2023-04-08,USD,4002660.02
128265216342.0,-4000000.0,2023-04-12,USD,4000000.0
79020595146.0,-4000000.0,2023-05-25,USD,4000000.0
458589764072.0,-4000000.0,2023-05-21,USD,4000000.0
381425665071.0,4000000.0,2023-05-25,USD,4000000.0
629917456921.0,-3999301.38,2022-09-25,USD,3999301.38
537542277202.0,3999301.38,2022-09-25,USD,3999301.38
832255202462.0,3998495.95,2023-03-17,USD,3998495.95
779254308990.0,-3998009.97,2023-03-04,USD,3998009.97
351265335376.0,3998009.97,2023-03-09,USD,3998009.97
361211708180.0,-3997865.63,2023-03-31,USD,3997865.63
190937338999.0,-3997520.0,2023-03-05,USD,3997520.0
255223389879.0,3997520.0,2023-03-05,USD,3997520.0
214163420674.0,-3994403.17,2023-04-26,USD,3994403.17
427417050402.0,3994403.17,2023-04-26,USD,3994403.17
39655427878.0,3994065.52,2023-04-28,USD,3994065.52
273039871727.0,3991913.32,2023-04-07,USD,3991913.32
679536168590.0,-3991055.18,2023-05-27,USD,3991055.18
667598548805.0,3991055.18,2023-05-27,USD,3991055.18
935513726285.0,3989925.0,2023-03-04,USD,3989925.0
553788178144.0,-3989925.0,2023-03-09,USD,3989925.0
431988642361.0,-3982678.93,2023-05-12,USD,3982678.93
414203229025.0,3982678.93,2023-05-12,USD,3982678.93
774891858649.0,3940084.28,2023-04-30,USD,3940084.28
249653208525.0,3937419.28,2023-04-05,USD,3937419.28
338959463947.0,-3937419.28,2023-04-05,USD,3937419.28
25825324771.0,3934924.2,2023-03-09,USD,3934924.2
659214280016.0,-3934924.2,2023-03-04,USD,3934924.2
40160968181.0,3929780.0,2023-03-17,USD,3929780.0
720677210339.0,-3929780.0,2023-03-17,USD,3929780.0
368790485561.0,3927477.25,2023-04-14,USD,3927477.25
227796470817.0,3924449.99,2023-05-26,USD,3924449.99
440982322014.0,-3922432.3,2023-04-14,USD,3922432.3
869836947823.0,-3922432.3,2023-04-14,USD,3922432.3
105260155294.0,3901579.44,2023-05-11,USD,3901579.44
457330105374.0,-3901579.44,2023-05-11,USD,3901579.44
879766357075.0,3900000.0,2023-05-25,USD,3900000.0
840061711083.0,-3898314.03,2023-04-02,USD,3898314.03
553365619761.0,-3862700.23,2023-05-24,USD,3862700.23
904130186325.0,-3858270.5,2023-05-07,USD,3858270.5
298674578556.0,-3852893.47,2023-03-24,USD,3852893.47
368794615791.0,3825480.52,2023-03-23,USD,3825480.52
772075957355.0,3825480.52,2023-03-19,USD,3825480.52
499154520623.0,3825480.52,2023-03-19,USD,3825480.52
31036154679.0,-3825480.52,2023-03-19,USD,3825480.52
544308722380.0,-3825480.52,2023-03-19,USD,3825480.52
207691254869.0,3823900.98,2023-04-30,USD,3823900.98
146545439958.0,-3823588.07,2023-05-17,USD,3823588.07
299479305327.0,3823588.07,2023-05-17,USD,3823588.07
78788626837.0,3794150.0,2023-03-26,USD,3794150.0
885299404988.0,-3794150.0,2023-03-26,USD,3794150.0
427289093344.0,-3787997.51,2023-03-08,USD,3787997.51
773739398804.0,3787997.51,2023-03-08,USD,3787997.51
671187324766.0,3786981.71,2023-03-04,USD,3786981.71
546175127887.0,-3786981.71,2023-03-09,USD,3786981.71
450448004772.0,3786780.0,2023-04-26,USD,3786780.0
736210025191.0,-3786780.0,2023-04-26,USD,3786780.0
523076738473.0,3752395.0,2023-03-26,USD,3752395.0
681056481921.0,3751161.83,2022-09-25,USD,3751161.83
148616347998.0,3751161.83,2022-09-25,USD,3751161.83
566097986494.0,-3751161.83,2022-09-25,USD,3751161.83
130010413479.0,3750315.62,2023-03-11,USD,3750315.62
633786174829.0,-3750315.62,2023-03-11,USD,3750315.62
935533700087.0,3749461.55,2023-04-15,USD,3749461.55
55382696936.0,3747737.31,2023-05-24,USD,3747737.31
184204870374.0,3738547.33,2023-03-10,USD,3738547.33
193842799249.0,-3686515.3,2023-03-10,USD,3686515.3
215795097769.0,3686515.3,2023-03-10,USD,3686515.3
548633872558.0,-3629500.0,2023-05-17,USD,3629500.0
764987410769.0,-3622488.74,2023-05-03,USD,3622488.74
999967658598.0,3622488.74,2023-05-03,USD,3622488.74
703624052882.0,-3622000.0,2023-03-16,USD,3622000.0
347186783604.0,3622000.0,2023-03-16,USD,3622000.0
638814150820.0,3622000.0,2023-03-16,USD,3622000.0
129219516885.0,-3600000.0,2023-05-07,USD,3600000.0
846077553258.0,-3598117.68,2023-05-27,USD,3598117.68
176563597749.0,-3596900.0,2023-04-14,USD,3596900.0
674622424350.0,-3596900.0,2023-04-14,USD,3596900.0
180875094589.0,-3596900.0,2023-04-14,USD,3596900.0
766398120443.0,3585933.49,2023-05-24,USD,3585933.49
822521861063.0,3572943.5,2023-05-27,USD,3572943.5
569965527546.0,3566161.4,2023-03-09,USD,3566161.4
129863017695.0,-3566161.4,2023-03-04,USD,3566161.4
531002176393.0,-3565841.69,2023-04-30,USD,3565841.69
776762807227.0,3521635.97,2023-03-09,USD,3521635.97
573732633409.0,-3521635.97,2023-03-09,USD,3521635.97
594152914412.0,3521180.0,2023-05-14,USD,3521180.0
144215122448.0,3517222.27,2023-03-10,USD,3517222.27
93607368201.0,-3517222.27,2023-03-10,USD,3517222.27
244309732608.0,3517222.27,2023-03-08,USD,3517222.27
696626054785.0,-3514531.3,2023-05-17,USD,3514531.3
953053117260.0,3514531.3,2023-05-17,USD,3514531.3
172675189465.0,3511934.51,2023-03-08,USD,3511934.51
359028555511.0,3511572.19,2023-03-09,USD,3511572.19
477720619238.0,-3511572.19,2023-03-04,USD,3511572.19
711343896691.0,-3511529.3,2023-03-05,USD,3511529.3
236709818134.0,3511316.67,2023-03-05,USD,3511316.67
429518605468.0,-3511093.33,2023-03-12,USD,3511093.33
613049823538.0,-3500000.0,2023-03-08,USD,3500000.0
907178925775.0,-3482972.38,2023-05-06,USD,3482972.38
947174723534.0,3482972.38,2023-05-06,USD,3482972.38
965550484489.0,-3479353.25,2023-03-31,USD,3479353.25
997460694075.0,3478630.0,2023-05-17,USD,3478630.0
218275283213.0,-3478630.0,2023-05-17,USD,3478630.0
75499921960.0,-3470886.0,2023-04-22,USD,3470886.0
942986271641.0,3470886.0,2023-04-22,USD,3470886.0
684108211011.0,3449495.0,2023-05-07,USD,3449495.0
89184602048.0,3449495.0,2023-04-26,USD,3449495.0
149460543483.0,-3449495.0,2023-04-26,USD,3449495.0
556597309282.0,-3448927.6,2023-04-26,USD,3448927.6
219540733012.0,3448927.6,2023-04-26,USD,3448927.6
798703652466.0,3448927.6,2023-05-07,USD,3448927.6
539091569970.0,-3442292.1,2023-03-22,USD,3442292.1
658063618844.0,3442292.1,2023-03-22,USD,3442292.1
518606983177.0,3423930.56,2023-03-11,USD,3423930.56
854350839452.0,-3416870.0,2023-05-04,USD,3416870.0
35971503068.0,3385417.54,2023-05-07,USD,3385417.54
391249296563.0,-3385417.54,2023-04-26,USD,3385417.54
954546464859.0,3385417.54,2023-04-26,USD,3385417.54
659367276005.0,3364100.0,2023-03-17,USD,3364100.0
777309054735.0,-3364000.0,2023-04-26,USD,3364000.0
25214842743.0,3364000.0,2023-04-26,USD,3364000.0
89520135973.0,3360669.86,2023-05-12,USD,3360669.86
477638458783.0,-3350891.5,2023-04-01,USD,3350891.5
758205119135.0,3350891.5,2023-04-01,USD,3350891.5
210683302449.0,-3347406.9,2023-04-06,USD,3347406.9
882354827749.0,-3346500.0,2023-04-12,USD,3346500.0
210712127472.0,3346500.0,2023-04-12,USD,3346500.0
86771383170.0,-3343427.19,2023-05-18,USD,3343427.19
43154048143.0,3343427.19,2023-05-18,USD,3343427.19
630727708763.0,-3340317.3,2023-04-19,USD,3340317.3
15825900563.0,3340317.3,2023-04-19,USD,3340317.3
407431228935.0,-3338333.99,2023-05-11,USD,3338333.99
1573500781.0,3338333.99,2023-05-11,USD,3338333.99
921375561302.0,3330000.0,2023-05-05,USD,3330000.0
652218776116.0,-3330000.0,2023-05-05,USD,3330000.0
300556275953.0,-3328718.04,2023-03-11,USD,3328718.04
159499710607.0,3328718.04,2023-03-11,USD,3328718.04
883827660897.0,-3312153.9,2023-05-24,USD,3312153.9
649567837763.0,3312153.9,2023-05-24,USD,3312153.9
210033637481.0,3310000.0,2023-03-09,USD,3310000.0
802087479276.0,-3310000.0,2023-03-04,USD,3310000.0
986818118474.0,3306750.0,2023-04-15,USD,3306750.0
179280575547.0,-3306750.0,2023-04-15,USD,3306750.0
868198940134.0,3306750.0,2023-04-13,USD,3306750.0
286834939682.0,3306750.0,2023-04-13,USD,3306750.0
951814103038.0,3284000.0,2023-03-11,USD,3284000.0
27089598587.0,-3284000.0,2023-03-09,USD,3284000.0
985740220161.0,-3283782.5,2023-03-23,USD,3283782.5
959559498804.0,3283782.5,2023-03-23,USD,3283782.5
237932371647.0,3278009.43,2023-03-22,USD,3278009.43
266090640833.0,-3278009.43,2023-03-22,USD,3278009.43
742980780976.0,3277805.58,2023-05-14,USD,3277805.58
347366972385.0,3277805.58,2023-05-14,USD,3277805.58
228683462528.0,-3277805.58,2023-05-14,USD,3277805.58
822765873370.0,-3277805.58,2023-05-14,USD,3277805.58
21291547270.0,-3276350.46,2023-04-06,USD,3276350.46
88926247471.0,3276350.46,2023-04-06,USD,3276350.46
590978530663.0,3276127.36,2023-05-17,USD,3276127.36
764664529255.0,3271119.62,2023-05-17,USD,3271119.62
111016892498.0,-3271119.62,2023-05-17,USD,3271119.62
734527504687.0,-3270496.92,2023-04-01,USD,3270496.92
18850237486.0,3270496.92,2023-04-01,USD,3270496.92
736657525918.0,-3265506.74,2023-04-26,USD,3265506.74
622635454725.0,3265506.74,2023-05-07,USD,3265506.74
48699648531.0,3265506.74,2023-04-26,USD,3265506.74
489870700252.0,3255149.2,2023-04-01,USD,3255149.2
503867957813.0,-3255149.2,2023-04-01,USD,3255149.2
552526265652.0,3254486.86,2023-03-02,USD,3254486.86
953616394068.0,-3254486.86,2023-03-02,USD,3254486.86
36309140500.0,-3247051.14,2023-05-18,USD,3247051.14
636748949884.0,3246050.51,2023-04-14,USD,3246050.51
140935669875.0,-3246042.73,2023-04-14,USD,3246042.73
629533583032.0,3246042.73,2023-04-14,USD,3246042.73
17981793016.0,-3208688.0,2023-05-12,USD,3208688.0
609686469077.0,3208688.0,2023-05-13,USD,3208688.0
711729171819.0,3208688.0,2023-05-12,USD,3208688.0
272768089392.0,3198132.34,2023-05-25,USD,3198132.34
197703190449.0,3195587.65,2023-04-26,USD,3195587.65
638311149102.0,-3195587.65,2023-04-26,USD,3195587.65
458142925759.0,3195587.65,2023-05-07,USD,3195587.65
587915852904.0,3194177.13,2023-04-08,USD,3194177.13
541696812188.0,3193626.66,2023-03-11,USD,3193626.66
498694987680.0,-3184542.0,2023-03-22,USD,3184542.0
322582564725.0,3184542.0,2023-03-22,USD,3184542.0
206070849331.0,3181839.09,2023-05-05,USD,3181839.09
137714545620.0,3181434.83,2023-05-18,USD,3181434.83
118559119056.0,-3181434.83,2023-05-18,USD,3181434.83
217633451787.0,3177611.12,2023-03-31,USD,3177611.12
834144659341.0,-3176291.84,2023-04-07,USD,3176291.84
69076206787.0,3176291.84,2023-04-07,USD,3176291.84
445064026903.0,-3153103.43,2023-03-15,USD,3153103.43
461800478007.0,3153103.43,2023-03-15,USD,3153103.43
851560998029.0,-3153039.93,2023-05-27,USD,3153039.93
210170822795.0,3150010.08,2023-05-14,USD,3150010.08
318631663440.0,-3134000.0,2023-03-30,USD,3134000.0
98263383866.0,-3113000.0,2023-05-14,USD,3113000.0
80072604877.0,3108945.34,2023-03-31,USD,3108945.34
92077148943.0,3102238.66,2023-03-15,USD,3102238.66
984128092173.0,-3102238.66,2023-03-15,USD,3102238.66
930751506967.0,3091721.57,2023-05-26,USD,3091721.57
249791457177.0,-3089000.0,2023-03-12,USD,3089000.0
699492322097.0,3089000.0,2023-03-12,USD,3089000.0
961072149570.0,-3089000.0,2023-03-12,USD,3089000.0
998781055935.0,3089000.0,2023-03-12,USD,3089000.0
268929141656.0,-3088467.79,2023-04-30,USD,3088467.79
344383548705.0,-3086031.62,2023-03-16,USD,3086031.62
647205415478.0,3086031.62,2023-03-16,USD,3086031.62
314996116131.0,-3085340.88,2023-03-15,USD,3085340.88
688187127114.0,3085340.88,2023-03-15,USD,3085340.88
389820867524.0,-3084451.0,2023-05-14,USD,3084451.0
213125742121.0,3084451.0,2023-05-14,USD,3084451.0
852082519580.0,-3083927.01,2023-05-13,USD,3083927.01
497390917240.0,3083927.01,2023-05-13,USD,3083927.01
695606239971.0,3080950.96,2023-04-28,USD,3080950.96
398420293377.0,-3080912.2,2023-04-07,USD,3080912.2
35339738552.0,3080912.2,2023-04-07,USD,3080912.2
936786320225.0,-3078103.86,2023-03-22,USD,3078103.86
728388482139.0,3078103.86,2023-03-22,USD,3078103.86
337151253907.0,-3033253.6,2023-05-17,USD,3033253.6
899726570976.0,3033253.6,2023-05-17,USD,3033253.6
577656088485.0,-3031839.92,2023-04-09,USD,3031839.92
980289911026.0,3031839.92,2023-04-09,USD,3031839.92
873999679086.0,-3031830.65,2023-04-08,USD,3031830.65
449350096385.0,3031830.65,2023-04-08,USD,3031830.65
651641508464.0,-3030000.0,2023-03-19,USD,3030000.0
396754405333.0,3030000.0,2023-03-19,USD,3030000.0
741794964609.0,3029407.34,2023-05-04,USD,3029407.34
561658742989.0,3028305.79,2023-04-09,USD,3028305.79
981526206646.0,-3027948.71,2023-04-07,USD,3027948.71
649445922663.0,3027948.71,2023-04-07,USD,3027948.71
827778239156.0,3027948.71,2023-04-08,USD,3027948.71
188116271088.0,-3027948.71,2023-04-08,USD,3027948.71
620448499463.0,3013507.7,2023-03-26,USD,3013507.7
783702675133.0,3013250.57,2023-04-15,USD,3013250.57
398473486166.0,3011985.1,2023-03-26,USD,3011985.1
847863702231.0,-3005385.45,2023-05-03,USD,3005385.45
344810732970.0,3005385.45,2023-05-03,USD,3005385.45
666366979863.0,-2970219.48,2023-04-26,USD,2970219.48
400024200452.0,2970219.48,2023-04-26,USD,2970219.48
380957581119.0,2970219.48,2023-05-07,USD,2970219.48
301266204007.0,2967525.2,2023-05-18,USD,2967525.2
403704089243.0,2961968.42,2023-03-05,USD,2961968.42
269844029164.0,2961061.2,2023-03-10,USD,2961061.2
742263273315.0,-2961061.2,2023-03-10,USD,2961061.2
577525347184.0,2959788.54,2023-03-05,USD,2959788.54
957504173904.0,-2959660.43,2023-03-15,USD,2959660.43
78448115235.0,2959660.4,2023-03-15,USD,2959660.4
31454181242.0,-2959660.4,2023-03-15,USD,2959660.4
514080557698.0,2959660.4,2023-03-15,USD,2959660.4
810314976386.0,2959087.38,2023-03-04,USD,2959087.38
852891765495.0,-2959087.38,2023-03-09,USD,2959087.38
977686226545.0,2958146.49,2023-03-12,USD,2958146.49
398937206523.0,-2957459.0,2023-03-11,USD,2957459.0
890943276894.0,-2954838.4,2023-05-07,USD,2954838.4
999842658326.0,2954602.67,2023-05-24,USD,2954602.67
999379710115.0,-2954602.67,2023-05-24,USD,2954602.67
976819511856.0,2871508.18,2023-04-09,USD,2871508.18
45094032805.0,2862727.06,2023-04-08,USD,2862727.06
129974535488.0,-2862727.06,2023-04-08,USD,2862727.06
268962921170.0,-2862560.0,2023-05-13,USD,2862560.0
677990568960.0,2862560.0,2023-05-13,USD,2862560.0
630834851887.0,-2860583.57,2023-05-27,USD,2860583.57
514873812517.0,2860583.57,2023-05-27,USD,2860583.57
467904262480.0,-2857835.5,2023-05-25,USD,2857835.5
849683970395.0,2857835.5,2023-05-25,USD,2857835.5
78219509937.0,-2857835.5,2023-05-25,USD,2857835.5
612979478919.0,2857835.5,2023-05-25,USD,2857835.5
791037362811.0,-2856960.45,2023-04-28,USD,2856960.45
287043062347.0,2855000.0,2023-05-21,USD,2855000.0
383166051025.0,-2855000.0,2023-05-21,USD,2855000.0
490358303416.0,2851082.18,2023-05-24,USD,2851082.18
349453948046.0,2851000.0,2023-05-24,USD,2851000.0
248743038061.0,-2851000.0,2023-05-24,USD,2851000.0
165126008.0,2851000.0,2023-05-19,USD,2851000.0
929002426728.0,-2851000.0,2023-05-24,USD,2851000.0
280309872071.0,2851000.0,2023-05-24,USD,2851000.0
132484101964.0,-2848385.03,2023-04-28,USD,2848385.03
842296656756.0,-2847939.41,2023-02-17,USD,2847939.41
623438146256.0,2847939.41,2023-02-17,USD,2847939.41
218466360989.0,2844791.04,2023-05-21,USD,2844791.04
915109014475.0,2813162.51,2023-04-30,USD,2813162.51
185000341637.0,-2809344.4,2023-04-13,USD,2809344.4
366408343172.0,2786403.41,2023-05-21,USD,2786403.41
132732815139.0,-2786403.41,2023-05-21,USD,2786403.41
546199077412.0,-2757083.93,2023-05-07,USD,2757083.93
297832527756.0,2757000.0,2023-04-27,USD,2757000.0
697895610739.0,-2756930.01,2023-03-04,USD,2756930.01
955414322002.0,2756930.01,2023-03-09,USD,2756930.01
467641757082.0,-2756828.95,2023-03-04,USD,2756828.95
648653143323.0,2756828.95,2023-03-09,USD,2756828.95
355292302597.0,-2756805.22,2023-03-04,USD,2756805.22
877602734001.0,2756805.22,2023-03-09,USD,2756805.22
1566568752.0,-2727364.53,2023-04-28,USD,2727364.53
718592201806.0,2727364.53,2023-04-28,USD,2727364.53
977352897686.0,2727364.53,2023-04-28,USD,2727364.53
372798536195.0,-2727364.53,2023-04-28,USD,2727364.53
455276080467.0,2727284.98,2023-05-05,USD,2727284.98
776810538533.0,-2727284.98,2023-05-05,USD,2727284.98
115575893026.0,2726670.85,2023-03-05,USD,2726670.85
179025274554.0,-2726670.85,2023-03-05,USD,2726670.85
480967232834.0,2711930.08,2023-03-31,USD,2711930.08
291942095189.0,2687368.78,2023-04-30,USD,2687368.78
126260050949.0,-2675580.0,2023-03-31,USD,2675580.0
212617505763.0,2675526.22,2023-03-04,USD,2675526.22
757218268032.0,-2675526.22,2023-03-09,USD,2675526.22
404108343813.0,2629985.69,2023-03-22,USD,2629985.69
846503286169.0,-2629985.69,2023-03-22,USD,2629985.69
941096515874.0,2621722.37,2023-03-09,USD,2621722.37
769926344666.0,-2607887.6,2023-05-07,USD,2607887.6
748760658672.0,-2603828.93,2023-03-11,USD,2603828.93
814923736684.0,-2601717.44,2023-03-10,USD,2601717.44
635762921485.0,2601717.44,2023-03-10,USD,2601717.44
8682366005.0,2601615.44,2023-04-30,USD,2601615.44
231157691491.0,-2601615.44,2023-04-30,USD,2601615.44
622685061373.0,-2601611.1,2023-05-03,USD,2601611.1
71039447966.0,2601611.1,2023-05-03,USD,2601611.1
677140158263.0,2600277.93,2023-04-02,USD,2600277.93
342033729300.0,2600000.0,2023-03-29,USD,2600000.0
16499824654.0,-2600000.0,2023-03-29,USD,2600000.0
373322902687.0,2599423.26,2023-05-13,USD,2599423.26
621762871606.0,-2599423.26,2023-05-13,USD,2599423.26
804985677444.0,2599423.26,2023-05-13,USD,2599423.26
403196019344.0,-2599423.26,2023-05-13,USD,2599423.26
967542740928.0,2598060.3,2023-04-07,USD,2598060.3
6722770175.0,2597985.07,2023-04-27,USD,2597985.07
276336682191.0,-2595250.83,2023-05-13,USD,2595250.83
40322357012.0,2595250.83,2023-05-13,USD,2595250.83
142678579701.0,2590000.0,2023-05-24,USD,2590000.0
893402716426.0,-2577430.28,2023-05-06,USD,2577430.28
533244358875.0,2577430.28,2023-05-06,USD,2577430.28
34088740395.0,-2566477.96,2023-05-24,USD,2566477.96
492520374603.0,2566477.96,2023-05-24,USD,2566477.96
278986202439.0,-2562584.0,2023-04-30,USD,2562584.0
7117534246.0,2562584.0,2023-04-30,USD,2562584.0
956480496221.0,-2549980.0,2023-05-05,USD,2549980.0
328045620250.0,2549123.38,2023-04-27,USD,2549123.38
45202753526.0,-2549000.0,2023-03-31,USD,2549000.0
658640197347.0,2548138.2,2023-05-07,USD,2548138.2
888981728481.0,-2548138.2,2023-05-07,USD,2548138.2
690837893285.0,-2543511.87,2023-05-24,USD,2543511.87
448299737149.0,2543511.87,2023-05-24,USD,2543511.87
613825213967.0,2520500.0,2023-03-17,USD,2520500.0
317725894526.0,-2520500.0,2023-03-17,USD,2520500.0
237915123136.0,2468031.15,2023-03-23,USD,2468031.15
809118644342.0,2464730.03,2023-05-19,USD,2464730.03
37593112786.0,-2462050.99,2023-05-07,USD,2462050.99
629918274637.0,-2461728.22,2023-04-30,USD,2461728.22
815338896035.0,2460000.0,2023-04-08,USD,2460000.0
911951504503.0,-2460000.0,2023-03-23,USD,2460000.0
931556779044.0,2460000.0,2023-03-23,USD,2460000.0
974740670188.0,-2447709.51,2023-04-05,USD,2447709.51
790565738572.0,2447709.51,2023-04-05,USD,2447709.51
340908884517.0,2446054.9,2023-03-17,USD,2446054.9
651497457761.0,-2446054.9,2023-03-17,USD,2446054.9
702697802391.0,-2444467.03,2023-03-22,USD,2444467.03
923148872508.0,2444467.03,2023-03-22,USD,2444467.03
636398691665.0,2439805.26,2023-03-25,USD,2439805.26
52734011494.0,-2430100.0,2023-03-25,USD,2430100.0
752724569095.0,2430100.0,2023-03-25,USD,2430100.0
284992240070.0,-2425804.21,2023-05-17,USD,2425804.21
10523587851.0,2425804.21,2023-05-17,USD,2425804.21
306717127726.0,-2400363.38,2023-05-13,USD,2400363.38
844293345013.0,2400363.38,2023-05-13,USD,2400363.38
11011933821.0,2398850.0,2023-05-05,USD,2398850.0
54546302809.0,-2398850.0,2023-05-05,USD,2398850.0
221212112855.0,2366473.45,2023-05-06,USD,2366473.45
702261654573.0,-2366473.45,2023-05-06,USD,2366473.45
36368996915.0,-2366000.0,2023-03-22,USD,2366000.0
817517841184.0,-2361054.99,2023-05-25,USD,2361054.99
444050603332.0,-2359618.23,2023-03-01,USD,2359618.23
942944881381.0,-2352461.24,2023-05-27,USD,2352461.24
389035106850.0,2352461.24,2023-05-27,USD,2352461.24
542859401127.0,-2348589.7,2023-04-01,USD,2348589.7
796272903018.0,2348589.7,2023-04-01,USD,2348589.7
275017079643.0,2346017.26,2023-03-24,USD,2346017.26
202286476211.0,2346017.26,2023-03-23,USD,2346017.26
675616452979.0,-2346017.26,2023-03-24,USD,2346017.26
546267046679.0,-2346017.26,2023-03-23,USD,2346017.26
126887638693.0,-2345258.9,2023-05-24,USD,2345258.9
340851400800.0,2345258.9,2023-05-24,USD,2345258.9
94735177409.0,-2344564.99,2023-04-21,USD,2344564.99
213444928208.0,2344564.99,2023-04-21,USD,2344564.99
751166517836.0,-2340781.32,2023-05-26,USD,2340781.32
438855154851.0,2340781.32,2023-05-26,USD,2340781.32
909023751215.0,2340781.32,2023-05-26,USD,2340781.32
393456418796.0,-2340781.32,2023-05-26,USD,2340781.32
541729941631.0,-2340716.99,2023-04-09,USD,2340716.99
512661765128.0,-2337269.85,2023-03-12,USD,2337269.85
408582718384.0,-2315856.03,2023-03-09,USD,2315856.03
183065105968.0,2315856.03,2023-03-04,USD,2315856.03
23394593934.0,-2315492.02,2023-03-31,USD,2315492.02
776381852552.0,2304816.99,2023-03-12,USD,2304816.99
218803157264.0,-2304816.99,2023-03-12,USD,2304816.99
888908766593.0,-2302518.0,2023-05-18,USD,2302518.0
222681718385.0,2302518.0,2023-05-18,USD,2302518.0
848735824275.0,2302159.0,2023-05-24,USD,2302159.0
457444355557.0,-2302159.0,2023-05-24,USD,2302159.0
612628212728.0,-2300000.0,2023-05-07,USD,2300000.0
274802394725.0,2300000.0,2023-05-12,USD,2300000.0
445134439873.0,2299785.0,2023-05-19,USD,2299785.0
518303295134.0,-2298365.22,2023-03-08,USD,2298365.22
774014364454.0,2298365.22,2023-03-08,USD,2298365.22
632727748593.0,2294967.18,2023-03-19,USD,2294967.18
293779917990.0,2273414.72,2023-04-09,USD,2273414.72
776991390434.0,2270997.4,2023-04-30,USD,2270997.4
925729103311.0,2267289.95,2023-03-23,USD,2267289.95
537481711995.0,-2267289.95,2023-04-06,USD,2267289.95
332956690454.0,-2267289.95,2023-03-23,USD,2267289.95
988767328296.0,2257783.0,2023-05-25,USD,2257783.0
580117977558.0,-2255021.75,2023-04-06,USD,2255021.75
929497423193.0,2255021.75,2023-04-06,USD,2255021.75
284233368083.0,2253522.61,2023-05-03,USD,2253522.61
876138838301.0,2246709.5,2023-05-21,USD,2246709.5
732916064785.0,-2244588.04,2023-05-05,USD,2244588.04
135399056002.0,2244588.04,2023-05-05,USD,2244588.04
537690938850.0,2243854.9,2023-03-31,USD,2243854.9
756489139318.0,-2241015.25,2023-04-01,USD,2241015.25
628470959505.0,-2234300.0,2023-04-14,USD,2234300.0
207039364815.0,2233170.0,2023-05-04,USD,2233170.0
919182931296.0,2233170.0,2023-05-05,USD,2233170.0
457470422700.0,2231900.0,2023-05-06,USD,2231900.0
602978863629.0,-2231900.0,2023-05-07,USD,2231900.0
70835973672.0,2231900.0,2023-05-07,USD,2231900.0
427920461549.0,-2230151.4,2023-03-22,USD,2230151.4
504528318102.0,2230151.4,2023-03-22,USD,2230151.4
320344158377.0,2228800.61,2023-03-10,USD,2228800.61
462351992024.0,-2228800.61,2023-03-10,USD,2228800.61
120912571496.0,2226512.05,2023-03-30,USD,2226512.05
700222343008.0,2225093.13,2023-05-26,USD,2225093.13
368554190639.0,2208182.97,2023-05-03,USD,2208182.97
83689907495.0,-2207567.79,2023-04-15,USD,2207567.79
437828065504.0,2200000.0,2023-04-30,USD,2200000.0
977288046030.0,-2190094.39,2023-04-26,USD,2190094.39
641059559489.0,2190094.39,2023-04-26,USD,2190094.39
763714420299.0,-2190024.44,2023-05-24,USD,2190024.44
214953868921.0,2190024.44,2023-05-24,USD,2190024.44
917788033374.0,2186902.72,2023-03-17,USD,2186902.72
213018751052.0,-2185299.89,2023-03-09,USD,2185299.89
953136028718.0,2185299.89,2023-03-09,USD,2185299.89
536064440316.0,-2185291.39,2023-03-10,USD,2185291.39
832525743145.0,2185291.39,2023-03-10,USD,2185291.39
708580273961.0,-2184477.9,2023-03-10,USD,2184477.9
115250492420.0,2184477.9,2023-03-10,USD,2184477.9
970019998392.0,-2183664.71,2023-05-07,USD,2183664.71
448338962172.0,-2183584.05,2023-05-07,USD,2183584.05
263470287167.0,2183544.01,2023-03-04,USD,2183544.01
717587044020.0,-2183544.01,2023-03-09,USD,2183544.01
697962134050.0,-2183397.27,2023-03-31,USD,2183397.27
728166425671.0,2183256.31,2023-03-22,USD,2183256.31
208670546821.0,-2183256.31,2023-03-22,USD,2183256.31
877010205457.0,-2183223.83,2023-03-09,USD,2183223.83
378764628746.0,2183223.83,2023-03-04,USD,2183223.83
35587186306.0,-2183151.66,2023-05-07,USD,2183151.66
822382443154.0,-2183074.65,2023-04-30,USD,2183074.65
923088592625.0,2181239.0,2023-05-17,USD,2181239.0
836667813612.0,-2181239.0,2023-05-17,USD,2181239.0
127293778487.0,2181133.3,2023-05-05,USD,2181133.3
6093638278.0,2180900.0,2023-04-08,USD,2180900.0
60665047970.0,-2180900.0,2023-04-08,USD,2180900.0
303645631265.0,-2177002.4,2023-05-07,USD,2177002.4
701614720202.0,2177002.4,2023-05-07,USD,2177002.4
446876202569.0,2175602.03,2023-03-31,USD,2175602.03
185533605599.0,2175327.35,2023-05-21,USD,2175327.35
703396950999.0,2174485.09,2023-05-24,USD,2174485.09
678553143073.0,-2174485.09,2023-05-24,USD,2174485.09
191761491507.0,2162554.98,2023-04-26,USD,2162554.98
395824796035.0,2162554.98,2023-05-07,USD,2162554.98
475460368676.0,-2162554.98,2023-04-26,USD,2162554.98
597869079649.0,2156711.29,2023-05-07,USD,2156711.29
967649957723.0,-2156711.29,2023-04-26,USD,2156711.29
369375347445.0,2156711.29,2023-04-26,USD,2156711.29
539662861557.0,-2156155.28,2023-05-24,USD,2156155.28
213380404719.0,2156155.28,2023-05-24,USD,2156155.28
371894936947.0,-2154598.39,2023-04-01,USD,2154598.39
72396634513.0,2152690.56,2023-05-17,USD,2152690.56
111075082440.0,-2152690.56,2023-05-17,USD,2152690.56
832467650504.0,2151979.96,2023-03-04,USD,2151979.96
845664747746.0,-2151979.96,2023-03-09,USD,2151979.96
311099321721.0,-2151537.74,2023-04-27,USD,2151537.74
500621794337.0,-2116200.0,2023-03-11,USD,2116200.0
638610146680.0,-2116200.0,2023-03-11,USD,2116200.0
615114883778.0,2114951.4,2023-04-26,USD,2114951.4
400757584054.0,-2114951.4,2023-04-26,USD,2114951.4
289241086115.0,2114951.4,2023-05-07,USD,2114951.4
128347650028.0,2114646.0,2023-03-09,USD,2114646.0
226206351860.0,-2114646.0,2023-03-04,USD,2114646.0
861538579205.0,-2114422.89,2023-03-31,USD,2114422.89
1075129488.0,-2114231.45,2023-04-09,USD,2114231.45
272154254517.0,-2114114.59,2023-04-06,USD,2114114.59
371961393591.0,-2114114.59,2023-03-23,USD,2114114.59
62946944679.0,2114114.59,2023-03-23,USD,2114114.59
334434193423.0,-2113118.26,2023-05-18,USD,2113118.26
485915701515.0,-2113118.26,2023-05-18,USD,2113118.26
438933197633.0,-2104187.2,2023-05-24,USD,2104187.2
493198336838.0,2104187.2,2023-05-24,USD,2104187.2
708816532167.0,-2100903.01,2023-04-26,USD,2100903.01
284103786197.0,2100903.01,2023-04-26,USD,2100903.01
791149262690.0,2100903.01,2023-05-07,USD,2100903.01
220784605108.0,-2098842.2,2023-04-08,USD,2098842.2
144735986745.0,2098842.2,2023-04-08,USD,2098842.2
402919226551.0,-2098582.26,2023-03-08,USD,2098582.26
587653322930.0,2098582.26,2023-03-08,USD,2098582.26
938350133115.0,2097068.2,2023-03-22,USD,2097068.2
6236048876.0,-2097068.2,2023-03-22,USD,2097068.2
8378800258.0,2096882.11,2023-05-07,USD,2096882.11
298698932444.0,-2096882.11,2023-04-26,USD,2096882.11
557549960168.0,2096882.11,2023-04-26,USD,2096882.11
508755656580.0,2093096.76,2023-03-26,USD,2093096.76
633815599782.0,-2093096.76,2023-03-26,USD,2093096.76
700984669813.0,2092000.0,2023-05-05,USD,2092000.0
941515027627.0,-2092000.0,2023-05-05,USD,2092000.0
960905439747.0,2086932.07,2023-04-27,USD,2086932.07
292823270088.0,-2086932.07,2023-04-27,USD,2086932.07
421275014634.0,2083710.0,2023-03-29,USD,2083710.0
941046667113.0,-2068915.57,2023-03-17,USD,2068915.57
475863325736.0,2065776.54,2023-03-19,USD,2065776.54
757914142927.0,2060767.0,2023-04-06,USD,2060767.0
191512842724.0,-2060767.0,2023-04-06,USD,2060767.0
731341944727.0,2059048.6,2023-04-26,USD,2059048.6
519641654083.0,-2059048.6,2023-04-26,USD,2059048.6
85834741618.0,-2055849.82,2023-05-07,USD,2055849.82
48640044072.0,-2055180.04,2023-05-19,USD,2055180.04
123693753817.0,-2040580.22,2023-04-28,USD,2040580.22
462864474621.0,2040580.22,2023-04-28,USD,2040580.22
23642092664.0,2037643.9,2023-05-07,USD,2037643.9
20621358002.0,2037643.9,2023-04-26,USD,2037643.9
170036235562.0,-2037643.9,2023-04-26,USD,2037643.9
689962477010.0,2034547.31,2023-05-25,USD,2034547.31
115425961014.0,-2033335.68,2023-03-04,USD,2033335.68
526135199803.0,2033335.68,2023-03-09,USD,2033335.68
380991246111.0,2032880.0,2023-05-20,USD,2032880.0
220661844090.0,-2032880.0,2023-05-20,USD,2032880.0
805680583456.0,-2032701.17,2023-03-19,USD,2032701.17
566030517449.0,2032701.17,2023-03-19,USD,2032701.17
590925255733.0,2030438.89,2023-05-24,USD,2030438.89
360251991857.0,-2030438.89,2023-05-24,USD,2030438.89
880081970209.0,2025062.0,2023-05-18,USD,2025062.0
248288081848.0,2000000.0,2023-05-13,USD,2000000.0
371214484657.0,-2000000.0,2023-05-25,USD,2000000.0
651831297495.0,2000000.0,2023-05-25,USD,2000000.0
600258927293.0,-2000000.0,2023-05-25,USD,2000000.0
815822658653.0,-1937659.0,2023-05-25,USD,1937659.0
895326450605.0,-1919891.34,2023-03-12,USD,1919891.34
808293829079.0,1919480.13,2023-04-08,USD,1919480.13
340402533051.0,-1919480.13,2023-04-08,USD,1919480.13
525254861739.0,-1913949.6,2023-03-11,USD,1913949.6
888213779724.0,-1913949.6,2023-03-11,USD,1913949.6
306095585471.0,1913949.6,2023-03-11,USD,1913949.6
812597012198.0,1913949.6,2023-03-12,USD,1913949.6
997891414682.0,1913949.6,2023-03-11,USD,1913949.6
796573950934.0,-1911000.0,2023-05-25,USD,1911000.0
691340439275.0,1907151.41,2023-04-13,USD,1907151.41
189750191002.0,-1907151.41,2023-04-13,USD,1907151.41
225574967257.0,-1906978.0,2023-03-11,USD,1906978.0
683271181127.0,1906978.0,2023-03-11,USD,1906978.0
47632311708.0,-1902241.26,2023-03-15,USD,1902241.26
307455482884.0,1902241.26,2023-03-15,USD,1902241.26
919829314992.0,-1902241.26,2023-03-15,USD,1902241.26
434766874568.0,-1901350.0,2023-03-05,USD,1901350.0
187140501788.0,1901350.0,2023-03-05,USD,1901350.0
707689735091.0,-1886654.35,2023-03-11,USD,1886654.35
774721771624.0,1886654.35,2023-03-11,USD,1886654.35
606962392488.0,-1886651.72,2023-03-10,USD,1886651.72
615007506803.0,1886651.72,2023-03-10,USD,1886651.72
454834960463.0,-1885874.16,2023-05-11,USD,1885874.16
347717997033.0,1885874.16,2023-05-11,USD,1885874.16
882605819132.0,-1885874.16,2023-05-11,USD,1885874.16
909454805742.0,1885874.16,2023-05-11,USD,1885874.16
24554343502.0,1885482.56,2023-03-11,USD,1885482.56
41526378937.0,1884820.71,2023-05-17,USD,1884820.71
843439786728.0,1884516.38,2023-04-30,USD,1884516.38
911266517330.0,-1884241.9,2023-03-01,USD,1884241.9
377690430461.0,1884241.9,2023-03-01,USD,1884241.9
764440730301.0,1882135.55,2023-05-27,USD,1882135.55
704826471180.0,-1882135.55,2023-05-27,USD,1882135.55
428326006925.0,-1881484.11,2023-05-07,USD,1881484.11
993404410010.0,-1881104.28,2023-03-08,USD,1881104.28
986696777697.0,1881067.72,2023-05-25,USD,1881067.72
770402105373.0,-1880977.34,2023-03-05,USD,1880977.34
18265281530.0,-1880940.25,2023-04-27,USD,1880940.25
137388815127.0,1880912.9,2023-03-25,USD,1880912.9
27663015238.0,1880819.04,2023-04-08,USD,1880819.04
937786287309.0,-1872492.17,2023-04-05,USD,1872492.17
754115427042.0,1872492.17,2023-04-05,USD,1872492.17
169965804862.0,-1870686.83,2023-05-11,USD,1870686.83
681533842506.0,-1864000.0,2023-05-27,USD,1864000.0
324849283130.0,-1860619.38,2023-04-12,USD,1860619.38
555842712513.0,1860619.38,2023-04-12,USD,1860619.38
934991393047.0,1860619.38,2023-04-12,USD,1860619.38
989523404135.0,-1860619.38,2023-04-12,USD,1860619.38
355316184487.0,-1860619.38,2023-04-12,USD,1860619.38
917435965049.0,1860619.38,2023-04-12,USD,1860619.38
298786918474.0,-1860519.0,2023-05-25,USD,1860519.0
352671900305.0,1858961.09,2023-03-12,USD,1858961.09
602183809013.0,1858961.09,2023-03-15,USD,1858961.09
484383477231.0,-1858961.09,2023-03-12,USD,1858961.09
452151130209.0,-1858961.09,2023-03-12,USD,1858961.09
309580652676.0,-1858961.09,2023-03-15,USD,1858961.09
271339944997.0,1858961.09,2023-03-12,USD,1858961.09
242800960077.0,-1856721.6,2023-04-30,USD,1856721.6
756245441246.0,1855734.17,2023-03-04,USD,1855734.17
875504757144.0,-1855734.17,2023-03-09,USD,1855734.17
57752851685.0,1855574.4,2023-03-04,USD,1855574.4
613597455727.0,-1855574.4,2023-03-09,USD,1855574.4
966716197267.0,-1855472.88,2023-05-26,USD,1855472.88
656302841870.0,-1855376.5,2023-03-09,USD,1855376.5
236152387971.0,1855376.5,2023-03-04,USD,1855376.5
252255573074.0,-1851083.55,2023-04-26,USD,1851083.55
996705853589.0,1851083.55,2023-04-26,USD,1851083.55
733638850257.0,1851083.55,2023-05-07,USD,1851083.55
774753587874.0,-1849892.5,2023-05-24,USD,1849892.5
421585098827.0,1849892.5,2023-05-24,USD,1849892.5
120553977437.0,1826817.51,2023-03-09,USD,1826817.51
396503026171.0,-1826817.51,2023-03-09,USD,1826817.51
880520385948.0,-1823943.5,2023-05-05,USD,1823943.5
933717137655.0,1823943.5,2023-05-05,USD,1823943.5
221995796033.0,1815010.78,2023-04-19,USD,1815010.78
779932856651.0,1812250.09,2023-05-26,USD,1812250.09
446060328290.0,1812250.09,2023-05-21,USD,1812250.09
244120408424.0,-1812250.09,2023-05-26,USD,1812250.09
400013133378.0,-1812250.09,2023-05-21,USD,1812250.09
757966017135.0,-1812250.09,2023-05-25,USD,1812250.09
887362987714.0,1812250.09,2023-05-24,USD,1812250.09
482885034351.0,1812250.09,2023-05-25,USD,1812250.09
276830372205.0,-1812250.09,2023-05-24,USD,1812250.09
462207261385.0,-1797211.7,2023-04-20,USD,1797211.7
74764137514.0,-1793658.13,2023-04-30,USD,1793658.13
404861812120.0,-1791253.26,2023-03-23,USD,1791253.26
402549874074.0,1791253.26,2023-03-23,USD,1791253.26
105320279601.0,1791012.32,2023-03-05,USD,1791012.32
710210314909.0,-1790915.78,2023-05-24,USD,1790915.78
390836457255.0,1790915.78,2023-05-24,USD,1790915.78
894630006573.0,-1788438.62,2023-03-23,USD,1788438.62
570165638790.0,1787382.9,2023-04-12,USD,1787382.9
326738684286.0,1787382.9,2023-04-12,USD,1787382.9
675666340235.0,-1787382.9,2023-04-12,USD,1787382.9
158063876601.0,1787000.0,2023-04-09,USD,1787000.0
354559055392.0,-1787000.0,2023-04-09,USD,1787000.0
240368944825.0,1786000.0,2023-05-25,USD,1786000.0
812854901677.0,1783650.65,2023-03-31,USD,1783650.65
356448912064.0,-1783650.65,2023-03-31,USD,1783650.65
810018230081.0,1772027.22,2023-05-03,USD,1772027.22
321809831533.0,-1772027.22,2023-05-03,USD,1772027.22
636086862073.0,-1771933.0,2023-04-30,USD,1771933.0
317421725620.0,1771922.98,2023-04-28,USD,1771922.98
747024965938.0,-1771922.98,2023-04-28,USD,1771922.98
387885790426.0,-1771055.31,2023-04-07,USD,1771055.31
493742664545.0,1771055.31,2023-04-07,USD,1771055.31
443687578421.0,1770685.1,2023-03-12,USD,1770685.1
959232633556.0,-1770685.1,2023-03-12,USD,1770685.1
329677506551.0,-1770685.1,2023-03-12,USD,1770685.1
457425519591.0,1770685.1,2023-03-12,USD,1770685.1
134317532534.0,-1768335.48,2023-03-30,USD,1768335.48
537994555298.0,1768335.48,2023-03-30,USD,1768335.48
334257197669.0,-1765855.74,2023-04-30,USD,1765855.74
3056053242.0,1765499.62,2023-03-31,USD,1765499.62
327324657944.0,1756216.77,2023-04-08,USD,1756216.77
447632056850.0,-1756116.14,2023-03-12,USD,1756116.14
51607009085.0,1756116.14,2023-03-12,USD,1756116.14
329570054782.0,1753677.95,2023-05-18,USD,1753677.95
886004058676.0,-1753677.95,2023-05-18,USD,1753677.95
920620462421.0,1753615.21,2023-05-11,USD,1753615.21
397548107382.0,1752961.48,2023-03-29,USD,1752961.48
812706832661.0,-1751078.0,2023-03-25,USD,1751078.0
624069649537.0,-1751078.0,2023-03-25,USD,1751078.0
174465652017.0,1751078.0,2023-03-25,USD,1751078.0
142953488451.0,1751078.0,2023-03-25,USD,1751078.0
512873635812.0,1751078.0,2023-03-25,USD,1751078.0
868490973858.0,-1751078.0,2023-03-25,USD,1751078.0
979367881.0,1751077.6,2023-03-25,USD,1751077.6
905578007615.0,-1751077.6,2023-03-25,USD,1751077.6
932995265019.0,1751077.6,2023-03-25,USD,1751077.6
146839515543.0,-1751077.6,2023-03-25,USD,1751077.6
111194847119.0,-1750362.28,2023-03-24,USD,1750362.28
128722192215.0,1749860.45,2023-05-26,USD,1749860.45
749568327108.0,-1749086.26,2023-04-22,USD,1749086.26
427204617506.0,1749086.26,2023-04-22,USD,1749086.26
280700639191.0,-1748430.0,2023-05-04,USD,1748430.0
236087129785.0,1748430.0,2023-04-22,USD,1748430.0
901051180649.0,1748141.81,2023-03-31,USD,1748141.81
723972284754.0,1745704.04,2023-05-06,USD,1745704.04
38874868002.0,-1745704.04,2023-05-06,USD,1745704.04
13414150282.0,1744391.9,2023-03-23,USD,1744391.9
913033148123.0,1743130.36,2023-03-10,USD,1743130.36
488280567802.0,-1742300.0,2023-05-25,USD,1742300.0
508194755980.0,-1741709.65,2023-03-29,USD,1741709.65
562980690948.0,-1740952.15,2023-05-18,USD,1740952.15
178455984471.0,1738858.94,2023-04-27,USD,1738858.94
56245713309.0,-1737152.74,2023-04-08,USD,1737152.74
94676071541.0,1737152.74,2023-04-08,USD,1737152.74
694829451493.0,1737152.74,2023-04-08,USD,1737152.74
335339602914.0,-1736893.2,2023-03-08,USD,1736893.2
960619581086.0,1736893.2,2023-03-08,USD,1736893.2
787622283553.0,-1735910.88,2023-05-07,USD,1735910.88
556295360012.0,1735650.57,2023-05-18,USD,1735650.57
839912454429.0,1735606.74,2023-04-29,USD,1735606.74
924952671131.0,1731003.36,2023-05-07,USD,1731003.36
29623282749.0,1731003.36,2023-04-26,USD,1731003.36
466656156571.0,-1731003.36,2023-04-26,USD,1731003.36
387076687160.0,-1727706.22,2023-05-05,USD,1727706.22
252554197079.0,-1727706.22,2023-05-05,USD,1727706.22
368883449798.0,1727214.9,2023-03-09,USD,1727214.9
209796508170.0,-1727214.9,2023-03-04,USD,1727214.9
387606855767.0,1725370.64,2023-05-07,USD,1725370.64
477840940642.0,-1723276.2,2023-04-28,USD,1723276.2
556734426080.0,1723276.2,2023-04-28,USD,1723276.2
321748971346.0,1723225.94,2023-05-06,USD,1723225.94
317542576286.0,1723225.94,2023-05-05,USD,1723225.94
694117324348.0,1723225.94,2023-05-05,USD,1723225.94
646024199807.0,-1723225.94,2023-05-06,USD,1723225.94
401569502112.0,-1723225.94,2023-05-05,USD,1723225.94
430913319798.0,-1723225.94,2023-05-05,USD,1723225.94
747759565583.0,-1706829.55,2023-03-26,USD,1706829.55
880241545302.0,1706829.55,2023-03-26,USD,1706829.55
159299336313.0,-1704876.53,2023-05-26,USD,1704876.53
124984683647.0,-1703730.96,2023-05-07,USD,1703730.96
793525840788.0,-1703033.8,2023-05-12,USD,1703033.8
316561722640.0,1701966.13,2023-05-24,USD,1701966.13
916125605240.0,-1701966.13,2023-05-24,USD,1701966.13
359210617311.0,1701436.87,2023-04-30,USD,1701436.87
320192492227.0,-1701436.87,2023-04-30,USD,1701436.87
391144076382.0,-1699982.7,2023-03-12,USD,1699982.7
919112155330.0,-1695824.05,2023-05-07,USD,1695824.05
427700368975.0,-1695470.0,2023-04-05,USD,1695470.0
218187255939.0,1695470.0,2023-04-05,USD,1695470.0
232920472167.0,-1695388.2,2023-05-14,USD,1695388.2
977169676067.0,1694706.0,2023-05-04,USD,1694706.0
212512818381.0,-1694671.77,2023-05-07,USD,1694671.77
713078849997.0,-1694350.5,2023-04-12,USD,1694350.5
581836582498.0,1694350.5,2023-04-12,USD,1694350.5
265021837042.0,1694154.81,2023-05-24,USD,1694154.81
932423150721.0,-1693722.45,2023-05-05,USD,1693722.45
499592190871.0,1690000.0,2023-03-16,USD,1690000.0
798324803136.0,1689329.15,2023-05-07,USD,1689329.15
324091223053.0,-1689329.15,2023-04-26,USD,1689329.15
519208431975.0,1689329.15,2023-04-26,USD,1689329.15
15720169812.0,-1688000.0,2023-03-29,USD,1688000.0
128507613252.0,1686065.9,2023-05-26,USD,1686065.9
666201592075.0,1686065.9,2023-05-26,USD,1686065.9
894478828390.0,-1682299.91,2023-05-03,USD,1682299.91
486047198691.0,1682299.91,2023-05-03,USD,1682299.91
838921606924.0,-1681248.09,2023-04-30,USD,1681248.09
652583209763.0,1681248.09,2023-04-30,USD,1681248.09
638185539112.0,-1679444.11,2023-05-19,USD,1679444.11
930938280135.0,1678970.0,2023-05-07,USD,1678970.0
149118957828.0,-1678970.0,2023-05-07,USD,1678970.0
789642027442.0,1676468.4,2023-05-21,USD,1676468.4
416266397793.0,-1676468.4,2023-05-21,USD,1676468.4
28493282506.0,-1674874.76,2023-04-06,USD,1674874.76
334281579342.0,-1672626.15,2023-05-11,USD,1672626.15
529094586469.0,-1670000.0,2023-05-20,USD,1670000.0
209483239802.0,1638754.87,2023-05-19,USD,1638754.87
67452214355.0,1638754.87,2023-05-19,USD,1638754.87
155669988462.0,1638691.83,2023-05-19,USD,1638691.83
628026522318.0,1634060.0,2023-04-22,USD,1634060.0
865486121092.0,1633512.36,2023-03-17,USD,1633512.36
993244402728.0,-1632793.0,2023-04-22,USD,1632793.0
30355837064.0,1632793.0,2023-04-22,USD,1632793.0
152362269374.0,-1632793.0,2023-04-26,USD,1632793.0
854617273595.0,1624105.49,2023-03-16,USD,1624105.49
536103858227.0,-1620903.03,2023-03-05,USD,1620903.03
771404243673.0,1620903.03,2023-03-05,USD,1620903.03
830289783930.0,-1620013.79,2023-03-22,USD,1620013.79
777244199882.0,-1619409.4,2023-05-12,USD,1619409.4
777681983934.0,1619409.4,2023-05-12,USD,1619409.4
483361662910.0,-1619404.5,2023-05-11,USD,1619404.5
407668828971.0,1619404.5,2023-05-11,USD,1619404.5
530735006178.0,1619230.28,2023-03-29,USD,1619230.28
292305312856.0,1617005.44,2023-05-13,USD,1617005.44
166909085866.0,1617005.44,2023-05-13,USD,1617005.44
971345961379.0,1615999.5,2023-05-04,USD,1615999.5
951250954080.0,1615871.89,2023-05-04,USD,1615871.89
668636720976.0,-1615871.89,2023-05-04,USD,1615871.89
438405220486.0,-1615500.0,2023-04-27,USD,1615500.0
551880769934.0,1615500.0,2023-04-27,USD,1615500.0
832336616143.0,1615479.34,2023-04-30,USD,1615479.34
643545081503.0,1615420.17,2023-04-02,USD,1615420.17
334886630699.0,1615374.14,2023-05-14,USD,1615374.14
439418123316.0,-1615374.14,2023-05-14,USD,1615374.14
922490955802.0,-1615374.14,2023-05-14,USD,1615374.14
273590108546.0,1615374.14,2023-05-14,USD,1615374.14
13789467397.0,-1615230.39,2023-03-04,USD,1615230.39
67291647027.0,1615230.39,2023-03-09,USD,1615230.39
794233479536.0,-1615116.0,2023-05-07,USD,1615116.0
634776572300.0,1614844.51,2023-05-17,USD,1614844.51
220658746871.0,-1614844.51,2023-05-17,USD,1614844.51
640446869664.0,-1614839.3,2023-03-04,USD,1614839.3
679670541711.0,1614839.3,2023-03-09,USD,1614839.3
899143372305.0,-1614821.81,2023-05-07,USD,1614821.81
324432931235.0,1614746.01,2023-04-09,USD,1614746.01
359898108814.0,-1614742.87,2023-04-30,USD,1614742.87
666587347967.0,-1614672.92,2023-04-09,USD,1614672.92
473932148064.0,-1614606.43,2023-05-26,USD,1614606.43
76630959680.0,-1614400.4,2023-03-08,USD,1614400.4
295298432794.0,1612251.16,2023-03-25,USD,1612251.16
264275482830.0,-1600000.0,2023-03-08,USD,1600000.0
736834204355.0,-1600000.0,2023-05-20,USD,1600000.0
616820520522.0,-1600000.0,2023-05-07,USD,1600000.0
654609432234.0,-1598866.49,2023-05-04,USD,1598866.49
181651480234.0,-1598866.49,2023-05-03,USD,1598866.49
253644362374.0,1598866.49,2023-05-03,USD,1598866.49
156221058702.0,1598866.49,2023-05-04,USD,1598866.49
466048901324.0,1595422.67,2023-05-05,USD,1595422.67
972000552024.0,-1595422.67,2023-05-05,USD,1595422.67
816995918236.0,-1595422.67,2023-05-05,USD,1595422.67
345135332867.0,1595422.67,2023-05-05,USD,1595422.67
207359650869.0,1589322.87,2023-04-15,USD,1589322.87
389844452075.0,-1589322.87,2023-04-15,USD,1589322.87
105842321894.0,1587822.43,2023-04-01,USD,1587822.43
121001664278.0,-1587822.43,2023-04-01,USD,1587822.43
893423808427.0,-1584109.9,2023-04-29,USD,1584109.9
270842102721.0,1584109.9,2023-04-29,USD,1584109.9
147350628877.0,1584096.26,2023-04-30,USD,1584096.26
817143764224.0,-1584096.26,2023-04-30,USD,1584096.26
291179760552.0,-1582682.0,2023-05-05,USD,1582682.0
768301462303.0,-1582584.07,2023-03-17,USD,1582584.07
149663198761.0,1582095.06,2023-04-29,USD,1582095.06
93301894932.0,-1581431.12,2023-05-07,USD,1581431.12
89318670293.0,-1581125.11,2023-02-22,USD,1581125.11
158589887166.0,1581125.11,2023-02-22,USD,1581125.11
609392766789.0,1581125.11,2023-03-08,USD,1581125.11
391990869995.0,-1581075.49,2023-03-23,USD,1581075.49
923272351999.0,-1524554.05,2023-03-12,USD,1524554.05
174419636759.0,-1523749.99,2023-03-19,USD,1523749.99
411456117822.0,1521145.0,2023-05-25,USD,1521145.0
846768131360.0,-1515000.0,2023-03-15,USD,1515000.0
649138735178.0,1515000.0,2023-03-15,USD,1515000.0
182008254961.0,1515000.0,2023-03-15,USD,1515000.0
99142881895.0,-1515000.0,2023-03-15,USD,1515000.0
693794486632.0,-1511613.74,2023-05-07,USD,1511613.74
503927851622.0,-1481911.21,2023-04-27,USD,1481911.21
133030138133.0,1481685.9,2023-03-15,USD,1481685.9
867935655475.0,-1481685.9,2023-03-15,USD,1481685.9
997205758899.0,-1481395.11,2023-04-05,USD,1481395.11
913584033303.0,1479900.0,2023-04-22,USD,1479900.0
875299486889.0,1476761.23,2023-05-26,USD,1476761.23
171621317424.0,-1475037.19,2023-05-03,USD,1475037.19
806054626806.0,1475037.19,2023-05-03,USD,1475037.19
526430843963.0,1474106.53,2023-03-05,USD,1474106.53
495997526221.0,-1472766.93,2023-05-26,USD,1472766.93
849418066955.0,-1468294.27,2023-05-12,USD,1468294.27
286818994825.0,1468294.27,2023-05-12,USD,1468294.27
900731486493.0,1467756.77,2023-04-27,USD,1467756.77
781158544348.0,1458481.99,2023-04-14,USD,1458481.99
536158539206.0,-1458481.99,2023-04-14,USD,1458481.99
381793414034.0,1458460.1,2023-03-08,USD,1458460.1
99500270054.0,-1458460.1,2023-03-08,USD,1458460.1
737305563738.0,1457217.19,2023-05-06,USD,1457217.19
303814671442.0,-1456153.83,2023-05-24,USD,1456153.83
163128660621.0,-1456126.7,2023-05-24,USD,1456126.7
928766676354.0,1456126.7,2023-05-24,USD,1456126.7
680168409571.0,1453775.56,2023-04-19,USD,1453775.56
278904780935.0,-1453775.56,2023-04-19,USD,1453775.56
580119675628.0,1453562.17,2023-05-10,USD,1453562.17
748105317080.0,-1451522.21,2023-05-24,USD,1451522.21
879518437743.0,1451106.73,2023-03-26,USD,1451106.73
389085374671.0,-1451050.64,2023-05-26,USD,1451050.64
414246563163.0,1451050.64,2023-05-26,USD,1451050.64
36322637236.0,1450915.0,2023-04-26,USD,1450915.0
401814930237.0,1450915.0,2023-05-07,USD,1450915.0
500429392258.0,-1450915.0,2023-04-26,USD,1450915.0
694984149923.0,-1450901.7,2023-05-07,USD,1450901.7
969917132935.0,1450649.0,2023-03-09,USD,1450649.0
816700711156.0,-1450649.0,2023-03-04,USD,1450649.0
337956559919.0,1449723.97,2023-05-24,USD,1449723.97
769804754909.0,-1445129.0,2023-03-19,USD,1445129.0
802040925323.0,-1443303.85,2023-05-20,USD,1443303.85
724941249900.0,-1436881.32,2023-05-14,USD,1436881.32
891809403347.0,-1436881.32,2023-05-14,USD,1436881.32
564230540906.0,1436881.32,2023-05-14,USD,1436881.32
493691299606.0,1436881.32,2023-05-14,USD,1436881.32
419219349046.0,-1436881.32,2023-05-14,USD,1436881.32
238800102772.0,1436881.32,2023-05-14,USD,1436881.32
827770892944.0,1435270.45,2023-05-26,USD,1435270.45
56488531525.0,-1434736.02,2023-03-17,USD,1434736.02
262211957177.0,1434736.02,2023-03-17,USD,1434736.02
395255671080.0,-1434607.0,2023-05-25,USD,1434607.0
202742609704.0,1433352.85,2023-03-17,USD,1433352.85
705470231514.0,-1433352.85,2023-03-17,USD,1433352.85
281368387789.0,1432141.24,2023-05-12,USD,1432141.24
774126502534.0,-1416015.48,2023-05-06,USD,1416015.48
815225927818.0,1416015.48,2023-05-06,USD,1416015.48
367605177043.0,-1416015.48,2023-05-06,USD,1416015.48
701892577358.0,1416015.48,2023-05-06,USD,1416015.48
463278158610.0,-1414996.65,2023-04-14,USD,1414996.65
323535173523.0,1410239.65,2023-03-05,USD,1410239.65
676642409076.0,-1410204.4,2023-05-07,USD,1410204.4
237028944544.0,-1410189.91,2023-03-04,USD,1410189.91
31902651439.0,1410189.91,2023-03-09,USD,1410189.91
53961553937.0,-1410141.34,2023-05-07,USD,1410141.34
41766157809.0,1402130.99,2023-05-17,USD,1402130.99
980506929828.0,-1402130.97,2023-05-17,USD,1402130.97
506355163656.0,1400870.31,2023-04-06,USD,1400870.31
661039932580.0,1400870.31,2023-04-06,USD,1400870.31
278419403398.0,-1400600.5,2023-03-17,USD,1400600.5
771922658469.0,1400600.5,2023-03-17,USD,1400600.5
828005059383.0,-1400600.5,2023-03-17,USD,1400600.5
917480935080.0,1400600.5,2023-03-17,USD,1400600.5
417260483151.0,-1400000.0,2023-05-13,USD,1400000.0
454572400382.0,1395815.14,2023-03-31,USD,1395815.14
139771437564.0,1394863.59,2023-05-05,USD,1394863.59
450190402754.0,1394863.59,2023-05-05,USD,1394863.59
9742193171.0,-1391219.79,2023-03-09,USD,1391219.79
298099571465.0,1391219.79,2023-03-04,USD,1391219.79
316582707571.0,-1391161.44,2023-05-07,USD,1391161.44
679715403815.0,1390977.94,2023-05-05,USD,1390977.94
934891933161.0,1390838.0,2023-04-07,USD,1390838.0
91363950828.0,-1390828.82,2023-03-31,USD,1390828.82
538024497134.0,1371548.32,2023-03-05,USD,1371548.32
525307714305.0,-1371000.0,2023-05-19,USD,1371000.0
10036599355.0,-1371000.0,2023-05-19,USD,1371000.0
842974643045.0,-1369340.0,2023-03-10,USD,1369340.0
967177312173.0,1369340.0,2023-03-10,USD,1369340.0
38874763395.0,1367912.14,2023-03-17,USD,1367912.14
912067479078.0,-1367912.14,2023-03-17,USD,1367912.14
756495979224.0,1335697.81,2023-05-24,USD,1335697.81
340376170331.0,-1335697.81,2023-05-24,USD,1335697.81
408248733403.0,-1334666.7,2023-05-07,USD,1334666.7
715837808293.0,1333595.31,2023-05-18,USD,1333595.31
174128067619.0,-1333595.31,2023-05-18,USD,1333595.31
550169414277.0,1333269.23,2023-04-14,USD,1333269.23
350246281052.0,-1333269.23,2023-04-14,USD,1333269.23
137023118133.0,-1333106.33,2023-04-06,USD,1333106.33
361035232475.0,-1332752.5,2023-05-04,USD,1332752.5
530636560785.0,1332382.2,2023-05-07,USD,1332382.2
803964577845.0,-1332382.2,2023-04-26,USD,1332382.2
607650747108.0,1332382.2,2023-04-26,USD,1332382.2
451859415765.0,1331000.0,2023-03-16,USD,1331000.0
576791836955.0,1329931.76,2023-03-31,USD,1329931.76
271073463426.0,1326204.15,2023-05-21,USD,1326204.15
123316665525.0,-1325700.0,2023-05-12,USD,1325700.0
563036615179.0,1325700.0,2023-05-12,USD,1325700.0
654338218093.0,1325700.0,2023-05-13,USD,1325700.0
188592954566.0,-1325700.0,2023-05-13,USD,1325700.0
521344112066.0,-1324709.61,2023-04-08,USD,1324709.61
29671055920.0,1324709.61,2023-03-23,USD,1324709.61
779107489834.0,-1324709.61,2023-03-23,USD,1324709.61
131552330240.0,-1320000.0,2023-04-22,USD,1320000.0
837876199547.0,1320000.0,2023-04-22,USD,1320000.0
604110102167.0,-1319580.0,2023-04-30,USD,1319580.0
18188698440.0,1316711.61,2023-03-26,USD,1316711.61
529960123065.0,1313429.01,2023-04-26,USD,1313429.01
511648452072.0,-1313429.01,2023-04-26,USD,1313429.01
730219404785.0,-1312080.99,2023-04-30,USD,1312080.99
244257358090.0,-1312036.17,2023-04-27,USD,1312036.17
351472105606.0,1311986.24,2023-03-09,USD,1311986.24
192503180038.0,-1311986.24,2023-03-04,USD,1311986.24
48763727885.0,1300000.0,2023-04-08,USD,1300000.0
125026090540.0,1296693.0,2023-05-04,USD,1296693.0
162497781480.0,1295673.58,2023-03-08,USD,1295673.58
36318746294.0,1295291.05,2023-04-27,USD,1295291.05
957076394002.0,-1288259.64,2023-04-02,USD,1288259.64
104424021650.0,1288259.64,2023-04-01,USD,1288259.64
641258950944.0,1288259.64,2023-04-02,USD,1288259.64
50490253934.0,1288259.64,2023-04-05,USD,1288259.64
592085463841.0,1288259.64,2023-04-05,USD,1288259.64
315719858496.0,-1288259.64,2023-04-01,USD,1288259.64
841129904760.0,-1288259.64,2023-04-05,USD,1288259.64
909582522630.0,1288259.64,2023-04-01,USD,1288259.64
580930075800.0,-1288259.64,2023-04-02,USD,1288259.64
203122998611.0,-1288259.64,2023-04-01,USD,1288259.64
260492200879.0,-1288259.64,2023-04-05,USD,1288259.64
957751525288.0,1288259.64,2023-04-02,USD,1288259.64
278573315451.0,-1287428.67,2023-02-24,USD,1287428.67
231237565430.0,1284310.0,2023-04-30,USD,1284310.0
699791081490.0,1284310.0,2023-04-30,USD,1284310.0
908858646583.0,-1284310.0,2023-04-30,USD,1284310.0
43337310323.0,-1284310.0,2023-04-30,USD,1284310.0
505228053207.0,1284173.48,2023-03-12,USD,1284173.48
725363293033.0,-1283320.67,2023-05-06,USD,1283320.67
774267341517.0,1282453.09,2023-03-16,USD,1282453.09
735655559619.0,-1282453.09,2023-03-16,USD,1282453.09
183665920513.0,-1282300.0,2023-04-14,USD,1282300.0
502212983235.0,-1282300.0,2023-04-15,USD,1282300.0
568118113828.0,1282300.0,2023-04-15,USD,1282300.0
214553284274.0,1282300.0,2023-04-14,USD,1282300.0
930413213306.0,1282220.24,2023-03-22,USD,1282220.24
678155006849.0,-1282220.24,2023-03-22,USD,1282220.24
619039950820.0,1281374.32,2023-03-22,USD,1281374.32
661628153093.0,-1281374.32,2023-03-22,USD,1281374.32
707368232272.0,1281019.4,2023-05-03,USD,1281019.4
535770623445.0,1280815.71,2023-04-26,USD,1280815.71
775528153546.0,-1280815.71,2023-04-26,USD,1280815.71
124740430070.0,1280815.71,2023-05-07,USD,1280815.71
44786741994.0,-1280229.88,2023-03-12,USD,1280229.88
763227017309.0,1280229.88,2023-03-12,USD,1280229.88
649497913903.0,1279355.66,2023-05-13,USD,1279355.66
633165748961.0,-1279355.66,2023-05-13,USD,1279355.66
48767619471.0,1278149.56,2023-05-04,USD,1278149.56
332076865776.0,-1278149.56,2023-05-04,USD,1278149.56
250525064531.0,1276255.67,2023-04-07,USD,1276255.67
103676441480.0,-1275586.12,2023-03-09,USD,1275586.12
285360895146.0,1275586.12,2023-03-04,USD,1275586.12
273013000946.0,1275545.0,2023-03-04,USD,1275545.0
759745643956.0,-1275545.0,2023-03-09,USD,1275545.0
802788977140.0,1275503.63,2023-03-04,USD,1275503.63
728449822398.0,-1275503.63,2023-03-04,USD,1275503.63
555415356007.0,1275467.0,2023-03-09,USD,1275467.0
125917.0,-1275467.0,2023-03-04,USD,1275467.0
1123113385.0,1275455.77,2023-03-09,USD,1275455.77
516062012154.0,-1275455.77,2023-03-04,USD,1275455.77
642376712948.0,1275420.0,2023-03-05,USD,1275420.0
755545762867.0,1275350.0,2023-03-04,USD,1275350.0
348641519346.0,-1275350.0,2023-03-09,USD,1275350.0
62406630635.0,-1275246.0,2023-04-07,USD,1275246.0
6028180331.0,1275244.0,2023-03-04,USD,1275244.0
250242708679.0,-1275244.0,2023-03-09,USD,1275244.0
576794235046.0,-1272410.95,2023-03-08,USD,1272410.95
629750829949.0,-1248328.0,2023-05-04,USD,1248328.0
763913384986.0,1248328.0,2023-05-04,USD,1248328.0
180219801887.0,-1247676.5,2023-05-26,USD,1247676.5
385663124986.0,1246170.01,2023-04-05,USD,1246170.01
253647750895.0,-1243294.03,2023-04-26,USD,1243294.03
442011450551.0,1243294.03,2023-04-26,USD,1243294.03
559455580483.0,1243294.03,2023-05-07,USD,1243294.03
625441335618.0,-1242916.0,2023-05-07,USD,1242916.0
152213136810.0,-1242640.3,2023-05-04,USD,1242640.3
731508528784.0,1240000.0,2023-05-14,USD,1240000.0
843442112798.0,-1240000.0,2023-05-14,USD,1240000.0
392892624331.0,1239694.9,2023-04-02,USD,1239694.9
509313183086.0,-1239694.9,2023-04-02,USD,1239694.9
44242094197.0,-1239008.16,2023-04-12,USD,1239008.16
467835002252.0,1236113.3,2023-05-27,USD,1236113.3
391038419769.0,-1235000.0,2023-04-28,USD,1235000.0
980456215009.0,-1235000.0,2023-04-26,USD,1235000.0
14519870340.0,1235000.0,2023-04-26,USD,1235000.0
55478114857.0,-1234740.0,2023-05-13,USD,1234740.0
337331379006.0,-1234740.0,2023-05-25,USD,1234740.0
501964692520.0,1233929.64,2023-04-30,USD,1233929.64
230773178766.0,-1233765.59,2023-04-30,USD,1233765.59
715155224742.0,1232918.01,2023-03-31,USD,1232918.01
341403333349.0,-1230906.6,2023-03-25,USD,1230906.6
546422909280.0,1230906.6,2023-03-25,USD,1230906.6
618363561317.0,-1230618.43,2023-03-08,USD,1230618.43
950616535505.0,1230000.0,2023-03-19,USD,1230000.0
649490784322.0,-1230000.0,2023-03-19,USD,1230000.0
70311913712.0,1229363.49,2023-03-29,USD,1229363.49
700499156596.0,-1229363.49,2023-03-29,USD,1229363.49
989839502455.0,-1228951.43,2023-05-24,USD,1228951.43
718867353925.0,1228951.43,2023-05-24,USD,1228951.43
850417224876.0,1227358.0,2023-05-26,USD,1227358.0
869026404813.0,-1227358.0,2023-05-26,USD,1227358.0
354275993708.0,-1224829.67,2023-05-20,USD,1224829.67
420331498158.0,1224829.67,2023-05-20,USD,1224829.67
531620779473.0,1224829.67,2023-05-20,USD,1224829.67
699077662977.0,-1224829.67,2023-05-20,USD,1224829.67
856134188688.0,-1224692.8,2023-03-22,USD,1224692.8
716321541370.0,-1224692.8,2023-03-16,USD,1224692.8
568628824123.0,1224692.8,2023-03-22,USD,1224692.8
536868948198.0,1224692.8,2023-03-16,USD,1224692.8
507076769304.0,1223960.13,2023-05-14,USD,1223960.13
310805588087.0,-1223960.13,2023-05-14,USD,1223960.13
308015689564.0,1221658.63,2023-04-28,USD,1221658.63
10752841087.0,-1221658.63,2023-04-28,USD,1221658.63
282883953867.0,1219523.73,2023-04-05,USD,1219523.73
510991199970.0,1218180.83,2023-05-17,USD,1218180.83
356329287742.0,-1218180.83,2023-05-17,USD,1218180.83
845972149589.0,-1215305.0,2023-05-21,USD,1215305.0
514180438185.0,1201351.84,2023-03-10,USD,1201351.84
625643524366.0,1201351.84,2023-03-10,USD,1201351.84
386169864308.0,1201351.84,2023-03-10,USD,1201351.84
711590218514.0,-1200000.0,2023-03-29,USD,1200000.0
171278949800.0,1200000.0,2023-03-09,USD,1200000.0
708654984919.0,-1200000.0,2023-03-04,USD,1200000.0
455403432049.0,1200000.0,2023-03-29,USD,1200000.0
795525303550.0,-1200000.0,2023-03-15,USD,1200000.0
258545597781.0,1199564.0,2023-05-05,USD,1199564.0
212049999033.0,-1199382.0,2023-05-05,USD,1199382.0
717079083375.0,1198627.0,2023-03-17,USD,1198627.0
90303489770.0,-1198627.0,2023-03-17,USD,1198627.0
515541764297.0,-1197454.48,2023-03-12,USD,1197454.48
335121835942.0,-1197454.48,2023-03-11,USD,1197454.48
65441302041.0,1197454.48,2023-03-12,USD,1197454.48
231237727387.0,1197454.48,2023-03-11,USD,1197454.48
104146148275.0,-1197454.48,2023-03-10,USD,1197454.48
754904554867.0,1196096.42,2023-04-30,USD,1196096.42
893308707836.0,-1192763.62,2023-05-05,USD,1192763.62
508357094326.0,-1191858.89,2023-05-17,USD,1191858.89
996106826322.0,1190789.06,2023-05-25,USD,1190789.06
481018465045.0,1190741.11,2023-04-27,USD,1190741.11
567921255342.0,1190717.29,2023-04-08,USD,1190717.29
290190586347.0,1190707.37,2023-03-04,USD,1190707.37
705467972690.0,-1190707.37,2023-03-09,USD,1190707.37
113955082849.0,1190680.0,2023-04-07,USD,1190680.0
750952618496.0,1190663.71,2023-04-07,USD,1190663.71
130006857205.0,-1187578.43,2023-03-25,USD,1187578.43
921364678452.0,-1186373.09,2023-03-22,USD,1186373.09
844387750354.0,1186373.09,2023-03-22,USD,1186373.09
528163171087.0,-1186373.09,2023-03-22,USD,1186373.09
537710890107.0,1186373.09,2023-03-22,USD,1186373.09
958377703792.0,-1186373.09,2023-03-22,USD,1186373.09
350019271607.0,1186373.09,2023-03-22,USD,1186373.09
240451968376.0,1185583.6,2023-02-24,USD,1185583.6
849757640138.0,1185426.71,2023-03-10,USD,1185426.71
278041327278.0,1185000.0,2023-04-05,USD,1185000.0
76276047235.0,-1185000.0,2023-04-05,USD,1185000.0
778584162437.0,1184799.91,2023-04-29,USD,1184799.91
274345585721.0,-1184799.91,2023-04-29,USD,1184799.91
414030278174.0,1184452.25,2023-03-04,USD,1184452.25
463021873684.0,-1184452.25,2023-03-09,USD,1184452.25
207836449376.0,-1182746.34,2023-03-22,USD,1182746.34
735964275652.0,1181314.86,2023-04-12,USD,1181314.86
257355679534.0,1180505.42,2023-04-13,USD,1180505.42
203991178906.0,-1180505.42,2023-04-13,USD,1180505.42
300485806749.0,1179449.13,2023-05-26,USD,1179449.13
583840883164.0,1177954.32,2023-05-11,USD,1177954.32
136631855570.0,1177954.32,2023-05-11,USD,1177954.32
597331174365.0,-1177954.32,2023-05-11,USD,1177954.32
586264006749.0,-1177954.32,2023-05-11,USD,1177954.32
726000454740.0,1177918.98,2023-03-05,USD,1177918.98
323138185491.0,-1177918.98,2023-03-05,USD,1177918.98
673333567087.0,1177848.1,2023-03-16,USD,1177848.1
447299679329.0,-1177848.1,2023-03-16,USD,1177848.1
710672473698.0,1177846.8,2023-03-15,USD,1177846.8
643324145163.0,-1177846.8,2023-03-15,USD,1177846.8
818666357635.0,-1177188.0,2023-04-08,USD,1177188.0
851229346480.0,1176907.0,2023-05-25,USD,1176907.0
511522467175.0,1176565.3,2023-03-23,USD,1176565.3
888689666528.0,-1176368.42,2023-04-22,USD,1176368.42
556478800044.0,-1175719.31,2023-05-18,USD,1175719.31
919232912125.0,-1175719.31,2023-05-18,USD,1175719.31
420560080675.0,-1175408.79,2023-05-07,USD,1175408.79
663655472176.0,-1175385.3,2023-03-09,USD,1175385.3
603001457791.0,1175385.3,2023-03-04,USD,1175385.3
932491130629.0,-1175326.86,2023-05-07,USD,1175326.86
180396065015.0,1175310.0,2023-03-23,USD,1175310.0
30953392346.0,1175249.84,2023-03-31,USD,1175249.84
372695941140.0,-1175239.72,2023-03-05,USD,1175239.72
457624957355.0,-1175223.4,2023-03-04,USD,1175223.4
958909432284.0,1175223.4,2023-03-09,USD,1175223.4
376711194848.0,1175195.32,2023-04-05,USD,1175195.32
527047102452.0,-1175180.6,2023-03-23,USD,1175180.6
921638703818.0,1175180.6,2023-03-23,USD,1175180.6
324339857371.0,1175180.6,2023-04-06,USD,1175180.6
843363300489.0,-1175154.0,2023-04-27,USD,1175154.0
64248388350.0,-1175151.59,2023-03-23,USD,1175151.59
26103553695.0,-1175151.59,2023-04-06,USD,1175151.59
767068951692.0,1175151.59,2023-03-23,USD,1175151.59
371738844902.0,1175143.43,2023-03-23,USD,1175143.43
29505743869.0,1175143.43,2023-04-06,USD,1175143.43
92468046872.0,-1175143.43,2023-03-23,USD,1175143.43
403851917202.0,-1175139.18,2023-03-31,USD,1175139.18
137986789731.0,-1175132.99,2023-03-09,USD,1175132.99
626720262124.0,1175132.99,2023-03-04,USD,1175132.99
300244465008.0,-1175118.29,2023-04-07,USD,1175118.29
930295433307.0,-1175086.31,2023-04-30,USD,1175086.31
393817727093.0,-1175049.11,2023-05-04,USD,1175049.11
422803151626.0,-1175049.11,2023-05-03,USD,1175049.11
615126026427.0,1175049.11,2023-05-03,USD,1175049.11
413758791943.0,-1175047.14,2023-05-26,USD,1175047.14
233927192314.0,1175042.73,2023-03-15,USD,1175042.73
748146147699.0,1173495.68,2023-03-11,USD,1173495.68
98244776569.0,1173495.68,2023-03-11,USD,1173495.68
503708864891.0,-1173495.68,2023-03-11,USD,1173495.68
402412101049.0,-1173495.68,2023-03-11,USD,1173495.68
81732535258.0,-1170520.0,2023-05-07,USD,1170520.0
226436746499.0,1168380.05,2023-05-12,USD,1168380.05
516444838730.0,1166364.85,2023-03-22,USD,1166364.85
869495304002.0,1162149.08,2023-04-19,USD,1162149.08
414992990301.0,-1162149.08,2023-04-19,USD,1162149.08
943441902539.0,-1161012.15,2023-04-06,USD,1161012.15
371054355389.0,1161012.15,2023-04-06,USD,1161012.15
285332729209.0,1160305.83,2023-03-30,USD,1160305.83
454503910092.0,-1160305.83,2023-03-30,USD,1160305.83
115909124022.0,1160305.83,2023-03-30,USD,1160305.83
916041479541.0,-1160305.83,2023-03-30,USD,1160305.83
465606092046.0,1160304.9,2023-03-30,USD,1160304.9
962236706840.0,1160302.25,2023-03-15,USD,1160302.25
883361670042.0,1160302.25,2023-03-16,USD,1160302.25
827974348537.0,-1160302.25,2023-03-16,USD,1160302.25
487507072163.0,-1160302.25,2023-03-15,USD,1160302.25
859682121935.0,1159939.1,2023-04-22,USD,1159939.1
876334589350.0,1159488.67,2023-04-02,USD,1159488.67
50344429589.0,-1159216.85,2023-04-07,USD,1159216.85
81574517788.0,1159216.85,2023-04-07,USD,1159216.85
663600987761.0,1155416.0,2023-05-25,USD,1155416.0
355370408828.0,-1152920.38,2023-04-21,USD,1152920.38
424702350685.0,-1152564.61,2023-04-26,USD,1152564.61
227053155863.0,1152564.61,2023-04-26,USD,1152564.61
842585728256.0,1152564.61,2023-04-26,USD,1152564.61
40355589741.0,1152564.61,2023-04-26,USD,1152564.61
406897344955.0,-1152564.61,2023-04-26,USD,1152564.61
69363218135.0,-1152564.61,2023-04-26,USD,1152564.61
249223063662.0,1152466.53,2023-04-26,USD,1152466.53
590949027847.0,-1152466.53,2023-04-26,USD,1152466.53
31899834531.0,1152466.53,2023-05-07,USD,1152466.53
514725771666.0,1150380.4,2023-04-19,USD,1150380.4
225777143745.0,-1150380.4,2023-04-19,USD,1150380.4
254506558810.0,-1146263.31,2023-04-26,USD,1146263.31
125005616926.0,-1146263.31,2023-04-26,USD,1146263.31
23966019604.0,1146263.31,2023-04-26,USD,1146263.31
340997473653.0,1146263.31,2023-04-26,USD,1146263.31
982014403074.0,1132550.0,2023-04-01,USD,1132550.0
352102784123.0,-1128193.48,2023-05-06,USD,1128193.48
387793899863.0,1105830.13,2023-03-19,USD,1105830.13
620843830398.0,-1105503.03,2023-04-12,USD,1105503.03
217555357768.0,-1102865.18,2023-03-22,USD,1102865.18
794145303578.0,-1101880.0,2023-04-30,USD,1101880.0
5319905098.0,1098767.28,2023-03-22,USD,1098767.28
634780481124.0,-1098767.28,2023-03-22,USD,1098767.28
175062579387.0,1098358.29,2023-05-25,USD,1098358.29
188968333985.0,-1097921.23,2023-03-04,USD,1097921.23
474161975185.0,1097921.23,2023-03-09,USD,1097921.23
986196265575.0,1097884.94,2023-04-26,USD,1097884.94
583604561374.0,1097884.94,2023-05-07,USD,1097884.94
355735796417.0,-1097884.94,2023-04-26,USD,1097884.94
954178904563.0,-1093608.38,2023-05-24,USD,1093608.38
912128289021.0,1093000.0,2023-05-06,USD,1093000.0
674315809607.0,-1088516.24,2023-04-13,USD,1088516.24
601802148009.0,1088516.24,2023-04-13,USD,1088516.24
224863501867.0,-1084106.3,2023-03-29,USD,1084106.3
795483861155.0,1084106.3,2023-03-29,USD,1084106.3
600253563174.0,-1079560.0,2023-03-05,USD,1079560.0
237853430772.0,1079560.0,2023-03-05,USD,1079560.0
509708442612.0,1079534.06,2023-04-02,USD,1079534.06
70887369231.0,-1078830.0,2023-05-06,USD,1078830.0
963227038578.0,1078830.0,2023-05-06,USD,1078830.0
155800595939.0,-1078830.0,2023-05-11,USD,1078830.0
894187278504.0,-1078830.0,2023-05-07,USD,1078830.0
237276063759.0,1078830.0,2023-05-11,USD,1078830.0
205718150238.0,1078830.0,2023-05-07,USD,1078830.0
971899574737.0,1078798.15,2023-04-20,USD,1078798.15
484789347520.0,-1074061.09,2023-04-08,USD,1074061.09
304823013718.0,1073551.3,2023-04-27,USD,1073551.3
47353680423.0,1067307.24,2023-04-05,USD,1067307.24
118817933686.0,-1067307.24,2023-04-05,USD,1067307.24
178239855742.0,1058687.72,2023-05-13,USD,1058687.72
37249907272.0,1049430.64,2023-04-01,USD,1049430.64
27778789066.0,-1049430.64,2023-04-01,USD,1049430.64
235956665662.0,1048379.54,2023-03-22,USD,1048379.54
190443105647.0,-1046912.55,2023-05-21,USD,1046912.55
434480733908.0,1045440.0,2023-04-08,USD,1045440.0
85756627109.0,1044510.05,2023-05-07,USD,1044510.05
300093861635.0,-1044510.05,2023-05-07,USD,1044510.05
555481610881.0,-1041319.3,2023-05-07,USD,1041319.3
612623830894.0,1038043.25,2023-05-07,USD,1038043.25
307136114713.0,-1038043.25,2023-04-26,USD,1038043.25
667697212888.0,1038043.25,2023-04-26,USD,1038043.25
295319017256.0,-1033345.97,2023-04-15,USD,1033345.97
476508144980.0,1030000.0,2023-04-21,USD,1030000.0
331057831494.0,-1030000.0,2023-04-26,USD,1030000.0
739098984569.0,-1030000.0,2023-04-21,USD,1030000.0
651046014454.0,1030000.0,2023-04-22,USD,1030000.0
459651721973.0,1026830.68,2023-04-02,USD,1026830.68
619388421091.0,1025371.34,2023-04-30,USD,1025371.34
61339922527.0,1023019.99,2023-03-08,USD,1023019.99
739332173983.0,-1022101.72,2023-03-01,USD,1022101.72
490230757978.0,-1018020.64,2023-04-12,USD,1018020.64
265822263960.0,1018020.64,2023-04-12,USD,1018020.64
43183234862.0,1017602.74,2023-04-26,USD,1017602.74
547237147464.0,-1017602.74,2023-04-26,USD,1017602.74
234686294421.0,1017602.74,2023-05-07,USD,1017602.74
771157286438.0,1013827.16,2023-05-06,USD,1013827.16
40349151855.0,1013827.16,2023-05-06,USD,1013827.16
457496280966.0,-1013827.16,2023-05-06,USD,1013827.16
411937289417.0,-1013827.16,2023-05-06,USD,1013827.16
252857554887.0,1013705.91,2023-04-29,USD,1013705.91
567603927339.0,-1013705.91,2023-04-29,USD,1013705.91
48446587184.0,-1013704.78,2023-04-30,USD,1013704.78
778710728871.0,1013704.78,2023-04-30,USD,1013704.78
819121604371.0,1013214.33,2023-05-04,USD,1013214.33
134318251545.0,-1013214.33,2023-05-04,USD,1013214.33
72853012556.0,1013214.33,2023-05-04,USD,1013214.33
53978299527.0,-1013214.33,2023-05-04,USD,1013214.33
704405866804.0,1013026.35,2023-05-25,USD,1013026.35
991524986433.0,-1000000.0,2023-05-07,USD,1000000.0
772766202829.0,1000000.0,2023-05-26,USD,1000000.0
769823925085.0,1000000.0,2023-05-12,USD,1000000.0
130803443920.0,-999514.77,2023-04-02,USD,999514.77
373040096510.0,-999320.0,2023-05-21,USD,999320.0
663939952540.0,999320.0,2023-05-19,USD,999320.0
560576084147.0,999320.0,2023-05-21,USD,999320.0
1585947153.0,998405.9,2023-04-12,USD,998405.9
742847493968.0,-998405.89,2023-04-12,USD,998405.89
912420764841.0,998000.0,2023-04-15,USD,998000.0
849712457502.0,-998000.0,2023-04-13,USD,998000.0
896171431969.0,997905.43,2023-03-26,USD,997905.43
437742265083.0,-997905.43,2023-03-26,USD,997905.43
754857986837.0,-997870.3,2023-05-25,USD,997870.3
261009290535.0,992481.49,2023-03-12,USD,992481.49
98449646677.0,-984518.51,2023-03-29,USD,984518.51
389578702962.0,979026.16,2023-04-29,USD,979026.16
238105857012.0,-971743.04,2023-03-31,USD,971743.04
799434689321.0,-971680.44,2023-04-30,USD,971680.44
267957483873.0,971642.11,2023-03-23,USD,971642.11
627152569881.0,971642.11,2023-04-08,USD,971642.11
348833669399.0,-971642.11,2023-03-23,USD,971642.11
287145710017.0,-970000.0,2023-03-12,USD,970000.0
785580791325.0,-970000.0,2023-04-07,USD,970000.0
686273873741.0,970000.0,2023-03-08,USD,970000.0
290113837643.0,970000.0,2023-03-12,USD,970000.0
469586497622.0,-970000.0,2023-03-26,USD,970000.0
501486889357.0,970000.0,2023-04-07,USD,970000.0
440844263211.0,968015.11,2023-04-01,USD,968015.11
720866776562.0,967094.56,2023-03-11,USD,967094.56
936049496601.0,-967094.56,2023-03-11,USD,967094.56
914053328783.0,962855.0,2023-05-25,USD,962855.0
115954290435.0,-960912.86,2023-05-07,USD,960912.86
845225938765.0,950000.0,2023-03-08,USD,950000.0
797792218634.0,-950000.0,2023-03-08,USD,950000.0
80449828031.0,-949119.01,2023-05-07,USD,949119.01
474874350577.0,-944794.22,2023-03-09,USD,944794.22
425295929510.0,944794.22,2023-03-04,USD,944794.22
625100706159.0,941382.68,2023-05-31,USD,941382.68
120481336942.0,940623.53,2023-03-26,USD,940623.53
83291870248.0,-940500.0,2023-04-20,USD,940500.0
239175975351.0,-940160.0,2023-03-08,USD,940160.0
947423402096.0,940160.0,2023-03-08,USD,940160.0
793631376885.0,938339.77,2023-03-19,USD,938339.77
571441308691.0,-937451.59,2023-05-07,USD,937451.59
820676238684.0,937314.41,2023-05-11,USD,937314.41
199955849159.0,-937314.41,2023-05-11,USD,937314.41
169117802148.0,934915.66,2023-03-22,USD,934915.66
615383835640.0,934907.9,2023-03-16,USD,934907.9
918016772664.0,934907.61,2023-03-17,USD,934907.61
15359352760.0,934022.0,2023-05-25,USD,934022.0
387731228179.0,933850.2,2023-05-06,USD,933850.2
774654083138.0,-933850.2,2023-05-06,USD,933850.2
205662286627.0,933763.93,2023-03-12,USD,933763.93
7451730738.0,933763.93,2023-03-10,USD,933763.93
206997115090.0,-932739.89,2023-03-22,USD,932739.89
310937478899.0,932739.89,2023-03-22,USD,932739.89
660215507002.0,-932627.48,2023-03-04,USD,932627.48
43866514036.0,932627.48,2023-03-09,USD,932627.48
607994595518.0,-923973.92,2023-03-05,USD,923973.92
93944975456.0,923973.92,2023-03-05,USD,923973.92
827665834955.0,922190.0,2023-05-19,USD,922190.0
842663906983.0,920338.4,2023-04-29,USD,920338.4
110273216256.0,920284.96,2023-03-05,USD,920284.96
44337419215.0,-920249.96,2023-03-05,USD,920249.96
242197664583.0,-919695.0,2023-04-12,USD,919695.0
535909667726.0,918724.92,2023-04-01,USD,918724.92
922053378970.0,-918724.92,2023-04-01,USD,918724.92
864325891901.0,-917721.93,2023-04-30,USD,917721.93
785589216430.0,-917032.96,2023-03-16,USD,917032.96
418998152382.0,917032.96,2023-03-16,USD,917032.96
750215695954.0,-916091.16,2023-05-20,USD,916091.16
836210914781.0,916091.16,2023-05-20,USD,916091.16
656207307276.0,912006.3,2023-04-06,USD,912006.3
365093474655.0,-912006.3,2023-04-06,USD,912006.3
890071096339.0,911536.66,2023-05-18,USD,911536.66
438880683611.0,911467.02,2023-04-26,USD,911467.02
992833193034.0,-911467.02,2023-04-26,USD,911467.02
676851649002.0,911467.02,2023-05-07,USD,911467.02
657987820396.0,-911402.0,2023-05-04,USD,911402.0
742805158979.0,911402.0,2023-05-04,USD,911402.0
336856014578.0,-910410.11,2023-03-08,USD,910410.11
896577113734.0,-907493.03,2023-05-26,USD,907493.03
66317590889.0,907001.33,2023-05-24,USD,907001.33
972090326287.0,905372.52,2023-04-02,USD,905372.52
50377388613.0,-904930.0,2023-05-17,USD,904930.0
941410285415.0,904930.0,2023-05-17,USD,904930.0
239934983724.0,-904260.19,2023-04-27,USD,904260.19
419644660786.0,892418.28,2023-05-04,USD,892418.28
509796326321.0,-891942.1,2023-03-10,USD,891942.1
199847154142.0,891942.1,2023-03-10,USD,891942.1
509248232993.0,-891482.81,2023-04-14,USD,891482.81
734486865319.0,891482.81,2023-04-06,USD,891482.81
810263718092.0,891482.16,2023-05-11,USD,891482.16
8853081036.0,-891482.16,2023-05-11,USD,891482.16
354381523885.0,891032.76,2023-03-08,USD,891032.76
829317146240.0,891025.67,2023-03-23,USD,891025.67
259004552033.0,-891025.67,2023-03-23,USD,891025.67
562672493155.0,-890347.26,2023-04-06,USD,890347.26
230285381557.0,890347.26,2023-04-06,USD,890347.26
772002201915.0,889981.46,2023-03-16,USD,889981.46
978916018625.0,889933.9,2023-03-05,USD,889933.9
863569816962.0,-889090.84,2023-04-26,USD,889090.84
236797250911.0,889090.84,2023-05-07,USD,889090.84
760425865855.0,889090.84,2023-04-26,USD,889090.84
950766743933.0,-888715.19,2023-03-10,USD,888715.19
424385010311.0,888715.19,2023-03-10,USD,888715.19
641152932350.0,885553.05,2023-03-11,USD,885553.05
667221449873.0,-885288.72,2023-05-26,USD,885288.72
86563106315.0,885288.72,2023-05-26,USD,885288.72
942476707875.0,-885189.64,2023-05-18,USD,885189.64
332692030054.0,-885189.64,2023-05-18,USD,885189.64
443890636011.0,-885189.64,2023-05-18,USD,885189.64
697548307585.0,-885189.64,2023-05-18,USD,885189.64
77939439554.0,884636.36,2023-03-22,USD,884636.36
508181067103.0,-884636.36,2023-03-22,USD,884636.36
651721870302.0,884458.42,2023-03-10,USD,884458.42
753790499176.0,883151.93,2023-04-29,USD,883151.93
925116202085.0,882791.93,2023-05-11,USD,882791.93
304770419912.0,-882791.93,2023-05-11,USD,882791.93
246408909986.0,882359.22,2023-04-30,USD,882359.22
628264875303.0,882350.64,2023-04-13,USD,882350.64
676981200112.0,-882000.0,2023-04-30,USD,882000.0
335487938269.0,-882000.0,2023-03-12,USD,882000.0
444854786842.0,-882000.0,2023-04-26,USD,882000.0
515165120627.0,-882000.0,2023-04-13,USD,882000.0
899472063802.0,882000.0,2023-04-26,USD,882000.0
34383840613.0,880716.01,2023-05-21,USD,880716.01
920923713570.0,-880716.01,2023-05-21,USD,880716.01
510861664870.0,875620.0,2023-05-17,USD,875620.0
509339650301.0,875232.48,2023-03-29,USD,875232.48
56691760119.0,873536.34,2023-05-24,USD,873536.34
646087451925.0,-873536.34,2023-05-24,USD,873536.34
541563840181.0,-873257.0,2023-04-15,USD,873257.0
882702889069.0,872647.78,2023-04-26,USD,872647.78
992192991464.0,-872647.78,2023-04-26,USD,872647.78
928445313108.0,872647.78,2023-05-07,USD,872647.78
651147184782.0,872475.73,2023-02-22,USD,872475.73
756764091327.0,-872475.73,2023-02-22,USD,872475.73
121732000141.0,872475.73,2023-03-08,USD,872475.73
49819753868.0,-866265.91,2023-03-09,USD,866265.91
562274424647.0,866265.91,2023-03-09,USD,866265.91
502593518162.0,-865636.09,2023-03-09,USD,865636.09
702815552551.0,865636.09,2023-03-09,USD,865636.09
497755897821.0,-860195.56,2023-05-13,USD,860195.56
663958788870.0,-858209.53,2023-05-07,USD,858209.53
116860453750.0,-855696.11,2023-03-31,USD,855696.11
653201726080.0,-854634.0,2023-05-24,USD,854634.0
75496412100.0,854634.0,2023-05-24,USD,854634.0
750014930665.0,854554.76,2023-03-04,USD,854554.76
58836482844.0,-854554.76,2023-03-04,USD,854554.76
981852393189.0,-854540.0,2023-05-20,USD,854540.0
501212193989.0,854540.0,2023-05-20,USD,854540.0
498691844680.0,-853588.3,2023-03-29,USD,853588.3
406591415571.0,853588.3,2023-03-29,USD,853588.3
420082188734.0,852844.28,2023-02-22,USD,852844.28
292559091994.0,852844.28,2023-03-08,USD,852844.28
226726711041.0,-852844.28,2023-02-22,USD,852844.28
220358480949.0,-850672.54,2023-03-05,USD,850672.54
372589744695.0,850000.0,2023-03-29,USD,850000.0
461513978016.0,-850000.0,2023-03-29,USD,850000.0
950706280574.0,-847589.48,2023-03-19,USD,847589.48
283403784066.0,847589.48,2023-03-19,USD,847589.48
879199207532.0,847191.3,2023-05-20,USD,847191.3
960627570742.0,-846950.55,2023-04-06,USD,846950.55
686179544876.0,846818.43,2023-03-09,USD,846818.43
301548527377.0,-846724.85,2023-05-17,USD,846724.85
38055763723.0,-845397.71,2023-05-17,USD,845397.71
67189136718.0,-845397.71,2023-05-17,USD,845397.71
130725782815.0,845397.71,2023-05-17,USD,845397.71
635581523674.0,-845397.71,2023-05-17,USD,845397.71
631112667215.0,845397.71,2023-05-17,USD,845397.71
832585667832.0,845397.71,2023-05-17,USD,845397.71
548119203546.0,845018.59,2023-03-22,USD,845018.59
703744969464.0,-845018.59,2023-03-22,USD,845018.59
746881639090.0,844943.8,2023-04-30,USD,844943.8
108325204620.0,-844943.8,2023-04-30,USD,844943.8
77774949384.0,844528.25,2023-03-31,USD,844528.25
467037358817.0,-844466.09,2023-03-05,USD,844466.09
583667243513.0,844456.71,2023-04-30,USD,844456.71
706988377116.0,-844449.04,2023-04-29,USD,844449.04
981573687627.0,844396.19,2023-04-30,USD,844396.19
668680770338.0,844384.47,2023-04-07,USD,844384.47
699407172468.0,844380.48,2023-04-30,USD,844380.48
171586731018.0,843283.71,2023-04-12,USD,843283.71
429083270027.0,843000.0,2023-05-03,USD,843000.0
960728155782.0,-843000.0,2023-04-26,USD,843000.0
155862964235.0,843000.0,2023-04-26,USD,843000.0
287070490919.0,-843000.0,2023-05-03,USD,843000.0
142655019492.0,843000.0,2023-05-04,USD,843000.0
526440150871.0,842049.14,2023-03-24,USD,842049.14
866887209759.0,842048.0,2023-03-25,USD,842048.0
606181922891.0,841533.01,2023-05-11,USD,841533.01
762808652889.0,-841533.01,2023-05-06,USD,841533.01
296259084197.0,841533.01,2023-05-06,USD,841533.01
583890675409.0,841533.01,2023-05-06,USD,841533.01
637238297559.0,-841533.01,2023-05-06,USD,841533.01
382236485938.0,-841299.0,2023-03-31,USD,841299.0
889564589808.0,841029.24,2023-03-23,USD,841029.24
326908346201.0,-840933.42,2023-05-24,USD,840933.42
667866107800.0,826148.7,2023-05-25,USD,826148.7
302881587861.0,824000.0,2023-05-11,USD,824000.0
962902102313.0,-819851.13,2023-04-19,USD,819851.13
610156667752.0,819851.13,2023-04-19,USD,819851.13
553994111452.0,-818597.65,2023-03-31,USD,818597.65
965478435782.0,818558.55,2023-04-08,USD,818558.55
210920680145.0,-818535.58,2023-03-23,USD,818535.58
210165025725.0,818535.58,2023-03-23,USD,818535.58
665632711502.0,-818535.58,2023-04-08,USD,818535.58
52030522426.0,-816649.2,2023-04-07,USD,816649.2
133222112760.0,-816164.1,2023-04-07,USD,816164.1
977897972276.0,-813323.77,2023-04-30,USD,813323.77
747750657670.0,-813304.11,2023-04-30,USD,813304.11
390411436760.0,813287.84,2023-04-08,USD,813287.84
475015739567.0,-813279.04,2023-04-30,USD,813279.04
169519243684.0,812554.18,2023-05-17,USD,812554.18
478914617070.0,-812554.18,2023-05-17,USD,812554.18
644637374257.0,810000.0,2023-03-25,USD,810000.0
520973696430.0,-800000.0,2023-03-25,USD,800000.0
358271472150.0,800000.0,2023-04-12,USD,800000.0
243123380097.0,-800000.0,2023-04-12,USD,800000.0
535594013853.0,800000.0,2023-04-13,USD,800000.0
130333688517.0,-794083.89,2023-04-28,USD,794083.89
883997203782.0,793955.75,2023-04-27,USD,793955.75
910124180697.0,791227.93,2023-05-13,USD,791227.93
210740837493.0,-791227.93,2023-05-13,USD,791227.93
684109912620.0,787591.1,2023-05-31,USD,787591.1
564428259485.0,787591.1,2023-05-31,USD,787591.1
946786951981.0,782663.67,2023-05-24,USD,782663.67
327562716987.0,-782006.0,2023-04-27,USD,782006.0
688035867021.0,-781993.17,2023-03-23,USD,781993.17
500494013398.0,781993.17,2023-03-29,USD,781993.17
370830556656.0,781993.17,2023-03-23,USD,781993.17
652751190052.0,-781951.02,2023-03-30,USD,781951.02
176116567110.0,-780349.5,2023-03-16,USD,780349.5
364554484789.0,780349.5,2023-03-17,USD,780349.5
750352045809.0,780265.36,2023-04-02,USD,780265.36
511170490768.0,780000.0,2023-03-30,USD,780000.0
967434637146.0,778080.17,2023-03-26,USD,778080.17
193086138663.0,-776741.96,2023-05-06,USD,776741.96
936586420161.0,776741.96,2023-05-06,USD,776741.96
901117447661.0,-776741.96,2023-05-06,USD,776741.96
167933308474.0,776741.96,2023-05-06,USD,776741.96
228821035786.0,776731.1,2023-04-13,USD,776731.1
133211256452.0,-776498.16,2023-05-07,USD,776498.16
364486731455.0,776191.0,2023-05-07,USD,776191.0
459602229648.0,774956.5,2023-04-27,USD,774956.5
165044965103.0,769771.19,2023-05-19,USD,769771.19
668852720505.0,-769771.19,2023-05-19,USD,769771.19
953845012794.0,767023.11,2023-05-24,USD,767023.11
996016310599.0,-767023.11,2023-05-24,USD,767023.11
457348727966.0,766449.63,2023-03-08,USD,766449.63
361207708706.0,766449.63,2023-02-22,USD,766449.63
325555113188.0,-766449.63,2023-02-22,USD,766449.63
589286969713.0,763203.18,2023-03-29,USD,763203.18
337760773760.0,762708.89,2023-04-27,USD,762708.89
289682029669.0,-762708.89,2023-04-27,USD,762708.89
824112674492.0,759740.87,2023-03-23,USD,759740.87
705766302278.0,-759740.87,2023-04-08,USD,759740.87
130373671337.0,-759740.87,2023-03-23,USD,759740.87
941083705286.0,-756595.59,2023-04-30,USD,756595.59
776639393860.0,756595.59,2023-04-30,USD,756595.59
296218968685.0,753039.09,2023-03-11,USD,753039.09
950837200469.0,-753039.09,2023-03-11,USD,753039.09
424532611897.0,750922.94,2023-04-30,USD,750922.94
200444656983.0,-750922.94,2023-04-30,USD,750922.94
857630131025.0,-750908.55,2023-05-03,USD,750908.55
764938852595.0,750908.55,2023-05-03,USD,750908.55
537333510083.0,750607.35,2023-05-18,USD,750607.35
606738700462.0,750261.0,2023-03-23,USD,750261.0
652214120894.0,-750261.0,2023-03-23,USD,750261.0
94883540169.0,750261.0,2023-04-06,USD,750261.0
853414695748.0,-750235.52,2023-03-05,USD,750235.52
700305078822.0,-750227.0,2023-04-29,USD,750227.0
206211366508.0,750221.6,2023-04-30,USD,750221.6
823488828540.0,750203.2,2023-05-07,USD,750203.2
144852335201.0,750203.2,2023-04-26,USD,750203.2
845636476997.0,-750203.2,2023-04-26,USD,750203.2
451932836956.0,-750195.93,2023-04-30,USD,750195.93
31441318684.0,750195.93,2023-04-30,USD,750195.93
202470075129.0,-750186.0,2023-04-12,USD,750186.0
78932714663.0,-750181.76,2023-04-27,USD,750181.76
821703957719.0,743671.0,2023-05-12,USD,743671.0
962953107703.0,-743671.0,2023-05-13,USD,743671.0
957261595686.0,-743671.0,2023-05-12,USD,743671.0
29296881380.0,743671.0,2023-05-13,USD,743671.0
914134969735.0,-743500.0,2023-04-15,USD,743500.0
144396388443.0,740759.18,2023-03-31,USD,740759.18
887035021053.0,740676.69,2023-04-30,USD,740676.69
810457286175.0,740662.09,2023-04-12,USD,740662.09
279111437802.0,-739399.32,2023-03-04,USD,739399.32
750658302106.0,739399.32,2023-03-09,USD,739399.32
259921129177.0,739382.38,2022-05-18,USD,739382.38
689883432613.0,-739382.25,2022-05-18,USD,739382.25
739069650827.0,-738373.71,2023-05-18,USD,738373.71
121892310124.0,738373.71,2023-05-18,USD,738373.71
810449624770.0,-738138.55,2023-04-28,USD,738138.55
945324207566.0,737337.85,2023-04-06,USD,737337.85
690047668280.0,-737337.85,2023-04-06,USD,737337.85
562815902685.0,-737025.96,2023-03-08,USD,737025.96
15484359126.0,-736835.44,2023-04-02,USD,736835.44
285109064274.0,-732227.9,2023-04-19,USD,732227.9
250485869469.0,729813.11,2023-05-12,USD,729813.11
652422295515.0,728235.7,2023-05-03,USD,728235.7
140024492036.0,-728235.7,2023-05-03,USD,728235.7
770309873516.0,728175.5,2023-05-05,USD,728175.5
853243214329.0,-727371.5,2023-04-27,USD,727371.5
5687703877.0,720334.64,2023-05-17,USD,720334.64
419104225344.0,719725.83,2023-05-24,USD,719725.83
245382029000.0,-719725.83,2023-05-24,USD,719725.83
663540424932.0,-717534.58,2023-03-12,USD,717534.58
742303379145.0,717534.58,2023-03-12,USD,717534.58
617991152016.0,-716249.86,2023-05-06,USD,716249.86
855929573952.0,715454.62,2023-03-17,USD,715454.62
466646065394.0,-715454.62,2023-03-17,USD,715454.62
14621263592.0,-715365.6,2023-04-07,USD,715365.6
645633499567.0,711100.46,2023-04-26,USD,711100.46
869782597298.0,711100.46,2023-05-07,USD,711100.46
176933146952.0,-711100.46,2023-04-26,USD,711100.46
696458915000.0,-709281.2,2023-03-30,USD,709281.2
196299080320.0,709040.81,2023-05-26,USD,709040.81
224925236173.0,706118.44,2023-03-29,USD,706118.44
128312256689.0,-705100.17,2023-04-19,USD,705100.17
961593921690.0,-704768.61,2023-05-19,USD,704768.61
769668765423.0,704246.99,2023-04-02,USD,704246.99
690664657790.0,704061.7,2023-04-19,USD,704061.7
761120547601.0,-699686.84,2023-03-11,USD,699686.84
980509680066.0,699686.84,2023-03-11,USD,699686.84
334495490032.0,-699000.0,2023-04-20,USD,699000.0
83817523054.0,696483.09,2023-05-14,USD,696483.09
85555808412.0,-696483.09,2023-05-14,USD,696483.09
753698731987.0,-696162.23,2023-04-02,USD,696162.23
449495648017.0,696162.23,2023-04-02,USD,696162.23
267074445070.0,695822.01,2023-03-22,USD,695822.01
511877746478.0,-695822.01,2023-03-22,USD,695822.01
468843224855.0,693020.27,2023-03-24,USD,693020.27
146279844096.0,-693020.27,2023-03-24,USD,693020.27
38397258230.0,-691128.0,2023-03-05,USD,691128.0
7210722002.0,691128.0,2023-02-25,USD,691128.0
963556431179.0,685747.47,2023-04-05,USD,685747.47
751624587196.0,680995.17,2023-04-12,USD,680995.17
166734767110.0,-676303.48,2023-04-13,USD,676303.48
343469875660.0,676303.48,2023-04-19,USD,676303.48
80943149890.0,-676098.66,2023-04-19,USD,676098.66
399702832575.0,674783.1,2023-03-11,USD,674783.1
48273037057.0,-674783.1,2023-03-11,USD,674783.1
3642691742.0,-674610.58,2023-01-12,USD,674610.58
700753394156.0,674610.58,2023-01-12,USD,674610.58
46396867445.0,-674268.88,2023-03-09,USD,674268.88
26436161221.0,674268.88,2023-03-09,USD,674268.88
81100986983.0,674111.97,2023-04-26,USD,674111.97
131027526859.0,-674111.97,2023-04-26,USD,674111.97
561199109804.0,-670167.77,2023-04-27,USD,670167.77
360889736531.0,-669404.6,2023-03-16,USD,669404.6
245159141480.0,660358.62,2023-05-24,USD,660358.62
567642245839.0,-660358.62,2023-05-24,USD,660358.62
526723890007.0,660000.0,2023-03-12,USD,660000.0
374575216050.0,-660000.0,2023-03-12,USD,660000.0
225844935558.0,658356.83,2023-04-08,USD,658356.83
17441101533.0,-657613.69,2023-05-26,USD,657613.69
383343586295.0,657613.69,2023-05-26,USD,657613.69
707883204652.0,-657346.07,2023-05-05,USD,657346.07
885679623302.0,657346.07,2023-05-05,USD,657346.07
266322945186.0,-657000.0,2023-03-16,USD,657000.0
657762932559.0,657000.0,2023-03-16,USD,657000.0
469116679205.0,657000.0,2023-03-17,USD,657000.0
631671235950.0,-657000.0,2023-03-17,USD,657000.0
939312462920.0,653734.68,2023-04-29,USD,653734.68
58469249510.0,650674.67,2023-04-19,USD,650674.67
924185584493.0,-650674.67,2023-04-13,USD,650674.67
898268425701.0,-649192.32,2023-05-17,USD,649192.32
599180467355.0,-647704.98,2023-03-31,USD,647704.98
324152227732.0,-645633.03,2023-03-22,USD,645633.03
763056971834.0,-645449.7,2023-05-19,USD,645449.7
372669595195.0,641584.3,2023-04-02,USD,641584.3
472284554509.0,-641414.26,2023-03-22,USD,641414.26
339218034692.0,-640085.32,2023-04-07,USD,640085.32
555006005491.0,-637880.33,2023-05-24,USD,637880.33
730759842179.0,637880.33,2023-05-24,USD,637880.33
640519955436.0,637608.21,2023-05-26,USD,637608.21
753092463411.0,637505.05,2023-05-04,USD,637505.05
935811520984.0,-637016.34,2023-03-09,USD,637016.34
413191844375.0,-637000.0,2023-05-05,USD,637000.0
514226735861.0,-633404.1,2023-04-02,USD,633404.1
940236340093.0,633182.63,2023-04-14,USD,633182.63
146448874420.0,630737.24,2023-05-26,USD,630737.24
705592364749.0,628907.0,2023-04-14,USD,628907.0
73870845484.0,-628907.0,2023-04-14,USD,628907.0
581006183017.0,626894.39,2023-03-31,USD,626894.39
895573710937.0,626880.84,2023-04-05,USD,626880.84
594345868765.0,-626813.4,2023-04-30,USD,626813.4
959303626236.0,-625861.75,2023-03-05,USD,625861.75
143889164177.0,625192.1,2023-03-11,USD,625192.1
933721593161.0,625063.54,2023-03-24,USD,625063.54
921123317215.0,-625063.54,2023-03-24,USD,625063.54
670522090070.0,624697.7,2023-05-13,USD,624697.7
523761718423.0,-624697.7,2023-05-13,USD,624697.7
119092701759.0,-624517.07,2023-05-07,USD,624517.07
285058186388.0,-624309.9,2023-03-04,USD,624309.9
184078953345.0,620000.0,2023-03-09,USD,620000.0
657823690300.0,-620000.0,2023-03-04,USD,620000.0
283191048857.0,-618822.39,2023-04-05,USD,618822.39
384961907303.0,617113.6,2023-03-09,USD,617113.6
828872305092.0,615580.16,2023-03-17,USD,615580.16
675072239301.0,-611252.2,2023-05-07,USD,611252.2
212620012581.0,611252.2,2023-05-07,USD,611252.2
919028676489.0,604000.09,2023-05-14,USD,604000.09
534607330288.0,-602882.14,2023-03-25,USD,602882.14
562902403529.0,602882.14,2023-03-25,USD,602882.14
210761256165.0,-600728.6,2023-04-30,USD,600728.6
437635071844.0,-600415.25,2023-05-06,USD,600415.25
662621449800.0,600415.25,2023-05-06,USD,600415.25
978055860062.0,596833.87,2023-04-02,USD,596833.87
234273513312.0,596401.0,2023-05-13,USD,596401.0
473688184191.0,-596401.0,2023-05-13,USD,596401.0
924222031342.0,596401.0,2023-05-13,USD,596401.0
723645154497.0,-596401.0,2023-05-13,USD,596401.0
706818471562.0,-596137.69,2023-03-30,USD,596137.69
245441120259.0,596137.69,2023-03-30,USD,596137.69
4095643822.0,594335.55,2023-04-05,USD,594335.55
213138056160.0,594335.15,2023-04-02,USD,594335.15
940709006563.0,-593980.0,2023-04-20,USD,593980.0
86049100503.0,593980.0,2023-04-20,USD,593980.0
101865640901.0,-593883.05,2023-04-21,USD,593883.05
181625930020.0,592540.0,2023-04-01,USD,592540.0
197688237809.0,-592540.0,2023-04-01,USD,592540.0
908962552732.0,590540.67,2023-04-28,USD,590540.67
162658449094.0,590540.67,2023-04-28,USD,590540.67
117201422826.0,-590439.16,2023-03-08,USD,590439.16
703024339159.0,-588229.87,2023-05-17,USD,588229.87
343395092303.0,588229.87,2023-05-17,USD,588229.87
482928248987.0,588219.92,2023-05-27,USD,588219.92
836839376311.0,-588016.66,2023-03-17,USD,588016.66
359387597403.0,588016.66,2023-03-17,USD,588016.66
139739740405.0,587239.39,2023-03-09,USD,587239.39
543341959720.0,586772.0,2023-04-05,USD,586772.0
612268634587.0,-586724.0,2023-05-12,USD,586724.0
180846428541.0,586724.0,2023-05-12,USD,586724.0
118297495244.0,586724.0,2023-05-07,USD,586724.0
177169382508.0,586601.49,2023-04-09,USD,586601.49
700014832141.0,-586601.49,2023-04-09,USD,586601.49
733371793165.0,586601.04,2023-04-12,USD,586601.04
818554557083.0,584836.62,2023-03-08,USD,584836.62
509684209820.0,-584836.62,2023-03-08,USD,584836.62
100434756887.0,584836.62,2023-03-08,USD,584836.62
444683140381.0,-584836.62,2023-03-08,USD,584836.62
388698985135.0,582957.36,2023-03-11,USD,582957.36
398907070632.0,-582957.36,2023-03-11,USD,582957.36
314048014901.0,582405.68,2023-03-12,USD,582405.68
286653753811.0,-582128.79,2023-04-19,USD,582128.79
63780338847.0,582128.79,2023-04-19,USD,582128.79
969493979545.0,581430.02,2023-03-23,USD,581430.02
346431756179.0,581430.02,2023-03-29,USD,581430.02
741404375095.0,-581430.02,2023-03-23,USD,581430.02
140799075275.0,580065.12,2023-04-12,USD,580065.12
81012870468.0,-580065.12,2023-04-12,USD,580065.12
799587164647.0,574574.4,2023-03-23,USD,574574.4
143962930255.0,573718.66,2023-05-24,USD,573718.66
400364882786.0,-573718.66,2023-05-24,USD,573718.66
221243924202.0,-573680.6,2023-04-19,USD,573680.6
925780627526.0,571928.87,2023-03-12,USD,571928.87
824490058941.0,-570783.38,2023-05-03,USD,570783.38
646271822418.0,570783.38,2023-05-03,USD,570783.38
472710307864.0,-570783.38,2023-05-04,USD,570783.38
54972646515.0,570283.18,2023-05-18,USD,570283.18
867482371717.0,-570283.18,2023-05-18,USD,570283.18
828724863132.0,569962.6,2023-05-07,USD,569962.6
615269874247.0,569962.6,2023-04-26,USD,569962.6
798203336583.0,-569962.6,2023-04-26,USD,569962.6
829839541141.0,-566419.91,2023-05-18,USD,566419.91
571068510201.0,566419.91,2023-05-18,USD,566419.91
552460677802.0,-566020.48,2023-04-30,USD,566020.48
916082831471.0,-565970.94,2023-04-09,USD,565970.94
774352015667.0,563923.28,2023-05-27,USD,563923.28
902287504540.0,-563923.28,2023-05-27,USD,563923.28
275211680345.0,-563696.65,2023-05-11,USD,563696.65
623801998835.0,-562443.4,2023-03-12,USD,562443.4
763047118071.0,-561900.44,2023-04-22,USD,561900.44
634993573679.0,561835.93,2023-03-08,USD,561835.93
94118767469.0,-561320.0,2023-03-29,USD,561320.0
289999665183.0,560000.0,2023-03-10,USD,560000.0
112559259534.0,559881.54,2023-03-25,USD,559881.54
908175942442.0,-559881.54,2023-03-25,USD,559881.54
747324778127.0,559684.64,2023-04-26,USD,559684.64
894299121288.0,559600.12,2023-04-02,USD,559600.12
962978537445.0,559343.04,2023-04-14,USD,559343.04
384271309201.0,-555554.45,2023-04-08,USD,555554.45
973452665766.0,555554.45,2023-03-23,USD,555554.45
273467055433.0,-555554.45,2023-03-23,USD,555554.45
431702278771.0,555538.71,2023-04-07,USD,555538.71
559151640428.0,-551058.78,2023-03-17,USD,551058.78
673533411601.0,551058.78,2023-03-17,USD,551058.78
180525517617.0,550455.56,2023-03-08,USD,550455.56
611326308115.0,-550455.56,2023-03-08,USD,550455.56
955259489189.0,549307.52,2023-03-11,USD,549307.52
501878869441.0,-549307.52,2023-03-11,USD,549307.52
350491714615.0,-548885.71,2023-05-17,USD,548885.71
326311922337.0,548885.69,2023-05-17,USD,548885.69
454037556642.0,-544753.1,2023-05-19,USD,544753.1
398361467103.0,544753.1,2023-05-19,USD,544753.1
799540088309.0,544741.9,2023-03-31,USD,544741.9
858964424267.0,544736.0,2023-05-05,USD,544736.0
252941367372.0,-544580.3,2023-05-11,USD,544580.3
787692898501.0,544580.3,2023-05-11,USD,544580.3
963610012282.0,-544351.5,2023-03-17,USD,544351.5
745571170360.0,544351.5,2023-03-17,USD,544351.5
949747739982.0,543098.15,2023-05-05,USD,543098.15
810801214003.0,-542250.0,2023-05-07,USD,542250.0
326070397347.0,542250.0,2023-05-06,USD,542250.0
952630448368.0,542250.0,2023-05-03,USD,542250.0
472543510804.0,-542250.0,2023-05-03,USD,542250.0
189133463512.0,542250.0,2023-05-07,USD,542250.0
348307980963.0,-542250.0,2023-05-06,USD,542250.0
770896818815.0,542198.65,2023-05-21,USD,542198.65
729888910136.0,-542000.0,2023-05-24,USD,542000.0
437959644211.0,542000.0,2023-05-24,USD,542000.0
519302870450.0,542000.0,2023-04-27,USD,542000.0
955675066522.0,541711.55,2023-05-24,USD,541711.55
297586399290.0,-541711.55,2023-05-24,USD,541711.55
574479404251.0,540000.0,2023-03-12,USD,540000.0
26304989394.0,539519.34,2023-03-05,USD,539519.34
924313570717.0,-539519.34,2023-03-05,USD,539519.34
374546288034.0,537310.0,2023-03-23,USD,537310.0
338477946978.0,-537310.0,2023-03-23,USD,537310.0
528659495001.0,-533539.18,2023-05-07,USD,533539.18
892627472438.0,533539.18,2023-05-07,USD,533539.18
62809868159.0,-533033.09,2023-04-29,USD,533033.09
950779101021.0,533033.09,2023-04-29,USD,533033.09
792600705967.0,533033.09,2023-05-03,USD,533033.09
360354633676.0,-533033.09,2023-04-30,USD,533033.09
188927538088.0,533033.09,2023-04-30,USD,533033.09
522909947942.0,-533000.0,2023-05-07,USD,533000.0
178095144793.0,533000.0,2023-05-07,USD,533000.0
410544364198.0,-533000.0,2023-05-07,USD,533000.0
357403911044.0,533000.0,2023-05-07,USD,533000.0
555136870221.0,532939.75,2023-03-05,USD,532939.75
577281369733.0,532869.9,2023-03-08,USD,532869.9
646500204211.0,532869.9,2023-02-22,USD,532869.9
304002451568.0,-532869.9,2023-02-22,USD,532869.9
726803265351.0,532828.46,2023-05-17,USD,532828.46
757246947014.0,532794.75,2023-02-22,USD,532794.75
108665024525.0,-532794.75,2023-02-22,USD,532794.75
554126997969.0,532794.75,2023-03-08,USD,532794.75
588998461882.0,531770.16,2023-03-26,USD,531770.16
358342887248.0,-531672.8,2023-03-17,USD,531672.8
296075410845.0,530911.64,2023-05-17,USD,530911.64
865222473632.0,-530911.64,2023-05-17,USD,530911.64
119878262100.0,530908.79,2023-03-15,USD,530908.79
815934466169.0,530908.79,2023-03-15,USD,530908.79
797237798385.0,-530908.79,2023-03-15,USD,530908.79
169638762640.0,-530908.79,2023-03-15,USD,530908.79
26790308402.0,-525962.13,2023-04-15,USD,525962.13
753356069057.0,525962.13,2023-04-15,USD,525962.13
431745881710.0,-525858.86,2023-03-10,USD,525858.86
185019930078.0,524886.0,2023-05-04,USD,524886.0
679509398800.0,520806.28,2023-04-28,USD,520806.28
367277824038.0,-520806.28,2023-04-29,USD,520806.28
934164033947.0,-520806.28,2023-04-28,USD,520806.28
230957995802.0,-518212.41,2023-04-29,USD,518212.41
554713826412.0,-517736.56,2023-05-04,USD,517736.56
160798976561.0,-517736.56,2023-05-03,USD,517736.56
973722657967.0,517736.56,2023-05-03,USD,517736.56
210535662920.0,-516758.3,2023-03-10,USD,516758.3
64447905603.0,516758.3,2023-03-10,USD,516758.3
203770987175.0,515161.35,2023-03-12,USD,515161.35
314714077158.0,515161.35,2023-03-11,USD,515161.35
454985799953.0,-515161.35,2023-03-11,USD,515161.35
912871769690.0,514000.0,2023-04-07,USD,514000.0
783717246247.0,-513206.42,2023-02-03,USD,513206.42
282554107598.0,513206.42,2023-02-03,USD,513206.42
109116453661.0,511914.7,2023-04-27,USD,511914.7
798450284315.0,-508964.0,2023-04-19,USD,508964.0
784197713325.0,508145.64,2023-05-04,USD,508145.64
858571509394.0,-508145.64,2023-05-03,USD,508145.64
541837825561.0,508145.64,2023-04-26,USD,508145.64
757600794027.0,508145.64,2023-05-03,USD,508145.64
328238010962.0,-508145.64,2023-04-26,USD,508145.64
378426853031.0,-506490.11,2023-04-19,USD,506490.11
326362162716.0,506034.89,2023-05-12,USD,506034.89
289219279692.0,-506034.1,2023-04-05,USD,506034.1
676971519132.0,505970.97,2023-03-16,USD,505970.97
127719272134.0,505578.84,2023-03-29,USD,505578.84
222407728785.0,505563.0,2023-05-04,USD,505563.0
356727366207.0,505563.0,2023-05-04,USD,505563.0
713457121585.0,505563.0,2023-05-06,USD,505563.0
444495321976.0,505563.0,2023-05-04,USD,505563.0
197700058546.0,505563.0,2023-05-06,USD,505563.0
451157122877.0,-505320.0,2023-03-05,USD,505320.0
796193217696.0,505320.0,2023-03-08,USD,505320.0
770762759764.0,505320.0,2023-03-09,USD,505320.0
924710419170.0,505320.0,2023-03-05,USD,505320.0
251876216231.0,-505320.0,2023-03-08,USD,505320.0
456888482499.0,505090.4,2023-04-02,USD,505090.4
296929616539.0,-505088.8,2023-05-07,USD,505088.8
510112521049.0,505088.8,2023-05-07,USD,505088.8
262050444057.0,505011.36,2023-05-11,USD,505011.36
399940342194.0,-505000.0,2023-04-07,USD,505000.0
563743786851.0,-504531.0,2023-04-06,USD,504531.0
86069556820.0,504076.21,2023-03-16,USD,504076.21
553799189374.0,503455.0,2023-03-23,USD,503455.0
572822789263.0,-502485.0,2023-04-19,USD,502485.0
396505734930.0,-502025.3,2023-04-13,USD,502025.3
611399331862.0,502025.3,2023-04-19,USD,502025.3
11935208108.0,-501510.0,2023-04-30,USD,501510.0
848171485397.0,501348.75,2023-04-01,USD,501348.75
568563386467.0,-501348.75,2023-04-01,USD,501348.75
539669588831.0,501179.52,2023-03-23,USD,501179.52
155421332704.0,-501179.52,2023-03-23,USD,501179.52
422173764150.0,-501035.05,2023-05-07,USD,501035.05
857620224730.0,-500973.0,2023-03-05,USD,500973.0
615339159231.0,500947.54,2023-05-05,USD,500947.54
531594131474.0,-500935.44,2023-03-05,USD,500935.44
360533495400.0,500000.0,2023-05-04,USD,500000.0
473140861559.0,-500000.0,2023-05-04,USD,500000.0
836505403140.0,500000.0,2023-04-15,USD,500000.0
273242110786.0,500000.0,2023-05-25,USD,500000.0
488481542994.0,-500000.0,2023-04-15,USD,500000.0
98316221083.0,496014.42,2023-04-28,USD,496014.42
946672607037.0,-495907.07,2023-04-28,USD,495907.07
909399233863.0,-491098.53,2023-04-19,USD,491098.53
537421808099.0,491098.53,2023-04-19,USD,491098.53
872503543584.0,490671.3,2023-05-24,USD,490671.3
870584285097.0,490606.61,2023-05-25,USD,490606.61
814210039814.0,-490217.49,2023-04-07,USD,490217.49
86339385006.0,490217.49,2023-04-07,USD,490217.49
448622174847.0,488315.36,2023-03-16,USD,488315.36
584953954457.0,-488315.36,2023-03-17,USD,488315.36
167028815549.0,-488267.61,2023-05-13,USD,488267.61
623104917390.0,488267.61,2023-05-13,USD,488267.61
957236130581.0,487529.99,2023-04-19,USD,487529.99
762362148442.0,-487367.0,2023-03-23,USD,487367.0
797473488871.0,-487055.23,2023-04-27,USD,487055.23
111877376896.0,-486746.83,2023-04-06,USD,486746.83
769774424077.0,-485819.24,2023-05-21,USD,485819.24
318827686757.0,477925.45,2023-05-11,USD,477925.45
255710887624.0,476149.92,2023-03-16,USD,476149.92
98580304308.0,-472300.0,2023-03-29,USD,472300.0
511275743858.0,472201.24,2023-04-28,USD,472201.24
610925051378.0,-472099.03,2023-04-28,USD,472099.03
578931694727.0,472034.73,2023-03-05,USD,472034.73
121357300178.0,-471917.36,2023-04-08,USD,471917.36
467384491660.0,-471917.36,2023-04-12,USD,471917.36
195978752454.0,-471917.36,2023-04-08,USD,471917.36
586957260415.0,-471917.36,2023-04-08,USD,471917.36
648603137740.0,471893.0,2023-04-12,USD,471893.0
187549618684.0,-471893.0,2023-04-12,USD,471893.0
415024781562.0,470268.3,2023-04-02,USD,470268.3
843153476794.0,-469780.43,2023-05-17,USD,469780.43
514576229711.0,469780.43,2023-05-17,USD,469780.43
347572503171.0,469679.0,2023-03-08,USD,469679.0
954216174866.0,-469678.71,2023-03-08,USD,469678.71
718422886049.0,469298.0,2023-05-07,USD,469298.0
184470050378.0,-469298.0,2023-05-07,USD,469298.0
595639643346.0,469045.31,2023-05-26,USD,469045.31
571655091082.0,-468260.0,2023-03-02,USD,468260.0
218178234093.0,468260.0,2023-03-02,USD,468260.0
851252382024.0,467957.67,2023-04-26,USD,467957.67
452623549359.0,467667.71,2023-04-08,USD,467667.71
476866873940.0,-467667.71,2023-04-08,USD,467667.71
938911346478.0,467639.63,2023-03-31,USD,467639.63
772007560573.0,-467360.0,2023-03-31,USD,467360.0
79213901275.0,466697.76,2023-05-19,USD,466697.76
692168382013.0,465545.97,2023-05-12,USD,465545.97
371355142897.0,465500.0,2023-03-08,USD,465500.0
318802622977.0,-465500.0,2023-03-08,USD,465500.0
652885844650.0,-464849.38,2023-03-17,USD,464849.38
650677557008.0,464849.38,2023-03-17,USD,464849.38
2965569929.0,464714.65,2023-05-11,USD,464714.65
798236724285.0,-464714.65,2023-05-11,USD,464714.65
40380116097.0,-464714.65,2023-05-11,USD,464714.65
954638206027.0,464714.65,2023-05-11,USD,464714.65
341971749343.0,-464626.21,2023-04-01,USD,464626.21
353640836418.0,-464626.21,2023-04-01,USD,464626.21
834131898113.0,464626.21,2023-04-01,USD,464626.21
327910720722.0,464626.21,2023-04-01,USD,464626.21
75528022526.0,464600.0,2023-05-07,USD,464600.0
881832376180.0,-464528.09,2023-05-19,USD,464528.09
874805572388.0,464528.09,2023-05-25,USD,464528.09
959088891713.0,464528.09,2023-05-19,USD,464528.09
190499059354.0,-464528.09,2023-05-25,USD,464528.09
453895012578.0,-464155.28,2023-03-31,USD,464155.28
187256581118.0,-461740.52,2023-04-13,USD,461740.52
640868094691.0,461740.52,2023-04-19,USD,461740.52
399881030179.0,461550.35,2023-03-16,USD,461550.35
353123600359.0,-461550.35,2023-03-16,USD,461550.35
905708778622.0,-461459.3,2023-04-20,USD,461459.3
15748709435.0,461459.3,2023-04-19,USD,461459.3
724471724832.0,-460705.06,2023-03-15,USD,460705.06
440099913712.0,-458140.0,2023-03-23,USD,458140.0
822059117252.0,458140.0,2023-03-23,USD,458140.0
447110027177.0,458140.0,2023-03-19,USD,458140.0
482255556981.0,-457541.57,2023-02-22,USD,457541.57
437788286768.0,457541.57,2023-02-22,USD,457541.57
642029091789.0,-457541.24,2023-03-08,USD,457541.24
623499202285.0,-457313.22,2023-05-26,USD,457313.22
861064715977.0,457313.22,2023-05-26,USD,457313.22
466857665173.0,457092.09,2023-04-19,USD,457092.09
133233259131.0,-457092.09,2023-04-19,USD,457092.09
853616653957.0,457000.0,2023-05-27,USD,457000.0
699581496432.0,-457000.0,2023-03-08,USD,457000.0
112201104082.0,457000.0,2022-12-31,USD,457000.0
558257549455.0,-457000.0,2022-12-31,USD,457000.0
409608946995.0,457000.0,2023-03-08,USD,457000.0
377075347173.0,456556.33,2023-04-26,USD,456556.33
642178397682.0,456556.33,2023-04-28,USD,456556.33
324602675445.0,-456556.33,2023-04-26,USD,456556.33
463800349363.0,455848.13,2023-05-27,USD,455848.13
879871312523.0,455768.36,2023-05-04,USD,455768.36
65461567836.0,-455605.06,2023-04-27,USD,455605.06
162259520399.0,-455240.0,2023-03-05,USD,455240.0
740369999615.0,-451994.99,2023-03-05,USD,451994.99
35400313527.0,451942.52,2023-05-05,USD,451942.52
295426193144.0,451916.41,2023-03-23,USD,451916.41
234429658443.0,-451916.41,2023-03-23,USD,451916.41
326606912060.0,451916.41,2023-04-08,USD,451916.41
479643077848.0,-451911.64,2023-05-03,USD,451911.64
864278727082.0,451911.64,2023-04-26,USD,451911.64
549365432875.0,451911.64,2023-05-03,USD,451911.64
69464705565.0,-451911.64,2023-04-26,USD,451911.64
744860649239.0,451911.64,2023-05-04,USD,451911.64
168189926851.0,450147.96,2023-05-24,USD,450147.96
426086419742.0,-450147.96,2023-05-24,USD,450147.96
524320584976.0,450066.0,2023-05-25,USD,450066.0
241203776636.0,449533.7,2023-03-25,USD,449533.7
28550470091.0,449442.7,2023-05-07,USD,449442.7
20546593685.0,449259.59,2023-05-31,USD,449259.59
417626018078.0,-449185.18,2023-04-07,USD,449185.18
49143639969.0,448670.59,2023-04-19,USD,448670.59
491866323979.0,-448670.59,2023-04-19,USD,448670.59
357206584078.0,448636.7,2023-03-08,USD,448636.7
855796568700.0,-448270.0,2023-05-20,USD,448270.0
204443015543.0,-448198.8,2023-03-22,USD,448198.8
442751200184.0,-447522.4,2023-03-31,USD,447522.4
98616473043.0,-446226.5,2023-03-08,USD,446226.5
592892013908.0,446226.5,2023-03-08,USD,446226.5
92230775955.0,-443100.38,2023-04-20,USD,443100.38
928162890903.0,443090.5,2023-02-03,USD,443090.5
910830252270.0,-443090.5,2023-02-03,USD,443090.5
449353757973.0,-443048.78,2023-03-25,USD,443048.78
643142508705.0,443048.78,2023-03-25,USD,443048.78
71357371608.0,442844.39,2023-04-20,USD,442844.39
198536563949.0,-442844.39,2023-04-13,USD,442844.39
2128309587.0,-440100.0,2023-03-29,USD,440100.0
537975322344.0,440000.0,2023-04-05,USD,440000.0
482878611726.0,-440000.0,2023-04-05,USD,440000.0
658419547916.0,-438381.0,2023-03-16,USD,438381.0
623042401080.0,438381.0,2023-03-16,USD,438381.0
10185190231.0,438002.14,2023-04-07,USD,438002.14
505133182856.0,-437499.26,2023-03-12,USD,437499.26
831328208573.0,437499.26,2023-03-12,USD,437499.26
728695305254.0,436785.08,2023-05-17,USD,436785.08
531161281565.0,-436759.28,2023-04-30,USD,436759.28
797529712920.0,436751.88,2023-04-09,USD,436751.88
153921750834.0,436750.3,2023-05-25,USD,436750.3
613476393888.0,-436748.84,2023-04-30,USD,436748.84
457955395836.0,436717.06,2023-04-30,USD,436717.06
836616578510.0,434653.67,2023-03-08,USD,434653.67
424209786370.0,-434653.67,2023-03-08,USD,434653.67
563287618377.0,-431965.24,2023-03-16,USD,431965.24
319456280242.0,429872.4,2023-04-19,USD,429872.4
894455834131.0,-429872.4,2023-04-19,USD,429872.4
2528145751.0,429297.0,2023-05-05,USD,429297.0
43880719046.0,-429297.0,2023-05-05,USD,429297.0
741792654739.0,-429294.25,2023-05-04,USD,429294.25
920132922188.0,429294.25,2023-05-04,USD,429294.25
395437845089.0,429226.95,2023-05-07,USD,429226.95
782022789296.0,-429226.95,2023-05-07,USD,429226.95
844291079636.0,-428927.66,2023-05-25,USD,428927.66
903555140346.0,428927.66,2023-05-25,USD,428927.66
144474840961.0,-428293.5,2023-03-17,USD,428293.5
821837665581.0,428293.5,2023-03-17,USD,428293.5
376138880574.0,428182.0,2023-04-02,USD,428182.0
617154636558.0,422627.0,2023-05-25,USD,422627.0
902730676483.0,-419712.63,2023-05-20,USD,419712.63
80266163182.0,418511.44,2023-04-19,USD,418511.44
849426454096.0,-418511.44,2023-04-19,USD,418511.44
798992312267.0,-418427.47,2023-04-13,USD,418427.47
273774721708.0,418427.47,2023-04-19,USD,418427.47
159479632365.0,418329.7,2023-04-21,USD,418329.7
452694160801.0,-418329.7,2023-04-19,USD,418329.7
827489257374.0,410369.12,2023-04-08,USD,410369.12
874246470796.0,410141.03,2023-03-04,USD,410141.03
567485577081.0,-410141.03,2023-03-09,USD,410141.03
493148642479.0,-410113.02,2023-04-08,USD,410113.02
816534632044.0,-410102.76,2023-04-30,USD,410102.76
268150833268.0,-409448.3,2023-05-26,USD,409448.3
626814194211.0,409448.3,2023-05-26,USD,409448.3
276884213350.0,-409448.3,2023-05-25,USD,409448.3
726281833390.0,409448.3,2023-05-25,USD,409448.3
423681394618.0,409445.34,2023-05-14,USD,409445.34
319440176990.0,409095.1,2023-04-06,USD,409095.1
220614120580.0,-409095.1,2023-04-06,USD,409095.1
729907164618.0,407009.13,2023-05-18,USD,407009.13
960698282403.0,-406930.05,2023-05-03,USD,406930.05
270071102266.0,406930.05,2023-05-03,USD,406930.05
909730903871.0,406234.59,2023-04-22,USD,406234.59
924376902768.0,-400000.0,2023-03-10,USD,400000.0
590645015681.0,400000.0,2022-10-22,USD,400000.0
940479581286.0,-400000.0,2023-05-03,USD,400000.0
406648020311.0,-400000.0,2023-05-20,USD,400000.0
292793113706.0,-400000.0,2022-10-22,USD,400000.0
466620828695.0,-399430.89,2023-05-19,USD,399430.89
387996579963.0,399430.89,2023-05-19,USD,399430.89
409197188036.0,-399319.79,2023-03-05,USD,399319.79
75763702714.0,399200.0,2023-05-20,USD,399200.0
624740918711.0,398930.0,2023-04-09,USD,398930.0
217973094502.0,398841.21,2023-04-08,USD,398841.21
552027011203.0,398263.1,2023-04-30,USD,398263.1
242610582488.0,396658.6,2023-05-17,USD,396658.6
847267402588.0,-396658.6,2023-05-17,USD,396658.6
311612673790.0,395846.21,2023-04-29,USD,395846.21
205447984608.0,-394370.24,2023-03-25,USD,394370.24
991478418462.0,-394137.28,2023-05-25,USD,394137.28
487710936750.0,-393605.1,2023-04-07,USD,393605.1
811639346086.0,393605.1,2023-04-07,USD,393605.1
782662502925.0,393411.13,2023-04-30,USD,393411.13
920233193981.0,-393383.05,2023-04-08,USD,393383.05
718962419528.0,392755.75,2023-04-19,USD,392755.75
834016575288.0,-392755.75,2023-04-19,USD,392755.75
285011785629.0,392699.56,2023-04-06,USD,392699.56
926755562110.0,-392699.56,2023-04-06,USD,392699.56
734580566296.0,392626.92,2023-03-08,USD,392626.92
430995903718.0,-391586.73,2023-05-17,USD,391586.73
384397019430.0,-390000.0,2023-03-09,USD,390000.0
541868308921.0,386037.82,2023-05-19,USD,386037.82
804111395643.0,-385723.67,2023-04-29,USD,385723.67
118597807037.0,-385723.67,2023-04-28,USD,385723.67
791843530330.0,-385723.67,2023-04-28,USD,385723.67
505635474498.0,385723.67,2023-04-28,USD,385723.67
137640240788.0,385723.67,2023-04-28,USD,385723.67
690954147384.0,-385459.26,2023-04-12,USD,385459.26
163490450990.0,-385448.9,2023-04-28,USD,385448.9
964935557566.0,385448.9,2023-04-28,USD,385448.9
580706908437.0,-384854.99,2023-05-24,USD,384854.99
572377822888.0,-383100.0,2023-03-16,USD,383100.0
892025412091.0,-382840.25,2023-04-06,USD,382840.25
446713082573.0,379372.29,2023-04-13,USD,379372.29
550644679983.0,375299.14,2023-04-29,USD,375299.14
602325293420.0,-375299.14,2023-04-29,USD,375299.14
442775450745.0,-375052.0,2023-05-17,USD,375052.0
668323688237.0,375052.0,2023-05-17,USD,375052.0
353052664229.0,375052.0,2023-05-17,USD,375052.0
639681867837.0,-375052.0,2023-05-17,USD,375052.0
923258087683.0,-374355.98,2023-03-25,USD,374355.98
172835371420.0,368340.49,2023-03-17,USD,368340.49
303354243270.0,368030.62,2023-04-28,USD,368030.62
774654809713.0,368030.62,2023-04-26,USD,368030.62
58711782319.0,-368030.62,2023-04-26,USD,368030.62
491636548365.0,-362669.05,2023-05-17,USD,362669.05
213009767829.0,362669.05,2023-05-17,USD,362669.05
782724583934.0,-362638.0,2023-04-29,USD,362638.0
421333708071.0,362638.0,2023-04-28,USD,362638.0
825846634291.0,-362638.0,2023-04-28,USD,362638.0
739031125024.0,-362435.72,2023-04-08,USD,362435.72
264913958985.0,-362301.41,2023-04-28,USD,362301.41
557481329578.0,362301.41,2023-04-28,USD,362301.41
405936239503.0,361705.88,2023-05-18,USD,361705.88
310212747403.0,360936.46,2023-05-20,USD,360936.46
799778140021.0,-360936.45,2023-05-20,USD,360936.45
713352697481.0,-360667.47,2023-03-17,USD,360667.47
706326475801.0,360667.47,2023-03-17,USD,360667.47
666833997381.0,360426.72,2023-04-22,USD,360426.72
602874581205.0,360228.76,2023-03-17,USD,360228.76
55764261344.0,-360228.76,2023-03-17,USD,360228.76
370442973378.0,360228.75,2023-03-17,USD,360228.75
553663861585.0,-360228.75,2023-03-17,USD,360228.75
417028005750.0,-360000.0,2023-03-10,USD,360000.0
708237892208.0,-358411.92,2023-03-15,USD,358411.92
81150601021.0,-358411.92,2023-03-15,USD,358411.92
18977616945.0,358411.92,2023-03-15,USD,358411.92
463854158868.0,-356590.18,2023-04-30,USD,356590.18
396948156553.0,-351411.68,2023-04-26,USD,351411.68
497084422940.0,351411.68,2023-04-26,USD,351411.68
479277742769.0,351411.68,2023-04-28,USD,351411.68
428422385968.0,-351282.65,2023-03-05,USD,351282.65
150447509147.0,351161.52,2023-05-11,USD,351161.52
852346133588.0,-351138.0,2023-04-30,USD,351138.0
337407822192.0,-351122.4,2023-04-30,USD,351122.4
67415820020.0,351120.36,2023-04-09,USD,351120.36
558730928112.0,-351110.6,2023-04-08,USD,351110.6
773850010985.0,348936.59,2023-05-18,USD,348936.59
68066749165.0,348136.91,2022-11-04,USD,348136.91
143976697872.0,-348136.91,2022-11-04,USD,348136.91
309838874059.0,-347924.5,2023-05-04,USD,347924.5
197705002031.0,347924.5,2023-05-03,USD,347924.5
857606157603.0,-347924.5,2023-05-03,USD,347924.5
940998109156.0,-347268.5,2023-05-26,USD,347268.5
115383555988.0,347064.14,2023-05-06,USD,347064.14
285317008626.0,-347064.14,2023-05-06,USD,347064.14
194688610328.0,344793.64,2023-03-11,USD,344793.64
44585906229.0,344486.59,2023-05-03,USD,344486.59
845622246741.0,344486.59,2023-05-04,USD,344486.59
70908529294.0,-344486.59,2023-05-03,USD,344486.59
558565889945.0,-344224.56,2023-04-01,USD,344224.56
228792783698.0,-344224.56,2023-04-05,USD,344224.56
764910302607.0,-344224.56,2023-04-02,USD,344224.56
830846363079.0,344224.56,2023-04-05,USD,344224.56
587685387731.0,344224.56,2023-04-02,USD,344224.56
37938967774.0,344224.56,2023-04-01,USD,344224.56
827287095392.0,-344000.0,2023-05-06,USD,344000.0
706021130365.0,344000.0,2023-05-06,USD,344000.0
303255033537.0,343545.89,2023-04-08,USD,343545.89
870066263685.0,-343545.89,2023-04-08,USD,343545.89
124021563275.0,-343486.0,2023-04-12,USD,343486.0
255615474897.0,343486.0,2023-04-12,USD,343486.0
879061165799.0,-341004.75,2023-04-26,USD,341004.75
764932738092.0,341004.75,2023-04-28,USD,341004.75
212521963355.0,341004.75,2023-04-26,USD,341004.75
530363554642.0,338700.0,2023-04-30,USD,338700.0
83185834476.0,338361.11,2023-04-07,USD,338361.11
275464255773.0,-338361.11,2023-04-07,USD,338361.11
144736230025.0,-338090.0,2023-04-30,USD,338090.0
162716432100.0,-338000.0,2023-03-09,USD,338000.0
910668496447.0,338000.0,2023-03-11,USD,338000.0
635899522812.0,-337146.26,2023-04-05,USD,337146.26
561337871416.0,336825.33,2023-02-22,USD,336825.33
414607095146.0,336825.33,2023-03-08,USD,336825.33
30778539826.0,-336825.33,2023-02-22,USD,336825.33
597638675572.0,-336739.0,2023-05-25,USD,336739.0
249414785105.0,336126.28,2023-04-26,USD,336126.28
79103019651.0,334683.41,2023-04-05,USD,334683.41
858009379523.0,-334683.41,2023-04-05,USD,334683.41
592258766174.0,-334002.89,2023-03-17,USD,334002.89
110090858665.0,334002.89,2023-03-17,USD,334002.89
637512547804.0,333985.61,2023-04-30,USD,333985.61
698559453775.0,333984.21,2023-04-08,USD,333984.21
256705838799.0,-333256.06,2023-03-29,USD,333256.06
202231632132.0,333256.06,2023-03-29,USD,333256.06
346805787674.0,-332793.53,2023-04-12,USD,332793.53
76186645571.0,330982.33,2023-03-17,USD,330982.33
139230848495.0,-329000.0,2023-04-07,USD,329000.0
946232124432.0,327983.03,2023-04-29,USD,327983.03
210185576630.0,327905.27,2023-05-17,USD,327905.27
531336134361.0,-327905.27,2023-05-17,USD,327905.27
626784091640.0,-327629.11,2023-04-09,USD,327629.11
333868653821.0,327463.8,2023-05-07,USD,327463.8
818529341198.0,327215.08,2023-03-19,USD,327215.08
772084932303.0,-327053.23,2023-04-05,USD,327053.23
880601371047.0,-327052.94,2023-03-26,USD,327052.94
992534386136.0,-326970.42,2023-05-26,USD,326970.42
614482946166.0,-326910.73,2023-04-26,USD,326910.73
436500232123.0,326910.73,2023-04-26,USD,326910.73
397185489917.0,-325200.0,2023-04-06,USD,325200.0
77892129857.0,324863.42,2023-05-11,USD,324863.42
956721980011.0,-324863.42,2023-05-11,USD,324863.42
774379060683.0,-323603.11,2023-04-20,USD,323603.11
360105407900.0,-323393.08,2023-04-06,USD,323393.08
77817896894.0,-323343.94,2023-04-13,USD,323343.94
277077574981.0,323343.94,2023-04-20,USD,323343.94
890874049695.0,323029.61,2023-05-19,USD,323029.61
915864081594.0,-323029.61,2023-05-19,USD,323029.61
2460978383.0,-322986.34,2023-04-12,USD,322986.34
735592034320.0,321871.8,2023-04-19,USD,321871.8
871707898939.0,321826.64,2023-03-17,USD,321826.64
355132680611.0,321728.32,2023-03-05,USD,321728.32
837563473456.0,321570.09,2022-09-25,USD,321570.09
734887126184.0,-321477.75,2023-05-25,USD,321477.75
974967148623.0,321477.75,2023-05-25,USD,321477.75
909878968093.0,-321356.76,2023-04-07,USD,321356.76
95939477448.0,-321331.28,2023-04-07,USD,321331.28
176590507034.0,-321248.62,2023-05-20,USD,321248.62
215775773918.0,320695.18,2023-05-18,USD,320695.18
920597895379.0,-320695.18,2023-05-18,USD,320695.18
494077321618.0,319861.69,2023-05-06,USD,319861.69
580432064663.0,-319861.69,2023-05-06,USD,319861.69
849149054918.0,-319621.91,2023-03-12,USD,319621.91
970024218060.0,319621.91,2023-03-12,USD,319621.91
339756791611.0,-319000.0,2023-05-07,USD,319000.0
478633325381.0,-318270.0,2023-05-11,USD,318270.0
235462517603.0,318229.64,2023-05-21,USD,318229.64
788563050235.0,318161.0,2023-05-04,USD,318161.0
869247105833.0,318161.0,2023-05-04,USD,318161.0
508218950278.0,318161.0,2023-05-04,USD,318161.0
971389420414.0,-317433.8,2023-04-29,USD,317433.8
185015728556.0,317433.8,2023-04-29,USD,317433.8
353465487982.0,-315679.2,2023-04-22,USD,315679.2
111466556830.0,315390.0,2023-05-07,USD,315390.0
847162523459.0,-315390.0,2023-05-07,USD,315390.0
992184420804.0,-315170.87,2023-03-30,USD,315170.87
745114609136.0,314621.38,2023-03-19,USD,314621.38
374574618774.0,314440.68,2023-03-31,USD,314440.68
606347648217.0,313867.08,2023-03-11,USD,313867.08
653574598092.0,-313867.08,2023-03-11,USD,313867.08
672921069435.0,-313867.08,2023-03-11,USD,313867.08
98074613207.0,313867.08,2023-03-11,USD,313867.08
350146606077.0,-313344.0,2023-05-07,USD,313344.0
607410112886.0,-313087.5,2023-05-17,USD,313087.5
916584780346.0,313080.6,2023-05-25,USD,313080.6
283727202470.0,312679.1,2023-03-19,USD,312679.1
113095782564.0,-310947.44,2023-05-17,USD,310947.44
20469912372.0,310947.44,2023-05-17,USD,310947.44
553714322995.0,-310918.2,2023-05-11,USD,310918.2
68456133611.0,310064.36,2023-03-17,USD,310064.36
573996750644.0,308457.27,2023-04-27,USD,308457.27
158268863591.0,-307285.2,2023-05-11,USD,307285.2
229279090531.0,307285.2,2023-05-11,USD,307285.2
462789143218.0,-303603.91,2023-03-09,USD,303603.91
606232077696.0,303603.91,2023-03-09,USD,303603.91
296742023973.0,-303400.0,2023-04-06,USD,303400.0
143189770831.0,-301030.0,2023-04-06,USD,301030.0
941994017468.0,301030.0,2023-04-06,USD,301030.0
725958917517.0,-300916.89,2023-03-08,USD,300916.89
585857303232.0,300916.89,2023-03-08,USD,300916.89
536795998103.0,-300760.2,2023-05-13,USD,300760.2
868152200945.0,298977.03,2023-04-02,USD,298977.03
857599353363.0,-298977.02,2023-04-02,USD,298977.02
857123265087.0,298883.08,2023-04-12,USD,298883.08
860321993147.0,-298703.68,2023-03-08,USD,298703.68
984943250923.0,298703.68,2023-03-08,USD,298703.68
63387553235.0,298309.66,2023-05-17,USD,298309.66
635227190548.0,-298309.66,2023-05-17,USD,298309.66
40376854998.0,-296957.14,2023-03-17,USD,296957.14
138923242437.0,296957.14,2023-03-17,USD,296957.14
458911774997.0,296938.85,2023-03-30,USD,296938.85
916617586090.0,296671.2,2023-03-11,USD,296671.2
75250258698.0,296528.8,2023-05-24,USD,296528.8
9702668257.0,-296528.8,2023-05-24,USD,296528.8
833125220709.0,-296390.0,2023-05-19,USD,296390.0
540688252991.0,-295857.38,2023-03-22,USD,295857.38
880585912202.0,-295468.23,2023-03-09,USD,295468.23
19060258248.0,295468.23,2023-03-09,USD,295468.23
784901554538.0,-294476.0,2023-05-20,USD,294476.0
633541004414.0,294476.0,2023-05-20,USD,294476.0
854319789036.0,294129.35,2023-05-07,USD,294129.35
770206176445.0,-287000.0,2023-05-25,USD,287000.0
164442422038.0,286851.32,2023-05-24,USD,286851.32
295242029986.0,-286851.32,2023-05-24,USD,286851.32
386280806511.0,286772.0,2023-04-12,USD,286772.0
706983511607.0,-286772.0,2023-04-12,USD,286772.0
533424495344.0,286663.13,2023-05-03,USD,286663.13
472935471584.0,286663.13,2023-04-26,USD,286663.13
352599425255.0,-286663.13,2023-04-26,USD,286663.13
511711916025.0,-286663.13,2023-05-03,USD,286663.13
149455078331.0,286663.13,2023-05-04,USD,286663.13
442370257766.0,286043.89,2023-03-05,USD,286043.89
732501893150.0,-286043.89,2023-03-05,USD,286043.89
611042924623.0,285969.02,2023-05-07,USD,285969.02
486731419005.0,-285969.02,2023-04-26,USD,285969.02
803224362988.0,285969.02,2023-04-26,USD,285969.02
192725400011.0,285856.92,2023-04-09,USD,285856.92
146629801406.0,285833.35,2023-05-27,USD,285833.35
790794891264.0,285833.35,2023-05-27,USD,285833.35
241495216426.0,-285545.12,2023-05-06,USD,285545.12
246973745054.0,285359.0,2023-04-30,USD,285359.0
41476122582.0,-285359.0,2023-04-12,USD,285359.0
703478506048.0,-285340.85,2023-03-09,USD,285340.85
129509318606.0,285340.85,2023-03-04,USD,285340.85
14363285799.0,285280.0,2023-03-11,USD,285280.0
495545298944.0,-285280.0,2023-03-09,USD,285280.0
671445783270.0,-285275.64,2023-04-26,USD,285275.64
965761698511.0,285275.64,2023-04-26,USD,285275.64
342757775557.0,285275.64,2023-04-28,USD,285275.64
961192160701.0,-285000.0,2023-04-01,USD,285000.0
940184888034.0,285000.0,2023-04-01,USD,285000.0
586140510712.0,-281848.33,2023-03-31,USD,281848.33
481165220519.0,-280000.0,2023-03-10,USD,280000.0
975116064193.0,-280000.0,2023-03-09,USD,280000.0
684961748902.0,280000.0,2023-03-09,USD,280000.0
541369733567.0,-279203.06,2023-04-06,USD,279203.06
109227800627.0,279203.06,2023-04-06,USD,279203.06
779989944812.0,-275624.78,2023-04-27,USD,275624.78
173058557259.0,-273200.0,2023-03-12,USD,273200.0
454025115878.0,273053.21,2023-05-26,USD,273053.21
39052425403.0,-273053.21,2023-05-26,USD,273053.21
951246356944.0,-273043.22,2023-04-02,USD,273043.22
378398939984.0,-272939.78,2023-05-20,USD,272939.78
296541978288.0,272939.78,2023-05-20,USD,272939.78
846985140007.0,-272788.78,2023-03-15,USD,272788.78
3003855824.0,272788.78,2023-03-15,USD,272788.78
682981229196.0,-272778.69,2023-04-08,USD,272778.69
364361763295.0,272778.69,2023-04-08,USD,272778.69
637167000142.0,-272209.99,2023-05-17,USD,272209.99
694878376898.0,272209.99,2023-05-17,USD,272209.99
988740420569.0,-272084.07,2023-03-08,USD,272084.07
799395070704.0,-271646.37,2023-05-21,USD,271646.37
272826176556.0,-271573.04,2023-04-30,USD,271573.04
104628396106.0,271000.0,2023-03-22,USD,271000.0
46475611612.0,-270000.0,2023-04-12,USD,270000.0
74911571133.0,270000.0,2023-04-13,USD,270000.0
297168110159.0,-270000.0,2023-04-08,USD,270000.0
350368448387.0,270000.0,2023-04-12,USD,270000.0
629005802133.0,-270000.0,2023-04-13,USD,270000.0
787396143445.0,-268596.15,2023-04-09,USD,268596.15
139752898434.0,-268575.31,2023-04-06,USD,268575.31
908530890147.0,268375.06,2023-04-02,USD,268375.06
150843909888.0,268310.38,2023-04-09,USD,268310.38
126351484249.0,-268005.26,2023-04-09,USD,268005.26
63772462875.0,-268000.0,2023-03-09,USD,268000.0
459496293481.0,-268000.0,2023-04-02,USD,268000.0
844974521748.0,267933.2,2023-03-30,USD,267933.2
301765155683.0,-267872.27,2023-04-27,USD,267872.27
811315999284.0,267791.1,2023-03-31,USD,267791.1
575614849189.0,-267791.1,2023-03-31,USD,267791.1
744096450813.0,267562.73,2023-03-31,USD,267562.73
128811131320.0,267540.44,2023-03-31,USD,267540.44
779932975147.0,267529.07,2023-04-26,USD,267529.07
334740326713.0,267529.07,2023-05-07,USD,267529.07
698348312.0,-267529.07,2023-04-26,USD,267529.07
619920768410.0,266818.1,2023-05-13,USD,266818.1
854556109600.0,-266818.1,2023-05-13,USD,266818.1
338782510790.0,266354.3,2023-04-30,USD,266354.3
93820762301.0,-262613.67,2023-04-02,USD,262613.67
267782815497.0,261936.84,2023-04-02,USD,261936.84
404260672956.0,260306.68,2023-04-14,USD,260306.68
311248165590.0,260036.2,2023-03-05,USD,260036.2
691053277397.0,-260036.2,2023-03-05,USD,260036.2
887603618580.0,259720.0,2023-05-25,USD,259720.0
642042198416.0,-256837.88,2023-05-13,USD,256837.88
123222593337.0,256837.88,2023-05-13,USD,256837.88
632668707117.0,-256230.34,2023-04-29,USD,256230.34
551659695375.0,255328.0,2023-04-26,USD,255328.0
790412295317.0,254929.1,2023-03-17,USD,254929.1
444581377668.0,-254929.1,2023-03-17,USD,254929.1
502971340510.0,-254493.0,2023-04-20,USD,254493.0
32238532946.0,251808.57,2023-04-01,USD,251808.57
776210383139.0,-251808.57,2023-04-01,USD,251808.57
906891105545.0,-251527.14,2023-04-13,USD,251527.14
380663677559.0,250900.98,2023-04-02,USD,250900.98
112437301874.0,-248578.0,2023-03-29,USD,248578.0
632902376937.0,248452.38,2023-04-19,USD,248452.38
299535205393.0,-248452.38,2023-04-19,USD,248452.38
513410429899.0,248351.64,2023-03-23,USD,248351.64
386968040120.0,-248351.64,2023-03-23,USD,248351.64
217176647655.0,246161.57,2023-05-17,USD,246161.57
541684082021.0,245040.0,2023-05-19,USD,245040.0
402493943883.0,-245040.0,2023-05-19,USD,245040.0
573458066759.0,245020.12,2023-03-05,USD,245020.12
387233752687.0,-245020.12,2023-03-05,USD,245020.12
113407557137.0,244837.7,2023-05-03,USD,244837.7
758098788958.0,-244837.7,2023-05-03,USD,244837.7
86471737924.0,244837.7,2023-05-04,USD,244837.7
714941153113.0,-244600.0,2023-05-07,USD,244600.0
843389157570.0,243622.31,2023-04-26,USD,243622.31
815086572835.0,-243622.31,2023-04-26,USD,243622.31
806585322958.0,243622.31,2023-05-07,USD,243622.31
414667408860.0,-242268.31,2023-05-03,USD,242268.31
48928226882.0,242268.31,2023-05-03,USD,242268.31
675473266402.0,241430.7,2023-03-17,USD,241430.7
206637412343.0,-241430.7,2023-03-17,USD,241430.7
216061985435.0,-241430.7,2023-03-17,USD,241430.7
28048758880.0,241430.7,2023-03-17,USD,241430.7
751720572715.0,-241430.67,2023-03-17,USD,241430.67
282046573808.0,241430.67,2023-03-17,USD,241430.67
150651198664.0,-241312.69,2023-04-22,USD,241312.69
615156444354.0,241312.69,2023-04-22,USD,241312.69
437668260275.0,-240000.0,2023-04-28,USD,240000.0
542996963274.0,239585.04,2023-05-27,USD,239585.04
936341809511.0,-239453.05,2023-03-29,USD,239453.05
424772589707.0,239453.05,2023-03-29,USD,239453.05
265535631003.0,-236621.77,2023-03-10,USD,236621.77
713462758332.0,-236485.64,2023-04-05,USD,236485.64
527138966536.0,236411.0,2023-03-09,USD,236411.0
10493902270.0,-236411.0,2023-03-09,USD,236411.0
75468521870.0,-236411.0,2023-03-05,USD,236411.0
630001108549.0,-236200.0,2023-05-11,USD,236200.0
568037551842.0,-236089.15,2023-05-17,USD,236089.15
189547638027.0,236051.82,2023-05-17,USD,236051.82
340539738477.0,-236022.31,2023-05-17,USD,236022.31
26883454886.0,236022.31,2023-05-17,USD,236022.31
415436544793.0,236022.31,2023-05-14,USD,236022.31
185779155267.0,236022.31,2023-05-14,USD,236022.31
954079486589.0,236022.31,2023-05-14,USD,236022.31
133335038383.0,232262.54,2023-03-17,USD,232262.54
531909154784.0,-232145.26,2023-04-08,USD,232145.26
109570891381.0,-232011.46,2023-03-17,USD,232011.46
822630184847.0,-231879.47,2023-05-11,USD,231879.47
558421992545.0,231623.66,2023-03-29,USD,231623.66
376643158488.0,231529.07,2023-05-07,USD,231529.07
585688616665.0,231021.3,2023-05-03,USD,231021.3
922174868681.0,231016.56,2023-03-16,USD,231016.56
388132911751.0,-230449.61,2023-05-21,USD,230449.61
670902309155.0,230406.06,2022-09-15,USD,230406.06
244845965120.0,-230405.25,2022-09-15,USD,230405.25
989026780563.0,230395.89,2023-03-17,USD,230395.89
503745126900.0,-230395.89,2023-03-17,USD,230395.89
627038614754.0,230290.52,2023-05-17,USD,230290.52
13810547137.0,-230290.52,2023-05-17,USD,230290.52
786064259841.0,-230000.0,2023-02-26,USD,230000.0
72253093393.0,230000.0,2023-02-26,USD,230000.0
132576728285.0,229503.98,2023-05-21,USD,229503.98
469434261511.0,-229500.0,2023-05-21,USD,229500.0
931657902221.0,228161.67,2023-03-10,USD,228161.67
814306271643.0,-228161.67,2023-03-10,USD,228161.67
638093990186.0,-225261.69,2023-03-17,USD,225261.69
893268212144.0,225261.69,2023-03-17,USD,225261.69
967947590124.0,-225146.76,2023-04-28,USD,225146.76
197224587008.0,-225146.76,2023-04-28,USD,225146.76
315389841149.0,-225146.76,2023-04-29,USD,225146.76
551650684219.0,225146.76,2023-04-28,USD,225146.76
602929399232.0,225146.76,2023-04-28,USD,225146.76
522547986228.0,-225146.76,2023-04-28,USD,225146.76
18394039676.0,225146.76,2023-04-28,USD,225146.76
24851012156.0,223300.0,2023-05-20,USD,223300.0
252873597341.0,223300.0,2023-05-20,USD,223300.0
647039337566.0,223300.0,2023-05-20,USD,223300.0
387966946271.0,223203.0,2023-03-09,USD,223203.0
431419250034.0,-222980.0,2023-05-20,USD,222980.0
734135436215.0,222980.0,2023-05-20,USD,222980.0
723444786254.0,222935.0,2023-05-25,USD,222935.0
717968324975.0,222935.0,2023-05-25,USD,222935.0
2184422565.0,-222000.0,2023-03-08,USD,222000.0
794031089937.0,222000.0,2023-03-08,USD,222000.0
445877916188.0,221656.22,2023-03-31,USD,221656.22
74533228228.0,-221656.22,2023-03-31,USD,221656.22
276038904359.0,221225.8,2023-05-03,USD,221225.8
756121105785.0,-221225.8,2023-05-03,USD,221225.8
494507049322.0,-221206.4,2023-04-30,USD,221206.4
868531232359.0,-221000.0,2023-03-10,USD,221000.0
237749822571.0,220734.54,2023-05-04,USD,220734.54
630612100394.0,220373.2,2023-05-21,USD,220373.2
697099052275.0,-220000.0,2023-05-07,USD,220000.0
127785561222.0,219318.9,2023-05-07,USD,219318.9
165008370947.0,-219318.9,2023-05-07,USD,219318.9
211266569326.0,218961.57,2023-05-25,USD,218961.57
162903386926.0,-218961.57,2023-05-25,USD,218961.57
703265766017.0,218746.68,2023-04-26,USD,218746.68
216859312661.0,-218617.24,2023-05-13,USD,218617.24
874918466538.0,-218587.3,2023-05-07,USD,218587.3
184814562834.0,218587.3,2023-05-07,USD,218587.3
960362883649.0,-218506.4,2023-05-17,USD,218506.4
129481231657.0,218506.4,2023-05-17,USD,218506.4
8495823741.0,218256.91,2023-03-05,USD,218256.91
61884030738.0,-218256.91,2023-03-05,USD,218256.91
531551997072.0,218000.0,2023-03-15,USD,218000.0
697865185143.0,-217975.8,2023-03-11,USD,217975.8
742916404810.0,217975.8,2023-03-11,USD,217975.8
722785401417.0,-217911.67,2023-04-27,USD,217911.67
393171930159.0,-217750.0,2023-04-20,USD,217750.0
568631029802.0,-217740.0,2023-04-05,USD,217740.0
84127275948.0,-217717.94,2023-04-19,USD,217717.94
715036318603.0,217717.94,2023-04-19,USD,217717.94
123235638116.0,-217585.84,2023-04-15,USD,217585.84
707529143523.0,217585.84,2023-04-15,USD,217585.84
359610341818.0,217558.51,2023-03-09,USD,217558.51
308750992758.0,-217558.51,2023-03-04,USD,217558.51
334246615817.0,-217555.7,2023-05-18,USD,217555.7
36669789745.0,-216758.0,2023-05-07,USD,216758.0
82429006119.0,216518.8,2023-04-29,USD,216518.8
767088646641.0,-216518.8,2023-04-29,USD,216518.8
673369811352.0,-215755.55,2023-03-30,USD,215755.55
406354951640.0,-215755.55,2023-03-26,USD,215755.55
526261120021.0,215755.55,2023-03-30,USD,215755.55
357940699810.0,215755.55,2023-03-26,USD,215755.55
982419376208.0,-215464.37,2023-04-19,USD,215464.37
170886873709.0,-215237.78,2023-05-17,USD,215237.78
336324504148.0,215237.78,2023-05-17,USD,215237.78
741278242438.0,-215138.0,2023-04-12,USD,215138.0
540503342613.0,-211988.51,2023-04-09,USD,211988.51
319982106334.0,211932.52,2023-05-11,USD,211932.52
718854376377.0,211826.4,2023-05-11,USD,211826.4
298013974067.0,211551.02,2023-04-05,USD,211551.02
735009920342.0,-211527.9,2023-03-17,USD,211527.9
456858153827.0,-211501.97,2023-04-19,USD,211501.97
10775152473.0,211501.97,2023-04-19,USD,211501.97
77411593323.0,-211478.99,2023-04-05,USD,211478.99
335257683622.0,211463.5,2023-04-05,USD,211463.5
879849061472.0,-211448.74,2023-03-31,USD,211448.74
830175120785.0,-211436.7,2023-03-08,USD,211436.7
488841652914.0,211436.7,2023-03-08,USD,211436.7
177976136739.0,211430.77,2023-04-30,USD,211430.77
619614472275.0,-211426.25,2023-04-02,USD,211426.25
927766020433.0,-211425.84,2023-04-30,USD,211425.84
865436177089.0,211423.02,2023-04-27,USD,211423.02
265989940084.0,-211420.7,2023-04-30,USD,211420.7
619252098590.0,-211416.3,2023-03-23,USD,211416.3
664260546135.0,211416.3,2023-04-08,USD,211416.3
218775747259.0,211416.3,2023-03-23,USD,211416.3
229659845015.0,-211415.57,2023-03-23,USD,211415.57
839970790027.0,-211415.57,2023-04-08,USD,211415.57
326604404154.0,211415.57,2023-03-23,USD,211415.57
769757229361.0,-211411.87,2023-04-30,USD,211411.87
275316773244.0,-211346.6,2023-03-24,USD,211346.6
285542771616.0,210928.5,2023-03-23,USD,210928.5
250152833472.0,-210405.06,2023-05-04,USD,210405.06
85574536562.0,210200.74,2023-03-24,USD,210200.74
483131190242.0,-210200.74,2023-03-24,USD,210200.74
589683857006.0,210200.74,2023-03-24,USD,210200.74
698725379617.0,-210157.43,2023-04-21,USD,210157.43
931041277907.0,-210000.0,2023-05-24,USD,210000.0
582729144329.0,210000.0,2023-03-26,USD,210000.0
935372582900.0,-210000.0,2023-03-26,USD,210000.0
327071202343.0,-209929.34,2023-04-12,USD,209929.34
217908372299.0,209356.0,2023-04-19,USD,209356.0
958322050625.0,209231.94,2023-05-13,USD,209231.94
220443185125.0,209231.94,2023-05-13,USD,209231.94
489632345054.0,-209159.0,2023-03-15,USD,209159.0
395639031311.0,209032.41,2023-04-13,USD,209032.41
842863635018.0,-209032.41,2023-04-13,USD,209032.41
35264993686.0,-206676.24,2023-04-15,USD,206676.24
352000418910.0,-206000.0,2023-03-10,USD,206000.0
476163946969.0,-205903.04,2023-01-05,USD,205903.04
9951744146.0,205903.04,2023-01-05,USD,205903.04
817834968415.0,205861.2,2023-05-14,USD,205861.2
941345549426.0,205352.99,2023-04-21,USD,205352.99
207040684347.0,-205352.99,2023-04-14,USD,205352.99
248723548434.0,204228.08,2023-04-22,USD,204228.08
781583720537.0,-203800.0,2023-03-29,USD,203800.0
510932588691.0,-203086.02,2023-03-05,USD,203086.02
646639855298.0,202440.15,2023-03-05,USD,202440.15
490012989828.0,-202440.15,2023-03-05,USD,202440.15
187012566194.0,-197555.81,2023-04-28,USD,197555.81
577512432189.0,197555.81,2023-04-28,USD,197555.81
133668324852.0,-195500.0,2023-04-26,USD,195500.0
876928127754.0,-193760.0,2023-04-01,USD,193760.0
623096862036.0,-193300.54,2023-03-17,USD,193300.54
726952411040.0,193300.54,2023-03-23,USD,193300.54
322191461482.0,-190873.14,2023-04-21,USD,190873.14
772591461552.0,190873.14,2023-04-22,USD,190873.14
801668802580.0,-190750.7,2023-04-07,USD,190750.7
860443793622.0,-190260.38,2023-04-29,USD,190260.38
784554603756.0,190260.38,2023-04-29,USD,190260.38
793309169466.0,190260.38,2023-04-29,USD,190260.38
414912686461.0,-190260.38,2023-04-29,USD,190260.38
949980245429.0,190133.09,2023-04-19,USD,190133.09
94750006447.0,188656.97,2023-05-03,USD,188656.97
730177722182.0,187459.5,2023-05-24,USD,187459.5
952406731102.0,-187459.5,2023-05-24,USD,187459.5
56637366500.0,186913.0,2023-05-17,USD,186913.0
701882699427.0,-186913.0,2023-05-17,USD,186913.0
920484126415.0,185539.35,2023-05-03,USD,185539.35
133364624391.0,-185539.35,2023-05-03,USD,185539.35
475964392812.0,-185539.35,2023-05-04,USD,185539.35
554682162631.0,-185281.22,2023-03-17,USD,185281.22
730019583727.0,185281.22,2023-03-17,USD,185281.22
177339230965.0,183338.86,2023-05-17,USD,183338.86
485607811147.0,-183338.86,2023-05-17,USD,183338.86
890054079552.0,-182607.0,2023-04-29,USD,182607.0
570128276914.0,182607.0,2023-04-29,USD,182607.0
807059500974.0,182458.63,2023-04-09,USD,182458.63
751625159105.0,-182458.63,2023-04-09,USD,182458.63
926074369871.0,-181930.0,2023-04-15,USD,181930.0
158005580900.0,181779.73,2023-03-11,USD,181779.73
251288909661.0,-181779.73,2023-03-11,USD,181779.73
754920097183.0,181779.73,2023-03-11,USD,181779.73
213320857191.0,-181779.73,2023-03-11,USD,181779.73
364104711843.0,-181384.38,2023-05-17,USD,181384.38
161386600856.0,181384.38,2023-05-17,USD,181384.38
232368920509.0,181362.24,2023-05-03,USD,181362.24
710798728.0,-179738.0,2023-03-10,USD,179738.0
512024856963.0,-179555.77,2023-05-27,USD,179555.77
250774539890.0,179555.77,2023-05-27,USD,179555.77
52413751672.0,-179285.4,2022-10-05,USD,179285.4
349799888167.0,179285.31,2022-10-05,USD,179285.31
988481639941.0,-179257.32,2023-03-30,USD,179257.32
212550277181.0,179257.32,2023-03-30,USD,179257.32
172460973818.0,179219.54,2023-03-17,USD,179219.54
445167718723.0,-179219.54,2023-03-17,USD,179219.54
143503797034.0,179219.52,2023-03-17,USD,179219.52
612618650266.0,-179219.52,2023-03-17,USD,179219.52
552973708128.0,-179219.52,2023-03-17,USD,179219.52
153141104922.0,179219.52,2023-03-17,USD,179219.52
481307990337.0,-179219.52,2023-03-17,USD,179219.52
7490375780.0,179219.52,2023-03-17,USD,179219.52
227186412572.0,179219.52,2023-03-17,USD,179219.52
993191242997.0,-179219.52,2023-03-17,USD,179219.52
52951308892.0,179213.0,2023-03-29,USD,179213.0
61794137656.0,-179213.0,2023-03-29,USD,179213.0
459142897560.0,-179102.75,2023-04-06,USD,179102.75
160773938985.0,179102.75,2023-04-06,USD,179102.75
440348567593.0,-178916.23,2023-03-16,USD,178916.23
568316910231.0,178789.0,2023-03-17,USD,178789.0
540646305902.0,-178719.29,2023-04-12,USD,178719.29
319670560377.0,-178237.69,2023-04-27,USD,178237.69
650670529674.0,-178000.0,2023-03-10,USD,178000.0
209171954242.0,177811.77,2023-05-06,USD,177811.77
453005086526.0,-177346.04,2023-05-17,USD,177346.04
724455144450.0,-177277.52,2023-03-22,USD,177277.52
437884054714.0,177277.52,2023-03-22,USD,177277.52
52604552668.0,-177067.36,2023-05-03,USD,177067.36
354156739555.0,-177067.36,2023-05-03,USD,177067.36
498535648326.0,177067.36,2023-05-03,USD,177067.36
92132871794.0,177067.36,2023-05-03,USD,177067.36
632598438165.0,-177052.7,2023-04-28,USD,177052.7
977899263149.0,177052.7,2023-04-28,USD,177052.7
451928332847.0,-177052.7,2023-04-29,USD,177052.7
42896960554.0,-176953.89,2023-04-28,USD,176953.89
215867407377.0,176953.89,2023-04-28,USD,176953.89
429867295083.0,-176850.73,2023-03-05,USD,176850.73
58280575514.0,176850.73,2023-03-05,USD,176850.73
2100239056.0,-176834.77,2023-04-12,USD,176834.77
201427626134.0,175733.1,2023-03-17,USD,175733.1
831755241861.0,-175733.1,2023-03-17,USD,175733.1
614207598954.0,-175564.0,2023-05-07,USD,175564.0
430968704721.0,175334.3,2023-05-18,USD,175334.3
569162385359.0,-175167.09,2023-04-28,USD,175167.09
422104111960.0,175167.09,2023-04-27,USD,175167.09
238034847491.0,-175074.23,2023-05-27,USD,175074.23
720672394082.0,175074.23,2023-05-27,USD,175074.23
144953079838.0,175073.89,2023-05-26,USD,175073.89
34130818613.0,-175073.89,2023-05-26,USD,175073.89
975917029280.0,-175013.96,2023-04-09,USD,175013.96
968929845919.0,174956.1,2023-03-09,USD,174956.1
918616746989.0,-174058.57,2023-04-05,USD,174058.57
339856630802.0,174058.57,2023-04-05,USD,174058.57
614608076065.0,-174000.0,2023-04-26,USD,174000.0
581625273456.0,173783.0,2023-05-20,USD,173783.0
977430167383.0,-173783.0,2023-05-20,USD,173783.0
532573298644.0,173783.0,2023-05-21,USD,173783.0
747231695796.0,-173783.0,2023-05-20,USD,173783.0
569572793335.0,173783.0,2023-05-21,USD,173783.0
464474440900.0,173783.0,2023-05-21,USD,173783.0
603119107685.0,173783.0,2023-05-20,USD,173783.0
788861660272.0,-173723.59,2023-04-19,USD,173723.59
196840425048.0,-173714.89,2023-04-01,USD,173714.89
336070431075.0,173699.22,2023-04-19,USD,173699.22
593514127762.0,-173671.73,2023-04-06,USD,173671.73
965422904401.0,173671.73,2023-04-06,USD,173671.73
121935651311.0,-172852.95,2023-05-21,USD,172852.95
629528834851.0,-172822.0,2023-05-07,USD,172822.0
976149243735.0,-172822.0,2023-05-07,USD,172822.0
337606003946.0,172163.62,2023-05-27,USD,172163.62
114700818613.0,170282.34,2023-03-22,USD,170282.34
70816020230.0,170265.05,2023-05-03,USD,170265.05
749243950504.0,-170265.05,2023-05-03,USD,170265.05
756814649033.0,169915.15,2023-03-23,USD,169915.15
423715253970.0,-169915.15,2023-03-23,USD,169915.15
631243933752.0,-169813.52,2023-04-05,USD,169813.52
786903485473.0,-169813.52,2023-04-12,USD,169813.52
332623121711.0,169324.7,2023-03-11,USD,169324.7
604975551825.0,169324.7,2023-03-11,USD,169324.7
683052448532.0,-169000.0,2023-03-08,USD,169000.0
826736625161.0,169000.0,2023-03-31,USD,169000.0
814614912829.0,168920.21,2023-04-30,USD,168920.21
197697391635.0,-168920.21,2023-04-30,USD,168920.21
408716326044.0,-168765.83,2023-03-08,USD,168765.83
117192853406.0,168765.83,2023-03-08,USD,168765.83
531135827718.0,-168287.62,2023-04-19,USD,168287.62
925558388940.0,168287.62,2023-04-19,USD,168287.62
507116460640.0,-168183.4,2023-05-26,USD,168183.4
845730031712.0,168183.4,2023-05-26,USD,168183.4
779320432591.0,167792.0,2023-04-30,USD,167792.0
438473408996.0,-167792.0,2023-04-30,USD,167792.0
829785924106.0,167792.0,2023-04-30,USD,167792.0
973598347990.0,-167792.0,2023-04-30,USD,167792.0
52434564018.0,-167658.97,2023-03-09,USD,167658.97
581196296308.0,167658.97,2023-03-09,USD,167658.97
793651694661.0,162518.34,2023-03-22,USD,162518.34
502076536842.0,162321.28,2023-03-10,USD,162321.28
622194472769.0,-162321.28,2023-03-10,USD,162321.28
556313217993.0,162315.11,2023-04-29,USD,162315.11
505198171435.0,161865.95,2023-05-14,USD,161865.95
66918411872.0,-161865.95,2023-05-14,USD,161865.95
410670108081.0,161865.95,2023-05-14,USD,161865.95
700586380747.0,-161865.95,2023-05-25,USD,161865.95
262849810165.0,161865.95,2023-05-25,USD,161865.95
530672507034.0,-161865.95,2023-05-14,USD,161865.95
180735864928.0,-161554.96,2023-04-08,USD,161554.96
385343676941.0,161508.19,2023-04-28,USD,161508.19
864459028861.0,161423.5,2023-03-17,USD,161423.5
779836392001.0,-161423.5,2023-04-12,USD,161423.5
9922140829.0,-160137.83,2023-05-07,USD,160137.83
989789802269.0,160137.83,2023-05-07,USD,160137.83
820881384638.0,160000.0,2023-03-29,USD,160000.0
774933728714.0,-159849.34,2023-05-13,USD,159849.34
606127489370.0,159849.34,2023-05-13,USD,159849.34
230560705965.0,-159820.0,2023-05-17,USD,159820.0
965764313645.0,159820.0,2023-05-17,USD,159820.0
550038808520.0,159775.94,2022-11-04,USD,159775.94
110195597752.0,-159771.37,2022-11-04,USD,159771.37
304952344583.0,-159709.73,2023-03-12,USD,159709.73
980374812519.0,159709.73,2023-03-12,USD,159709.73
621395568600.0,-158853.67,2023-04-13,USD,158853.67
570231081431.0,-158756.84,2023-05-13,USD,158756.84
959711595984.0,158756.84,2023-05-13,USD,158756.84
210057644686.0,-158600.0,2023-02-11,USD,158600.0
279100069583.0,158600.0,2023-02-11,USD,158600.0
771251194464.0,158335.11,2023-03-08,USD,158335.11
724200803546.0,-158335.11,2023-03-08,USD,158335.11
899219464630.0,158281.09,2023-04-14,USD,158281.09
847306759002.0,-158281.09,2023-04-14,USD,158281.09
875680621233.0,153280.17,2023-05-11,USD,153280.17
725204010650.0,-152558.67,2023-04-22,USD,152558.67
911012141036.0,-152433.4,2023-04-02,USD,152433.4
197616807467.0,-152294.73,2023-05-11,USD,152294.73
759862875726.0,152294.71,2023-05-11,USD,152294.71
971910316093.0,-151871.94,2023-03-17,USD,151871.94
931408069339.0,-151790.0,2023-05-13,USD,151790.0
94110048361.0,151588.63,2023-03-26,USD,151588.63
887552169630.0,-151354.86,2023-04-07,USD,151354.86
295751498653.0,151330.0,2023-03-05,USD,151330.0
739154115250.0,-151330.0,2023-03-05,USD,151330.0
107935730964.0,-151168.19,2023-05-05,USD,151168.19
574744371166.0,151119.06,2023-05-07,USD,151119.06
56088935505.0,-150000.0,2023-03-10,USD,150000.0
50898692424.0,-150000.0,2023-04-29,USD,150000.0
839375989944.0,149642.55,2023-05-25,USD,149642.55
827275753577.0,149642.55,2023-05-25,USD,149642.55
823956183868.0,149560.0,2023-04-01,USD,149560.0
4655302763.0,148156.73,2023-05-04,USD,148156.73
338096180287.0,-147704.75,2023-03-22,USD,147704.75
42218321618.0,-147605.6,2023-05-11,USD,147605.6
887459400671.0,-147597.94,2023-04-08,USD,147597.94
810581319183.0,-147533.13,2023-04-28,USD,147533.13
505155920387.0,-147477.8,2023-04-12,USD,147477.8
799962267379.0,147467.83,2023-05-07,USD,147467.83
745207874496.0,-147467.83,2023-05-07,USD,147467.83
42816332137.0,-147426.71,2023-04-12,USD,147426.71
313050897934.0,147200.0,2023-05-18,USD,147200.0
706252480797.0,-147200.0,2023-05-18,USD,147200.0
509643054765.0,146854.06,2023-04-05,USD,146854.06
856896584235.0,145708.0,2023-04-21,USD,145708.0
631729788488.0,-145708.0,2023-04-21,USD,145708.0
530692431767.0,-145671.54,2023-04-01,USD,145671.54
419399310952.0,145086.26,2023-05-17,USD,145086.26
242465889524.0,-145086.26,2023-05-17,USD,145086.26
670403535085.0,-144225.0,2023-02-04,USD,144225.0
755541561604.0,-143384.05,2023-03-29,USD,143384.05
990968333729.0,-143384.05,2023-03-30,USD,143384.05
10571413183.0,143384.05,2023-03-30,USD,143384.05
481561983901.0,143384.05,2023-03-29,USD,143384.05
468525390442.0,-143000.0,2023-05-13,USD,143000.0
197439804765.0,-142058.0,2023-04-20,USD,142058.0
887292649027.0,141883.6,2023-05-04,USD,141883.6
340036033198.0,-141883.6,2023-05-04,USD,141883.6
59600433640.0,-141650.5,2023-05-03,USD,141650.5
81209810142.0,-141425.63,2023-04-12,USD,141425.63
597179113247.0,-141392.27,2023-04-12,USD,141392.27
156496845954.0,139837.44,2023-04-19,USD,139837.44
719460977323.0,139676.71,2023-04-05,USD,139676.71
253050990966.0,139610.9,2023-04-02,USD,139610.9
636288396465.0,-139494.6,2023-03-17,USD,139494.6
30200067064.0,-139322.82,2023-03-17,USD,139322.82
329392543563.0,139322.82,2023-03-17,USD,139322.82
705330656040.0,-133242.8,2023-04-22,USD,133242.8
140035935175.0,-132803.3,2023-04-08,USD,132803.3
289807211104.0,-131780.0,2023-05-17,USD,131780.0
613306927376.0,-131643.51,2023-05-24,USD,131643.51
400395364828.0,131643.51,2023-05-24,USD,131643.51
823625094548.0,131225.58,2023-03-16,USD,131225.58
977002182582.0,-131225.58,2023-03-16,USD,131225.58
760731628899.0,130000.0,2023-04-28,USD,130000.0
355560860903.0,130000.0,2023-05-18,USD,130000.0
462693139788.0,-129669.3,2023-05-06,USD,129669.3
750179377347.0,129669.3,2023-05-06,USD,129669.3
525866512506.0,129669.3,2023-05-06,USD,129669.3
926255226678.0,129669.3,2023-05-05,USD,129669.3
802676478301.0,129669.3,2023-05-04,USD,129669.3
660212175139.0,-129669.3,2023-05-04,USD,129669.3
657804117736.0,-129669.3,2023-05-06,USD,129669.3
886434064738.0,-129613.06,2023-04-12,USD,129613.06
359559099165.0,129395.15,2023-05-17,USD,129395.15
992285241479.0,128145.6,2023-05-25,USD,128145.6
489015271809.0,-128058.67,2023-03-16,USD,128058.67
376936509521.0,127997.2,2023-05-11,USD,127997.2
855720545467.0,127923.59,2023-05-26,USD,127923.59
379688686419.0,127710.0,2023-05-27,USD,127710.0
357436221048.0,-127710.0,2023-05-27,USD,127710.0
739973192986.0,-127532.72,2023-05-27,USD,127532.72
959406679799.0,-127524.75,2023-05-07,USD,127524.75
839627904223.0,-127449.12,2023-05-18,USD,127449.12
682980163891.0,127449.12,2023-05-18,USD,127449.12
388265260241.0,-127300.0,2023-04-01,USD,127300.0
980871555233.0,-127190.37,2023-03-02,USD,127190.37
791399874118.0,-126515.4,2023-05-05,USD,126515.4
262438100290.0,-126515.4,2023-05-05,USD,126515.4
902932702512.0,-126515.4,2023-05-11,USD,126515.4
134326472042.0,126515.4,2023-05-11,USD,126515.4
579928365680.0,126515.4,2023-05-05,USD,126515.4
784031464302.0,126515.4,2023-05-05,USD,126515.4
701359844460.0,-126515.4,2023-05-05,USD,126515.4
351437131771.0,126515.4,2023-05-05,USD,126515.4
496956726451.0,124600.0,2023-03-04,USD,124600.0
238165876645.0,-124600.0,2023-03-05,USD,124600.0
810757489963.0,-124598.49,2023-03-05,USD,124598.49
470120177008.0,-124487.96,2023-05-06,USD,124487.96
162327864351.0,123361.24,2023-03-22,USD,123361.24
242251154924.0,123154.4,2023-05-24,USD,123154.4
417206653576.0,-123045.8,2023-05-21,USD,123045.8
688501251915.0,122896.43,2023-04-01,USD,122896.43
324523374650.0,122760.0,2023-03-16,USD,122760.0
695844183426.0,-122673.35,2023-03-22,USD,122673.35
530576784141.0,-122379.92,2023-05-27,USD,122379.92
92103975762.0,122379.92,2023-05-27,USD,122379.92
181644784134.0,121792.16,2023-03-16,USD,121792.16
223661578026.0,121792.16,2023-03-16,USD,121792.16
118340587199.0,-121792.16,2023-03-16,USD,121792.16
568994956150.0,121792.16,2023-03-17,USD,121792.16
156020935020.0,-121792.16,2023-03-16,USD,121792.16
946149994440.0,121792.16,2023-03-16,USD,121792.16
664453381036.0,-121792.16,2023-03-16,USD,121792.16
852385826410.0,119918.02,2023-04-12,USD,119918.02
119195387416.0,-119918.02,2023-04-12,USD,119918.02
797520007255.0,119889.63,2023-05-19,USD,119889.63
196367731773.0,-119728.99,2023-04-12,USD,119728.99
608827672668.0,119727.4,2023-04-19,USD,119727.4
103182970466.0,119727.4,2023-04-15,USD,119727.4
878097182937.0,-119727.4,2023-04-19,USD,119727.4
379611818608.0,-119727.4,2023-04-15,USD,119727.4
265668370722.0,-119580.34,2023-03-16,USD,119580.34
897539269561.0,119580.34,2023-03-16,USD,119580.34
443407667739.0,119340.0,2023-05-26,USD,119340.0
675726553569.0,-119340.0,2023-03-17,USD,119340.0
102283209072.0,-119340.0,2023-03-17,USD,119340.0
25452300090.0,-119329.64,2023-05-19,USD,119329.64
669422929599.0,-118591.63,2023-05-17,USD,118591.63
460212743636.0,118490.0,2023-03-30,USD,118490.0
659582569806.0,-118490.0,2023-03-30,USD,118490.0
137905070020.0,118193.78,2023-05-27,USD,118193.78
643752378346.0,118070.0,2023-03-16,USD,118070.0
544049191494.0,117945.07,2023-05-05,USD,117945.07
759803324571.0,-117945.07,2023-05-05,USD,117945.07
453571095137.0,117795.48,2023-05-07,USD,117795.48
661875000102.0,-117795.47,2023-05-07,USD,117795.47
683726496063.0,117756.74,2023-05-12,USD,117756.74
610790426316.0,-117756.74,2023-05-12,USD,117756.74
996822730586.0,-117504.62,2023-05-07,USD,117504.62
78952109445.0,-116976.0,2023-04-06,USD,116976.0
885350619045.0,116975.99,2023-04-07,USD,116975.99
311572006142.0,116975.99,2023-04-06,USD,116975.99
394555820633.0,-116975.99,2023-04-07,USD,116975.99
362022423843.0,116193.1,2023-03-31,USD,116193.1
647420852150.0,-115884.0,2023-03-16,USD,115884.0
856415788489.0,115884.0,2023-03-16,USD,115884.0
585131814029.0,-115139.1,2023-03-10,USD,115139.1
520645367143.0,115038.67,2023-05-07,USD,115038.67
139447641132.0,-115038.67,2023-05-07,USD,115038.67
907076636829.0,-114907.16,2023-04-19,USD,114907.16
223295921495.0,114711.43,2023-04-20,USD,114711.43
975045301899.0,-114711.43,2023-04-12,USD,114711.43
10777437668.0,114711.43,2023-04-20,USD,114711.43
667236608487.0,-114711.43,2023-05-18,USD,114711.43
791097471925.0,114376.47,2023-04-19,USD,114376.47
792987932350.0,-113728.11,2023-04-19,USD,113728.11
429186291639.0,113728.11,2023-04-19,USD,113728.11
821950472086.0,113700.0,2023-03-15,USD,113700.0
642159894595.0,-113700.0,2023-03-15,USD,113700.0
330553337696.0,-113589.51,2023-04-19,USD,113589.51
738958803798.0,110551.4,2023-05-17,USD,110551.4
609665495274.0,-110551.4,2023-05-17,USD,110551.4
821022600285.0,-110545.47,2023-04-06,USD,110545.47
88224043567.0,-110057.76,2023-04-01,USD,110057.76
743772898900.0,-108726.28,2023-04-12,USD,108726.28
627793501151.0,108221.49,2023-04-09,USD,108221.49
776743144758.0,-107926.47,2023-04-09,USD,107926.47
769350189270.0,-107875.0,2023-05-07,USD,107875.0
29944362867.0,107875.0,2023-05-07,USD,107875.0
712187396928.0,107875.0,2023-05-05,USD,107875.0
353429670026.0,107875.0,2023-05-04,USD,107875.0
457157362614.0,107875.0,2023-05-04,USD,107875.0
797494570168.0,107875.0,2023-05-06,USD,107875.0
274041611721.0,-107724.0,2023-05-07,USD,107724.0
628468988956.0,107610.32,2023-05-13,USD,107610.32
47129233565.0,-107380.6,2023-03-04,USD,107380.6
382657629396.0,107380.6,2023-03-05,USD,107380.6
462232070634.0,-107380.6,2023-03-05,USD,107380.6
508008946193.0,104645.13,2023-05-06,USD,104645.13
413936364043.0,-104645.13,2023-05-06,USD,104645.13
252410660396.0,-104400.75,2023-05-05,USD,104400.75
558428039935.0,-104140.84,2023-05-24,USD,104140.84
966330552342.0,-103955.66,2023-04-12,USD,103955.66
862184183796.0,103594.54,2023-05-27,USD,103594.54
490846144480.0,103560.17,2023-05-18,USD,103560.17
343468984922.0,-103560.17,2023-05-18,USD,103560.17
630286929104.0,-103307.11,2023-04-19,USD,103307.11
6877996203.0,103307.11,2023-04-19,USD,103307.11
737369209921.0,103252.92,2023-05-06,USD,103252.92
662090403747.0,-103252.92,2023-05-06,USD,103252.92
933978700297.0,-103252.92,2023-05-06,USD,103252.92
39608511544.0,103252.92,2023-05-06,USD,103252.92
686804204750.0,103091.53,2023-05-05,USD,103091.53
549381596085.0,103000.0,2023-03-22,USD,103000.0
29395384771.0,-102857.06,2023-03-17,USD,102857.06
838207458991.0,-102586.25,2023-05-17,USD,102586.25
251073283121.0,102586.25,2023-05-17,USD,102586.25
480403430964.0,-102490.11,2023-05-20,USD,102490.11
847478090694.0,102285.35,2023-04-14,USD,102285.35
179241379412.0,-102285.35,2023-04-14,USD,102285.35
818539891454.0,-100789.56,2023-05-03,USD,100789.56
419809284932.0,-100770.0,2023-04-30,USD,100770.0
837572283224.0,100000.0,2023-04-05,USD,100000.0
795184988303.0,-100000.0,2023-04-05,USD,100000.0
195551835831.0,-99495.68,2023-04-12,USD,99495.68
585752155064.0,-99487.0,2023-05-04,USD,99487.0
834429339519.0,-99448.3,2023-05-17,USD,99448.3
103494019496.0,99448.25,2023-05-17,USD,99448.25
31186862021.0,99290.25,2023-04-20,USD,99290.25
613875170991.0,-99290.25,2023-04-20,USD,99290.25
836662406753.0,-98752.61,2023-04-07,USD,98752.61
503637617641.0,97971.0,2023-05-10,USD,97971.0
692424742821.0,-97504.6,2023-03-22,USD,97504.6
724778157162.0,97504.6,2023-03-24,USD,97504.6
107030835172.0,-96919.86,2023-04-12,USD,96919.86
39802435793.0,-96790.0,2023-05-25,USD,96790.0
593226821326.0,-96733.4,2023-03-08,USD,96733.4
428270349874.0,-96561.78,2023-03-17,USD,96561.78
882961337562.0,96561.78,2023-03-17,USD,96561.78
472534225469.0,-95033.64,2023-04-19,USD,95033.64
582073475785.0,95033.64,2023-04-19,USD,95033.64
499071135562.0,-94976.03,2023-05-14,USD,94976.03
325213267667.0,94976.0,2023-05-24,USD,94976.0
476296267162.0,-94200.0,2023-04-08,USD,94200.0
335164675445.0,94158.24,2023-04-14,USD,94158.24
497402546365.0,93792.04,2023-03-17,USD,93792.04
221834205933.0,-93720.0,2023-04-01,USD,93720.0
831173568305.0,-93700.0,2023-05-07,USD,93700.0
380161729478.0,-93576.2,2023-02-09,USD,93576.2
534853374166.0,93505.72,2023-05-11,USD,93505.72
232879997259.0,-93505.72,2023-05-11,USD,93505.72
824884827396.0,-93505.6,2023-04-14,USD,93505.6
72887801012.0,-93450.0,2023-04-01,USD,93450.0
830476946931.0,-93416.5,2023-03-17,USD,93416.5
610400905989.0,93416.5,2023-03-17,USD,93416.5
368248178319.0,-92610.1,2023-03-09,USD,92610.1
182086938865.0,92393.2,2023-03-23,USD,92393.2
285111676500.0,-92393.2,2023-03-17,USD,92393.2
837031226924.0,92330.88,2023-04-19,USD,92330.88
542371588099.0,-92330.88,2023-04-19,USD,92330.88
666595856163.0,-92283.66,2023-03-10,USD,92283.66
693566290953.0,92283.66,2023-03-10,USD,92283.66
757855238048.0,92177.47,2023-04-15,USD,92177.47
879494756003.0,-92177.47,2023-04-15,USD,92177.47
616084857663.0,-92170.0,2023-05-26,USD,92170.0
924225063830.0,92100.57,2023-05-14,USD,92100.57
624342183749.0,-92100.57,2023-05-14,USD,92100.57
741451014381.0,-92072.14,2023-04-05,USD,92072.14
480499801774.0,92072.14,2023-04-05,USD,92072.14
85439946481.0,-91880.1,2023-04-08,USD,91880.1
63727580369.0,-91880.1,2023-04-08,USD,91880.1
931385636969.0,-91880.1,2023-04-08,USD,91880.1
607138415426.0,91878.72,2023-04-19,USD,91878.72
745683251548.0,-91805.33,2023-04-12,USD,91805.33
209807822139.0,91142.23,2023-04-26,USD,91142.23
312125307142.0,-91043.98,2023-04-07,USD,91043.98
79824781931.0,90972.67,2023-05-06,USD,90972.67
935382293597.0,90390.82,2023-03-17,USD,90390.82
697558327746.0,-90390.82,2023-03-17,USD,90390.82
312131137371.0,-89190.0,2023-03-09,USD,89190.0
817810066155.0,-89174.21,2023-04-12,USD,89174.21
477834995826.0,89164.0,2023-03-08,USD,89164.0
910508059255.0,88957.7,2023-03-30,USD,88957.7
930592874135.0,-88928.56,2023-04-26,USD,88928.56
969391189415.0,-88498.74,2023-05-24,USD,88498.74
171268813249.0,88498.74,2023-05-24,USD,88498.74
245249519482.0,-88455.39,2023-05-05,USD,88455.39
583114046788.0,88455.39,2023-05-05,USD,88455.39
121475005836.0,-88327.27,2023-05-17,USD,88327.27
166293591739.0,-88309.08,2023-03-19,USD,88309.08
282271890607.0,88309.08,2023-03-19,USD,88309.08
876919875417.0,88109.02,2023-05-26,USD,88109.02
742247583113.0,88109.02,2023-05-26,USD,88109.02
546993931575.0,88004.5,2023-03-10,USD,88004.5
961379209143.0,87320.03,2023-05-07,USD,87320.03
402587901838.0,-87320.03,2023-05-07,USD,87320.03
810261783264.0,-86214.8,2023-03-17,USD,86214.8
264504914395.0,86214.79,2023-03-17,USD,86214.79
950416464033.0,85454.0,2023-05-20,USD,85454.0
70250056919.0,85454.0,2023-05-20,USD,85454.0
95959941335.0,-85346.0,2023-03-08,USD,85346.0
576223896377.0,85331.64,2023-01-07,USD,85331.64
967033049353.0,-85047.65,2023-04-26,USD,85047.65
383708686324.0,85025.0,2023-05-04,USD,85025.0
111296119946.0,-85025.0,2023-04-13,USD,85025.0
696825998222.0,85025.0,2023-04-06,USD,85025.0
166059275446.0,84634.49,2023-05-21,USD,84634.49
804436968824.0,-84534.17,2023-03-25,USD,84534.17
728241014022.0,84398.2,2023-04-27,USD,84398.2
370755017938.0,-84398.2,2023-04-27,USD,84398.2
714085760562.0,83902.45,2023-05-26,USD,83902.45
450164275896.0,83902.45,2023-05-26,USD,83902.45
263733106516.0,-82913.55,2023-03-17,USD,82913.55
784084242990.0,82569.73,2023-05-06,USD,82569.73
884819093443.0,-82569.73,2023-05-06,USD,82569.73
784568792968.0,-82465.2,2023-03-19,USD,82465.2
221046397287.0,-82337.1,2023-04-07,USD,82337.1
740855710319.0,-82111.33,2023-03-17,USD,82111.33
792082450701.0,-82005.0,2023-05-05,USD,82005.0
794659988788.0,-81972.56,2023-04-12,USD,81972.56
578313903659.0,81947.0,2023-05-24,USD,81947.0
457459504756.0,81947.0,2023-05-24,USD,81947.0
51152879791.0,81725.09,2023-01-07,USD,81725.09
35052549562.0,-81678.07,2023-05-17,USD,81678.07
753446839235.0,81678.06,2023-05-17,USD,81678.06
450444775467.0,81243.04,2023-03-22,USD,81243.04
111815510980.0,-81000.0,2023-04-06,USD,81000.0
757177551315.0,-80000.0,2023-04-02,USD,80000.0
721474547353.0,-80000.0,2023-05-07,USD,80000.0
925691702729.0,79424.7,2023-03-31,USD,79424.7
918181724225.0,-79159.09,2023-04-14,USD,79159.09
827584302512.0,79159.09,2023-04-14,USD,79159.09
826944619954.0,-77626.0,2023-04-05,USD,77626.0
166304668932.0,77509.8,2023-04-13,USD,77509.8
281480650660.0,-76493.5,2023-04-09,USD,76493.5
107527385181.0,76354.89,2023-04-06,USD,76354.89
496660987784.0,-76000.0,2023-05-20,USD,76000.0
59727438458.0,76000.0,2023-05-20,USD,76000.0
541305482145.0,-76000.0,2023-05-20,USD,76000.0
526049803980.0,-75554.75,2023-04-19,USD,75554.75
949061331772.0,-74852.6,2023-04-12,USD,74852.6
656662890041.0,-74844.78,2023-05-11,USD,74844.78
572395263784.0,74844.78,2023-05-11,USD,74844.78
746123157962.0,74835.47,2023-03-04,USD,74835.47
574487251359.0,-74559.0,2023-04-06,USD,74559.0
818441320884.0,-74000.0,2023-03-10,USD,74000.0
232214520894.0,-73983.95,2023-04-08,USD,73983.95
114447822779.0,73954.37,2023-05-04,USD,73954.37
920031189643.0,73938.72,2023-04-06,USD,73938.72
746559955277.0,73920.0,2023-04-26,USD,73920.0
457001427877.0,73920.0,2023-04-26,USD,73920.0
353866352189.0,-73797.54,2023-02-24,USD,73797.54
187755444975.0,73797.54,2023-03-31,USD,73797.54
526415838007.0,73752.02,2023-03-12,USD,73752.02
179447756839.0,-73665.41,2023-05-03,USD,73665.41
587157115424.0,-73320.8,2023-03-17,USD,73320.8
382560190299.0,-73320.8,2023-03-17,USD,73320.8
10579419958.0,73237.28,2023-04-07,USD,73237.28
343236830879.0,-73237.28,2023-04-07,USD,73237.28
456358338341.0,73031.1,2023-05-26,USD,73031.1
560314747182.0,72858.17,2023-04-20,USD,72858.17
344975617482.0,-72810.0,2023-05-11,USD,72810.0
914079336403.0,72797.73,2023-04-12,USD,72797.73
266629883538.0,-72030.0,2023-03-29,USD,72030.0
491993078355.0,-72030.0,2023-04-30,USD,72030.0
110880695342.0,-71993.25,2023-05-17,USD,71993.25
444940659708.0,71993.25,2023-05-17,USD,71993.25
414009842725.0,-71926.2,2023-03-08,USD,71926.2
351546123217.0,71926.18,2023-03-08,USD,71926.18
49186867194.0,71892.09,2023-05-26,USD,71892.09
481523517505.0,-71892.09,2023-05-26,USD,71892.09
639662828697.0,71854.83,2023-03-31,USD,71854.83
634484795990.0,-71769.23,2023-05-17,USD,71769.23
425781318604.0,71769.23,2023-05-17,USD,71769.23
353240731474.0,-71130.0,2023-05-05,USD,71130.0
817527515824.0,-70900.0,2023-04-01,USD,70900.0
938195053785.0,70900.0,2023-04-01,USD,70900.0
348572331457.0,-70880.23,2023-05-07,USD,70880.23
523352790524.0,-70583.57,2023-03-25,USD,70583.57
330667623103.0,-69653.4,2023-04-12,USD,69653.4
928086988623.0,68764.66,2023-04-01,USD,68764.66
15840087789.0,-68719.3,2023-04-08,USD,68719.3
411913374895.0,-68215.92,2023-05-20,USD,68215.92
919873499222.0,67807.47,2023-03-17,USD,67807.47
216625493090.0,-67807.47,2023-03-17,USD,67807.47
109507656687.0,-67368.3,2023-04-08,USD,67368.3
365472048922.0,-67243.16,2023-05-12,USD,67243.16
998870296778.0,-67078.5,2023-04-12,USD,67078.5
72343189922.0,-66903.94,2023-04-12,USD,66903.94
280384787056.0,-65910.8,2023-04-13,USD,65910.8
274660137639.0,65866.5,2023-04-19,USD,65866.5
572587345485.0,-65840.0,2023-04-14,USD,65840.0
407555573084.0,-65837.85,2023-01-07,USD,65837.85
210432849489.0,-65410.3,2023-04-02,USD,65410.3
366892368172.0,65044.36,2023-04-12,USD,65044.36
282791230391.0,-65044.36,2023-04-12,USD,65044.36
524634431092.0,-65044.36,2023-04-12,USD,65044.36
897361663203.0,64082.98,2023-03-12,USD,64082.98
261007509915.0,-64082.98,2023-03-12,USD,64082.98
360207789352.0,64044.1,2023-04-13,USD,64044.1
693453303985.0,-64044.1,2023-04-13,USD,64044.1
713501334773.0,-63909.56,2023-04-12,USD,63909.56
380034915996.0,63909.56,2023-05-07,USD,63909.56
234503582093.0,-63790.0,2023-03-29,USD,63790.0
526127017815.0,-63686.4,2023-03-26,USD,63686.4
69014730093.0,63607.96,2023-04-13,USD,63607.96
472185175507.0,-63607.96,2023-04-13,USD,63607.96
63493018345.0,-63406.53,2023-04-21,USD,63406.53
25063608634.0,-63066.2,2023-04-22,USD,63066.2
596919284146.0,-62500.0,2023-03-29,USD,62500.0
779539686985.0,-62400.0,2023-03-09,USD,62400.0
937083006491.0,61762.85,2023-04-30,USD,61762.85
990618964939.0,-61554.46,2023-01-07,USD,61554.46
60382040060.0,-60851.95,2023-05-12,USD,60851.95
892581738642.0,-60456.47,2023-03-19,USD,60456.47
925079876462.0,60305.95,2023-03-17,USD,60305.95
568283870252.0,60305.95,2023-03-17,USD,60305.95
552838309756.0,-60201.45,2023-04-15,USD,60201.45
364128686224.0,-59863.0,2023-03-10,USD,59863.0
1392929146.0,59136.17,2023-05-04,USD,59136.17
616527669995.0,-59050.0,2023-05-07,USD,59050.0
34278584283.0,58116.22,2023-04-08,USD,58116.22
727575201669.0,-58083.93,2023-03-29,USD,58083.93
880816139208.0,58057.77,2023-04-15,USD,58057.77
467410804596.0,-58057.77,2023-04-30,USD,58057.77
413986692947.0,-57317.0,2023-05-24,USD,57317.0
366965974954.0,57217.71,2023-04-09,USD,57217.71
320268614051.0,-57000.0,2023-03-10,USD,57000.0
104159659055.0,56531.0,2023-04-06,USD,56531.0
31046655435.0,-56531.0,2023-04-13,USD,56531.0
266018883610.0,56331.24,2023-05-10,USD,56331.24
401506594438.0,56007.86,2023-04-06,USD,56007.86
437132492710.0,-56007.86,2023-04-06,USD,56007.86
540326005681.0,-55954.96,2023-04-12,USD,55954.96
53031011547.0,-55652.57,2023-04-28,USD,55652.57
250906928162.0,55553.2,2023-04-28,USD,55553.2
457748318415.0,54940.0,2023-03-09,USD,54940.0
548588045440.0,-54940.0,2023-03-09,USD,54940.0
226721923461.0,54939.99,2023-03-31,USD,54939.99
79984479510.0,-54935.73,2023-04-14,USD,54935.73
350641782177.0,-54873.0,2023-03-29,USD,54873.0
750101625791.0,-54497.27,2023-03-05,USD,54497.27
595100828496.0,-54497.26,2023-03-05,USD,54497.26
90671368516.0,54497.26,2023-03-05,USD,54497.26
20652504611.0,54433.67,2023-05-25,USD,54433.67
438251555196.0,-54433.67,2023-05-14,USD,54433.67
437087185469.0,54433.67,2023-05-26,USD,54433.67
406630947655.0,-54433.67,2023-05-26,USD,54433.67
875938408624.0,-54433.67,2023-05-14,USD,54433.67
235265613345.0,-54433.67,2023-05-25,USD,54433.67
747048389129.0,54433.67,2023-05-14,USD,54433.67
632418014125.0,54433.67,2023-05-14,USD,54433.67
395478217035.0,-54409.7,2023-04-12,USD,54409.7
232561064060.0,-54378.29,2023-04-12,USD,54378.29
801630069436.0,-54329.16,2023-02-23,USD,54329.16
391430994831.0,54329.16,2023-02-23,USD,54329.16
742159521720.0,-54000.0,2023-05-14,USD,54000.0
581691079412.0,-53924.69,2023-05-19,USD,53924.69
198866785543.0,53924.69,2023-05-19,USD,53924.69
827044291222.0,53600.0,2023-02-03,USD,53600.0
798162466010.0,-53600.0,2023-02-03,USD,53600.0
313575008780.0,53291.96,2023-03-05,USD,53291.96
417633652437.0,53121.0,2023-05-04,USD,53121.0
529311390077.0,-53000.0,2023-03-11,USD,53000.0
640939549580.0,52760.73,2023-04-19,USD,52760.73
779190149187.0,-52760.73,2023-04-19,USD,52760.73
881483441907.0,52610.37,2023-05-17,USD,52610.37
950512917881.0,-52610.37,2023-05-17,USD,52610.37
216352838770.0,-52488.6,2023-05-04,USD,52488.6
668348806757.0,52488.6,2023-05-04,USD,52488.6
36235170499.0,-52154.56,2023-03-04,USD,52154.56
782917754723.0,-52062.55,2023-04-12,USD,52062.55
549652286988.0,-52062.55,2023-04-12,USD,52062.55
907502069771.0,-52062.55,2023-04-12,USD,52062.55
93428327211.0,-52062.55,2023-04-12,USD,52062.55
212948202175.0,-52062.55,2023-04-12,USD,52062.55
891461194255.0,50556.3,2023-05-06,USD,50556.3
652759301611.0,50556.3,2023-05-07,USD,50556.3
119305839423.0,50556.3,2023-05-04,USD,50556.3
603618434557.0,50556.3,2023-05-04,USD,50556.3
596747638535.0,50556.3,2023-05-04,USD,50556.3
927649883154.0,50556.3,2023-05-06,USD,50556.3
17036059551.0,-50337.72,2023-03-05,USD,50337.72
595762884578.0,-50249.5,2023-03-29,USD,50249.5
403487793197.0,-50125.81,2023-03-09,USD,50125.81
865527685549.0,50113.05,2023-03-05,USD,50113.05
662480642793.0,50094.3,2023-05-25,USD,50094.3
743325953428.0,50088.32,2023-04-26,USD,50088.32
591904834834.0,-50088.32,2023-04-26,USD,50088.32
626062788449.0,50088.32,2023-04-28,USD,50088.32
638762890740.0,-50000.0,2023-04-07,USD,50000.0
156440370134.0,-49360.0,2023-05-17,USD,49360.0
481555253946.0,-48736.7,2023-04-13,USD,48736.7
152454072708.0,-48504.38,2023-03-26,USD,48504.38
875392065296.0,-47767.67,2023-05-14,USD,47767.67
440162069626.0,-47724.11,2023-04-28,USD,47724.11
951239252600.0,47675.0,2023-05-25,USD,47675.0
27002374366.0,-47269.28,2023-04-08,USD,47269.28
247660052957.0,-47238.57,2023-01-15,USD,47238.57
751134475545.0,47238.57,2023-01-18,USD,47238.57
493697975960.0,-47160.0,2023-05-04,USD,47160.0
436920181343.0,-47097.41,2023-04-14,USD,47097.41
451198293102.0,-46963.75,2023-03-31,USD,46963.75
67717075616.0,-46940.13,2023-05-25,USD,46940.13
460875673318.0,46940.13,2023-05-25,USD,46940.13
300244223857.0,46583.94,2023-04-19,USD,46583.94
957080828756.0,-46583.94,2023-04-19,USD,46583.94
825735600675.0,46457.53,2023-03-15,USD,46457.53
958747980559.0,-45932.0,2023-03-23,USD,45932.0
137783449129.0,45518.01,2023-04-22,USD,45518.01
788619026025.0,-45497.0,2023-05-13,USD,45497.0
836096480506.0,45497.0,2023-05-13,USD,45497.0
422879166548.0,-45492.0,2023-03-09,USD,45492.0
35985915663.0,-45291.57,2023-03-12,USD,45291.57
150217707910.0,45291.57,2023-03-12,USD,45291.57
81913093911.0,-45226.86,2023-04-12,USD,45226.86
896166953039.0,45226.86,2023-04-12,USD,45226.86
647194883779.0,-45000.0,2023-04-07,USD,45000.0
65795783327.0,-44900.2,2023-03-04,USD,44900.2
70661984242.0,-44860.0,2023-05-07,USD,44860.0
417957676976.0,-44803.63,2023-04-12,USD,44803.63
651935138856.0,43858.44,2023-04-15,USD,43858.44
666964899309.0,-43858.44,2023-04-15,USD,43858.44
86629768171.0,-43830.2,2023-04-12,USD,43830.2
686274947876.0,43690.63,2023-05-18,USD,43690.63
301618028317.0,-43690.63,2023-05-18,USD,43690.63
828078813600.0,43671.71,2023-04-27,USD,43671.71
984503260172.0,-43418.97,2023-04-12,USD,43418.97
691423904905.0,-43386.74,2023-05-05,USD,43386.74
848758361185.0,-43381.6,2023-03-08,USD,43381.6
546063794650.0,43350.36,2023-05-03,USD,43350.36
945582311116.0,43350.26,2023-05-11,USD,43350.26
595215278256.0,-43206.8,2023-03-24,USD,43206.8
876818390710.0,-42947.18,2023-03-08,USD,42947.18
45387112237.0,-42892.48,2023-05-27,USD,42892.48
614746364806.0,42625.97,2023-03-17,USD,42625.97
467407167372.0,-42625.97,2023-03-17,USD,42625.97
490593843487.0,41842.6,2023-03-09,USD,41842.6
865531410393.0,-41842.6,2023-03-09,USD,41842.6
191421037301.0,-40918.46,2023-04-13,USD,40918.46
712329362074.0,40918.46,2023-04-13,USD,40918.46
329960374163.0,-40893.74,2023-04-05,USD,40893.74
306611658361.0,40689.1,2023-05-21,USD,40689.1
845412910912.0,-40689.1,2023-05-21,USD,40689.1
415170488077.0,-40629.29,2023-04-20,USD,40629.29
84970146133.0,40318.73,2023-05-17,USD,40318.73
459659774952.0,-40318.73,2023-05-17,USD,40318.73
527453617884.0,-40051.98,2023-05-03,USD,40051.98
511063936701.0,-40051.08,2023-04-26,USD,40051.08
625669868822.0,40000.0,2023-05-25,USD,40000.0
84550555647.0,-40000.0,2023-05-24,USD,40000.0
258923003851.0,39967.99,2023-04-14,USD,39967.99
95269431359.0,-39945.3,2023-05-05,USD,39945.3
178140554954.0,39945.3,2023-05-06,USD,39945.3
450377460887.0,-39945.3,2023-05-07,USD,39945.3
669389841214.0,39945.3,2023-05-07,USD,39945.3
499882635290.0,39945.3,2023-05-05,USD,39945.3
739096583208.0,39945.3,2023-05-04,USD,39945.3
462911455106.0,-39945.3,2023-05-06,USD,39945.3
214144917804.0,-39454.3,2023-04-09,USD,39454.3
118594167838.0,39342.36,2023-03-15,USD,39342.36
137372375775.0,-39000.0,2023-03-10,USD,39000.0
422483022767.0,-38970.71,2023-03-12,USD,38970.71
845328105700.0,38970.71,2023-03-12,USD,38970.71
511599739043.0,-38589.25,2023-03-30,USD,38589.25
310925753354.0,-38572.19,2023-04-05,USD,38572.19
545779296486.0,-38569.17,2023-04-13,USD,38569.17
395704204549.0,38569.17,2023-04-20,USD,38569.17
276703599978.0,-38520.46,2023-04-27,USD,38520.46
529904301254.0,38504.85,2023-05-17,USD,38504.85
7536571559.0,-38504.85,2023-05-17,USD,38504.85
701069163463.0,38193.95,2022-12-07,USD,38193.95
646883600668.0,-38193.95,2022-12-07,USD,38193.95
217613723633.0,38176.95,2023-05-27,USD,38176.95
439371630226.0,37917.9,2023-05-26,USD,37917.9
728031191985.0,-37876.5,2023-04-19,USD,37876.5
919741526007.0,37876.5,2023-04-19,USD,37876.5
480819677825.0,-37858.96,2023-05-18,USD,37858.96
882229316608.0,-37570.0,2023-04-12,USD,37570.0
486287840709.0,-37568.1,2023-03-08,USD,37568.1
262085766237.0,-37568.0,2023-03-08,USD,37568.0
344393006946.0,37568.0,2023-03-08,USD,37568.0
948801550846.0,-37415.36,2023-03-22,USD,37415.36
984170320554.0,37415.36,2023-03-22,USD,37415.36
96330417102.0,-37415.36,2023-03-22,USD,37415.36
92843017465.0,37415.36,2023-03-22,USD,37415.36
866085176788.0,-36497.06,2023-03-17,USD,36497.06
27348867263.0,36497.06,2023-03-17,USD,36497.06
522935028723.0,-36494.35,2023-04-21,USD,36494.35
866999523982.0,-36475.6,2023-04-19,USD,36475.6
804493756348.0,36429.51,2023-03-26,USD,36429.51
723916361186.0,36429.51,2023-03-25,USD,36429.51
562831388035.0,36031.8,2023-03-17,USD,36031.8
775767878928.0,-36031.8,2023-03-17,USD,36031.8
255886172251.0,-36000.0,2023-03-15,USD,36000.0
67567364197.0,-36000.0,2023-04-07,USD,36000.0
33775257169.0,36000.0,2023-03-15,USD,36000.0
548335776874.0,35741.8,2023-03-12,USD,35741.8
854351879401.0,-35741.8,2023-03-12,USD,35741.8
972515993334.0,35673.4,2023-04-06,USD,35673.4
722067722524.0,-35673.4,2023-04-06,USD,35673.4
534512282526.0,35202.0,2023-03-23,USD,35202.0
42215963261.0,-35184.5,2023-04-06,USD,35184.5
776747868687.0,-35184.5,2023-04-06,USD,35184.5
663098497299.0,35184.5,2023-04-06,USD,35184.5
91098746569.0,35184.5,2023-04-06,USD,35184.5
536628496042.0,-35143.45,2023-03-24,USD,35143.45
58184427746.0,-35000.0,2023-05-27,USD,35000.0
391314227360.0,-34808.34,2023-05-21,USD,34808.34
118526285583.0,-34505.0,2023-04-30,USD,34505.0
261539166849.0,-34428.73,2023-01-05,USD,34428.73
188703123043.0,34428.73,2023-01-05,USD,34428.73
866785371024.0,-34197.69,2023-03-23,USD,34197.69
126470190008.0,34193.0,2023-04-01,USD,34193.0
506175897499.0,-34177.27,2023-05-11,USD,34177.27
653126944458.0,-33864.71,2023-03-12,USD,33864.71
400758628028.0,33864.7,2023-03-12,USD,33864.7
718039353446.0,-33744.0,2023-04-02,USD,33744.0
39043515261.0,-33647.47,2023-04-21,USD,33647.47
212331628142.0,-33589.4,2023-05-19,USD,33589.4
607004496229.0,33467.18,2023-03-11,USD,33467.18
723333042529.0,-33467.18,2023-03-11,USD,33467.18
694001945032.0,-33441.32,2023-04-21,USD,33441.32
292751723183.0,33399.24,2023-04-22,USD,33399.24
303946749184.0,-33399.24,2023-04-22,USD,33399.24
211921575753.0,-33118.73,2023-05-26,USD,33118.73
37056687813.0,-33070.4,2023-04-06,USD,33070.4
821323225177.0,33070.4,2023-04-06,USD,33070.4
950308951941.0,-33046.98,2023-04-12,USD,33046.98
3606335081.0,-32825.51,2023-05-18,USD,32825.51
14374078243.0,32825.51,2023-05-18,USD,32825.51
367562690160.0,-32600.42,2023-04-19,USD,32600.42
284756339043.0,32600.42,2023-04-19,USD,32600.42
321473380971.0,-32591.74,2023-04-06,USD,32591.74
593009173059.0,32591.74,2023-04-06,USD,32591.74
17427987529.0,-32330.0,2023-04-13,USD,32330.0
560735105755.0,32330.0,2023-04-15,USD,32330.0
64493081992.0,-32328.43,2023-04-12,USD,32328.43
655324607975.0,32328.42,2023-04-12,USD,32328.42
721057122399.0,32321.48,2023-03-02,USD,32321.48
905759088196.0,-32321.48,2023-03-02,USD,32321.48
149194469552.0,32321.48,2023-03-05,USD,32321.48
764162310203.0,-32321.48,2023-03-02,USD,32321.48
531140710773.0,-32256.2,2023-03-10,USD,32256.2
814185931443.0,32200.1,2023-04-06,USD,32200.1
322233617862.0,-32200.1,2023-04-06,USD,32200.1
597390183309.0,-32009.18,2023-03-15,USD,32009.18
697815104838.0,32007.27,2023-04-28,USD,32007.27
599371071649.0,-32007.27,2023-04-28,USD,32007.27
587786763723.0,-31952.79,2023-04-12,USD,31952.79
446589834021.0,-31843.14,2023-04-12,USD,31843.14
632765317837.0,31826.12,2023-04-07,USD,31826.12
123967885269.0,-31816.1,2023-05-07,USD,31816.1
347971983439.0,31816.1,2023-05-07,USD,31816.1
88842257109.0,-31816.1,2023-05-07,USD,31816.1
591654845329.0,31816.1,2023-05-04,USD,31816.1
810290260081.0,-31816.1,2023-05-06,USD,31816.1
564931996652.0,31816.1,2023-05-06,USD,31816.1
551183303577.0,-31816.1,2023-05-06,USD,31816.1
619045116117.0,31816.1,2023-05-07,USD,31816.1
197541485475.0,31816.1,2023-05-05,USD,31816.1
462217133736.0,31816.1,2023-05-06,USD,31816.1
969890799641.0,31816.1,2023-05-06,USD,31816.1
154086071800.0,-31816.1,2023-05-06,USD,31816.1
460128132412.0,31816.1,2023-05-11,USD,31816.1
697926147905.0,-31816.1,2023-05-05,USD,31816.1
476443757777.0,31816.1,2023-05-11,USD,31816.1
587255847343.0,-31755.92,2023-05-27,USD,31755.92
561670309806.0,31575.84,2023-03-08,USD,31575.84
301716184827.0,-31575.84,2023-03-08,USD,31575.84
269277463820.0,31546.42,2023-05-14,USD,31546.42
937697506700.0,31490.0,2023-03-10,USD,31490.0
367333268802.0,-31384.11,2023-04-05,USD,31384.11
114932513616.0,-31292.64,2022-12-03,USD,31292.64
237448275847.0,31292.0,2022-12-03,USD,31292.0
842334652544.0,-31255.5,2023-03-24,USD,31255.5
940160895350.0,-31135.24,2023-04-09,USD,31135.24
724802346440.0,-31135.24,2023-04-09,USD,31135.24
957246002443.0,30890.0,2023-02-12,USD,30890.0
953586790299.0,-30890.0,2023-02-12,USD,30890.0
288469124417.0,30860.39,2023-03-12,USD,30860.39
20066956861.0,-30860.39,2023-03-12,USD,30860.39
291061513495.0,30342.38,2023-03-24,USD,30342.38
234948063706.0,-30334.75,2023-03-22,USD,30334.75
288318525944.0,-30053.69,2023-03-22,USD,30053.69
724064867484.0,30053.69,2023-03-22,USD,30053.69
744930573666.0,29864.25,2023-03-17,USD,29864.25
43310845562.0,29692.68,2023-05-13,USD,29692.68
826853632461.0,-29692.68,2023-05-11,USD,29692.68
36505678069.0,-29692.68,2023-05-13,USD,29692.68
181284061095.0,29692.68,2023-05-07,USD,29692.68
736141536697.0,-29692.68,2023-05-07,USD,29692.68
328559873851.0,29692.68,2023-05-04,USD,29692.68
446451188108.0,-29692.68,2023-05-06,USD,29692.68
412754805582.0,29692.68,2023-05-11,USD,29692.68
506852514689.0,29692.68,2023-05-06,USD,29692.68
782861872298.0,29644.1,2023-04-19,USD,29644.1
432880654652.0,-29644.1,2023-04-19,USD,29644.1
606706903031.0,-29604.66,2023-03-31,USD,29604.66
665351880946.0,29494.52,2023-04-05,USD,29494.52
449829391750.0,-29460.0,2023-05-07,USD,29460.0
570105387219.0,-29444.12,2023-04-27,USD,29444.12
797939500056.0,-29411.8,2023-04-30,USD,29411.8
974134284051.0,-28605.82,2023-04-15,USD,28605.82
681364223369.0,-28603.8,2023-05-17,USD,28603.8
318782143825.0,28603.8,2023-05-17,USD,28603.8
9375040013.0,-28591.89,2023-05-07,USD,28591.89
84093149104.0,28591.89,2023-05-07,USD,28591.89
544861077804.0,28546.85,2023-04-12,USD,28546.85
979873959248.0,-28546.85,2023-04-12,USD,28546.85
668370804759.0,-28512.27,2023-04-12,USD,28512.27
802076396299.0,-28500.0,2023-05-25,USD,28500.0
921691075613.0,28482.3,2023-03-23,USD,28482.3
878503957688.0,28448.07,2023-05-07,USD,28448.07
229485715576.0,-28448.07,2023-05-07,USD,28448.07
720850612685.0,-28131.0,2023-04-14,USD,28131.0
843407127653.0,28118.79,2023-03-17,USD,28118.79
581179074153.0,-28118.79,2023-03-17,USD,28118.79
804944230777.0,-27641.3,2023-03-12,USD,27641.3
386681234997.0,27641.3,2023-03-12,USD,27641.3
582469135983.0,27182.93,2023-03-29,USD,27182.93
790576832978.0,-26838.83,2023-05-17,USD,26838.83
255495626962.0,26838.83,2023-05-17,USD,26838.83
388063683373.0,-26805.26,2023-03-15,USD,26805.26
241246140697.0,-26690.0,2023-04-02,USD,26690.0
80792934914.0,-26069.84,2023-04-19,USD,26069.84
610960950415.0,26069.84,2023-04-19,USD,26069.84
34540223715.0,26016.12,2023-05-06,USD,26016.12
428188162216.0,-26016.12,2023-05-05,USD,26016.12
726142079821.0,26016.12,2023-05-05,USD,26016.12
743709087072.0,26016.12,2023-05-07,USD,26016.12
458490879928.0,26016.12,2023-05-04,USD,26016.12
420766387380.0,-26016.12,2023-05-07,USD,26016.12
602821633195.0,-26016.12,2023-05-06,USD,26016.12
689546715732.0,25996.97,2023-05-17,USD,25996.97
77851030006.0,-25745.39,2023-04-12,USD,25745.39
507295753957.0,-25725.67,2023-04-29,USD,25725.67
431411146880.0,-25678.24,2023-04-30,USD,25678.24
514184882342.0,25504.35,2023-03-12,USD,25504.35
680290049485.0,-25504.35,2023-03-12,USD,25504.35
428766018234.0,-25168.46,2023-04-13,USD,25168.46
260707990356.0,-25168.46,2023-04-12,USD,25168.46
355958531650.0,-25123.68,2023-05-17,USD,25123.68
170175072154.0,-24836.3,2023-04-30,USD,24836.3
591515827711.0,24836.3,2023-04-30,USD,24836.3
555036187977.0,-24520.0,2023-04-30,USD,24520.0
782254895346.0,24455.0,2023-04-01,USD,24455.0
493971966865.0,24283.04,2023-04-06,USD,24283.04
247051664306.0,24144.09,2023-04-20,USD,24144.09
675082221373.0,-24121.74,2023-03-09,USD,24121.74
700249369055.0,-23673.26,2023-04-08,USD,23673.26
202091765113.0,-23654.0,2023-04-12,USD,23654.0
980790584468.0,-23654.0,2023-04-12,USD,23654.0
80317970906.0,-23654.0,2023-04-12,USD,23654.0
279558212937.0,-23224.0,2023-04-02,USD,23224.0
981981558357.0,-23075.9,2023-04-21,USD,23075.9
412483034015.0,-23000.0,2023-03-10,USD,23000.0
162776299975.0,22914.12,2023-03-05,USD,22914.12
465775236600.0,22699.66,2023-03-10,USD,22699.66
263971950287.0,-22699.66,2023-03-10,USD,22699.66
145986809444.0,22672.92,2023-05-07,USD,22672.92
375929006369.0,-22543.73,2023-04-05,USD,22543.73
785260876819.0,22543.73,2023-04-07,USD,22543.73
384340476305.0,-22448.77,2023-04-09,USD,22448.77
536051212077.0,22331.7,2023-05-11,USD,22331.7
105022997387.0,22331.7,2023-05-13,USD,22331.7
687124495257.0,-22331.7,2023-05-11,USD,22331.7
336430884710.0,-22331.7,2023-05-07,USD,22331.7
531580189978.0,22331.7,2023-05-05,USD,22331.7
924317939974.0,22331.7,2023-05-07,USD,22331.7
289703669862.0,-22331.7,2023-05-05,USD,22331.7
310581481695.0,22331.7,2023-05-04,USD,22331.7
628177797641.0,-22331.7,2023-05-13,USD,22331.7
89723289525.0,-22331.7,2023-05-04,USD,22331.7
53675455522.0,-22151.66,2023-05-17,USD,22151.66
495172976039.0,-21891.5,2023-04-19,USD,21891.5
503326297556.0,21891.5,2023-04-19,USD,21891.5
504344893961.0,-21870.56,2023-05-18,USD,21870.56
188996550231.0,21820.36,2023-03-11,USD,21820.36
978302178266.0,21820.36,2023-03-11,USD,21820.36
732047247287.0,-21220.35,2023-04-26,USD,21220.35
354394316937.0,-21213.34,2023-04-12,USD,21213.34
386741685390.0,-21188.64,2023-05-17,USD,21188.64
912382672476.0,21179.17,2023-05-17,USD,21179.17
532198708152.0,-21179.17,2023-05-17,USD,21179.17
926153945225.0,21170.73,2023-05-17,USD,21170.73
485594464708.0,21170.73,2023-05-17,USD,21170.73
282623330797.0,-21087.84,2023-05-14,USD,21087.84
143005594377.0,-20965.5,2023-03-12,USD,20965.5
287534549986.0,20965.5,2023-03-12,USD,20965.5
529297480642.0,-20959.02,2023-04-08,USD,20959.02
142076944314.0,20959.02,2023-04-08,USD,20959.02
56141706171.0,20957.9,2023-03-10,USD,20957.9
574176611155.0,-20957.9,2023-03-10,USD,20957.9
635240763345.0,-20651.0,2023-04-26,USD,20651.0
726350614583.0,-20388.82,2023-03-10,USD,20388.82
881959828534.0,-20350.0,2023-05-19,USD,20350.0
980069452689.0,20333.98,2023-05-21,USD,20333.98
548221595602.0,-19379.12,2023-04-22,USD,19379.12
880980798207.0,19379.12,2023-04-22,USD,19379.12
136997182581.0,-19373.93,2023-04-12,USD,19373.93
713880011792.0,19158.61,2023-03-23,USD,19158.61
329813022159.0,-19041.09,2023-04-12,USD,19041.09
88078752054.0,-18823.76,2023-04-12,USD,18823.76
650396681400.0,-18575.18,2023-03-26,USD,18575.18
706644324035.0,-18210.27,2023-03-30,USD,18210.27
45549888408.0,-18197.13,2023-04-14,USD,18197.13
858370222829.0,-18197.13,2023-04-12,USD,18197.13
93264432690.0,18197.12,2023-04-15,USD,18197.12
205592863042.0,18189.63,2023-03-12,USD,18189.63
381121820712.0,-18189.63,2023-03-12,USD,18189.63
14269234048.0,-18000.0,2023-03-10,USD,18000.0
81096836224.0,17998.8,2023-04-08,USD,17998.8
641685357386.0,-17981.25,2023-04-13,USD,17981.25
451577536052.0,17959.5,2023-05-21,USD,17959.5
890067489060.0,-17959.5,2023-05-21,USD,17959.5
142165544441.0,-17959.5,2023-05-04,USD,17959.5
42803479128.0,17951.7,2023-04-19,USD,17951.7
408405303678.0,-17951.7,2023-04-19,USD,17951.7
758433857326.0,-17945.82,2023-04-30,USD,17945.82
341089486134.0,-17942.0,2023-04-01,USD,17942.0
377929904613.0,-17929.66,2023-04-14,USD,17929.66
307862052368.0,-17929.66,2023-04-14,USD,17929.66
785025675960.0,17911.5,2023-03-08,USD,17911.5
61846106713.0,-17911.5,2023-03-08,USD,17911.5
853726745952.0,17859.3,2023-04-19,USD,17859.3
727551897736.0,-17859.3,2023-04-19,USD,17859.3
614539124036.0,-17856.57,2023-05-06,USD,17856.57
838695756253.0,17856.57,2023-05-06,USD,17856.57
354885646755.0,-17674.3,2023-04-09,USD,17674.3
953467610762.0,-17494.61,2023-03-09,USD,17494.61
138414100667.0,-17399.06,2023-01-04,USD,17399.06
466380231773.0,17399.05,2023-01-04,USD,17399.05
622229011544.0,17389.0,2023-05-17,USD,17389.0
19470378477.0,-17389.0,2023-05-17,USD,17389.0
664405349185.0,-17363.85,2023-04-09,USD,17363.85
492094117699.0,-17357.7,2023-03-19,USD,17357.7
409970769712.0,-17343.24,2023-03-17,USD,17343.24
448130546163.0,-17257.69,2023-04-12,USD,17257.69
770534233755.0,-17257.69,2023-04-12,USD,17257.69
111836210928.0,17257.69,2023-04-12,USD,17257.69
585370660693.0,17238.3,2023-03-17,USD,17238.3
821783380854.0,-17238.3,2023-03-17,USD,17238.3
4212474711.0,-17095.07,2023-04-06,USD,17095.07
628268647807.0,-17060.7,2023-05-04,USD,17060.7
106719952605.0,-17027.94,2023-04-12,USD,17027.94
944726085220.0,-17021.76,2023-04-26,USD,17021.76
814609680750.0,-17013.46,2023-03-22,USD,17013.46
971596240881.0,-16980.06,2023-04-23,USD,16980.06
684839687914.0,-16947.06,2023-05-07,USD,16947.06
448079526024.0,16947.06,2023-05-07,USD,16947.06
14689658086.0,16947.06,2023-05-04,USD,16947.06
79890595005.0,-16947.06,2023-05-05,USD,16947.06
604898013481.0,16947.06,2023-05-06,USD,16947.06
208121138698.0,16947.06,2023-05-04,USD,16947.06
319171854863.0,16947.06,2023-05-06,USD,16947.06
839066915226.0,16947.06,2023-05-06,USD,16947.06
635455500151.0,-16947.06,2023-05-05,USD,16947.06
856563041880.0,16947.06,2023-05-04,USD,16947.06
242162158817.0,-16879.23,2023-04-29,USD,16879.23
13789313980.0,16879.23,2023-04-15,USD,16879.23
860194680433.0,-16355.8,2023-03-12,USD,16355.8
822390856749.0,16355.8,2023-03-12,USD,16355.8
856293699422.0,16230.0,2023-03-10,USD,16230.0
534264553714.0,16199.51,2022-11-02,USD,16199.51
578146132445.0,-16199.5,2022-11-02,USD,16199.5
488034771149.0,-16146.0,2023-05-17,USD,16146.0
477250518368.0,-16142.35,2023-04-12,USD,16142.35
675830586632.0,16024.39,2023-03-17,USD,16024.39
270894976614.0,-16024.39,2023-03-17,USD,16024.39
366290068201.0,-15897.83,2023-04-19,USD,15897.83
139915854476.0,15897.83,2023-04-19,USD,15897.83
663286586115.0,-15315.0,2023-02-03,USD,15315.0
675207084775.0,15315.0,2023-02-03,USD,15315.0
20358288884.0,-15315.0,2023-02-12,USD,15315.0
985322120936.0,15315.0,2023-02-12,USD,15315.0
478371794700.0,-15302.8,2023-05-11,USD,15302.8
752429220799.0,-15270.49,2023-04-12,USD,15270.49
244736399233.0,15204.9,2023-03-17,USD,15204.9
465214362569.0,-15204.9,2023-03-17,USD,15204.9
29408985476.0,-15100.0,2023-04-05,USD,15100.0
207593542386.0,-15000.0,2023-04-07,USD,15000.0
471552119350.0,-14938.5,2023-04-06,USD,14938.5
721317477896.0,-14938.3,2023-03-17,USD,14938.3
229672852959.0,14938.3,2023-03-17,USD,14938.3
129426820629.0,-14823.22,2023-04-19,USD,14823.22
528884738759.0,14823.22,2023-04-19,USD,14823.22
328840300732.0,-14785.59,2023-04-14,USD,14785.59
828898815742.0,-14767.75,2023-04-27,USD,14767.75
772845828364.0,-14748.94,2023-04-08,USD,14748.94
400882030443.0,-14731.28,2023-05-06,USD,14731.28
429415802024.0,14731.28,2023-05-06,USD,14731.28
321554197330.0,-14700.0,2023-04-30,USD,14700.0
55533582311.0,-14549.0,2023-04-06,USD,14549.0
670191204591.0,-14549.0,2023-03-09,USD,14549.0
533778181918.0,-14404.07,2023-04-19,USD,14404.07
587830680389.0,-14376.46,2023-05-19,USD,14376.46
761759918884.0,14376.46,2023-05-19,USD,14376.46
316160803910.0,-14344.58,2023-02-09,USD,14344.58
501939071692.0,-14201.8,2023-05-07,USD,14201.8
287893627728.0,14201.8,2023-05-18,USD,14201.8
480980827629.0,-14018.77,2023-04-12,USD,14018.77
790174210161.0,-14000.0,2023-05-12,USD,14000.0
874135682244.0,-13934.73,2023-05-04,USD,13934.73
816535417288.0,13354.99,2023-05-06,USD,13354.99
336295970463.0,-13354.99,2023-05-06,USD,13354.99
798827345759.0,-13330.59,2023-03-17,USD,13330.59
873427035540.0,13330.58,2023-03-17,USD,13330.58
389403836809.0,13317.55,2023-05-06,USD,13317.55
841371831383.0,-13317.55,2023-05-06,USD,13317.55
370169897579.0,-13311.57,2023-05-17,USD,13311.57
727616065555.0,13311.57,2023-05-17,USD,13311.57
443430286203.0,-13305.36,2023-04-08,USD,13305.36
794894404028.0,-13288.89,2023-05-06,USD,13288.89
458354426627.0,13264.59,2023-05-26,USD,13264.59
451225808662.0,13259.18,2023-04-19,USD,13259.18
9452575147.0,-13259.18,2023-04-19,USD,13259.18
851703484215.0,13256.28,2023-05-17,USD,13256.28
243896623334.0,-13256.28,2023-05-17,USD,13256.28
489909935432.0,-13247.37,2023-05-06,USD,13247.37
421103366094.0,13247.37,2023-05-06,USD,13247.37
579126063533.0,13137.83,2023-05-06,USD,13137.83
556983070169.0,-13137.83,2023-05-06,USD,13137.83
201007866568.0,12951.55,2022-11-04,USD,12951.55
450806228795.0,-12951.5,2022-11-04,USD,12951.5
762506734673.0,12888.72,2023-02-02,USD,12888.72
69415866415.0,-12888.72,2023-03-19,USD,12888.72
903087056819.0,-12847.16,2023-03-08,USD,12847.16
953317494960.0,12847.16,2023-03-08,USD,12847.16
946776567298.0,-12828.8,2023-02-09,USD,12828.8
772095307725.0,-12800.0,2023-05-11,USD,12800.0
792724430423.0,-12790.0,2023-04-13,USD,12790.0
359982861576.0,12785.41,2023-05-18,USD,12785.41
898552307752.0,-12785.41,2023-05-18,USD,12785.41
922023906455.0,12760.19,2023-04-19,USD,12760.19
2435382036.0,-12760.19,2023-04-19,USD,12760.19
57083446345.0,-12727.91,2023-04-22,USD,12727.91
852174361480.0,-12651.56,2023-05-06,USD,12651.56
527321871411.0,12651.56,2023-05-06,USD,12651.56
398586527225.0,12486.1,2023-04-19,USD,12486.1
407400972471.0,-12486.1,2023-04-19,USD,12486.1
571543472749.0,-12430.0,2023-04-02,USD,12430.0
942156601951.0,-12415.92,2023-04-19,USD,12415.92
376592590696.0,12415.92,2023-04-19,USD,12415.92
967438458455.0,-12401.1,2023-03-15,USD,12401.1
65622703461.0,12401.09,2023-03-15,USD,12401.09
78127731.0,-12324.28,2023-05-07,USD,12324.28
28738208343.0,12324.28,2023-05-07,USD,12324.28
709863132593.0,-12323.97,2023-05-17,USD,12323.97
189570941260.0,12323.97,2023-05-17,USD,12323.97
54496356938.0,-12323.95,2023-03-24,USD,12323.95
159515019859.0,-12307.45,2023-02-03,USD,12307.45
2011231785.0,12307.44,2023-02-03,USD,12307.44
222502322933.0,12300.4,2023-03-12,USD,12300.4
92034102980.0,12300.4,2023-03-12,USD,12300.4
429848047387.0,-12300.4,2023-03-12,USD,12300.4
997987133879.0,-12300.4,2023-03-12,USD,12300.4
523859609836.0,12293.1,2023-04-19,USD,12293.1
62862173003.0,-12293.1,2023-04-19,USD,12293.1
300734365032.0,12293.0,2023-04-01,USD,12293.0
421244131224.0,-12293.0,2023-04-01,USD,12293.0
125938279690.0,-12286.45,2023-04-06,USD,12286.45
99121793917.0,12286.45,2023-04-06,USD,12286.45
356235400181.0,-12280.44,2023-04-27,USD,12280.44
55546668402.0,12232.49,2023-03-17,USD,12232.49
497217131729.0,-12232.49,2023-03-17,USD,12232.49
725005400624.0,-12220.69,2023-01-07,USD,12220.69
496314630459.0,12220.69,2023-01-07,USD,12220.69
239983776865.0,-12220.69,2023-01-04,USD,12220.69
692512017583.0,12011.27,2023-04-19,USD,12011.27
266659032883.0,-11994.38,2023-04-02,USD,11994.38
184963552270.0,-11979.09,2023-04-12,USD,11979.09
257617401921.0,-11914.9,2023-03-17,USD,11914.9
695719253882.0,11914.89,2023-03-17,USD,11914.89
37908599634.0,-11778.53,2023-04-09,USD,11778.53
109454099057.0,-11726.92,2023-04-19,USD,11726.92
69463899464.0,-11706.57,2023-03-26,USD,11706.57
28858910979.0,-11587.27,2022-11-17,USD,11587.27
378357893434.0,11587.24,2022-11-17,USD,11587.24
551590597478.0,-11520.08,2023-03-19,USD,11520.08
933829054003.0,11520.08,2023-03-19,USD,11520.08
409339986987.0,-11507.72,2023-05-06,USD,11507.72
10231519979.0,11507.72,2023-05-06,USD,11507.72
485516306423.0,-11488.24,2023-03-04,USD,11488.24
236478670978.0,-11472.41,2023-05-06,USD,11472.41
91301633603.0,11472.41,2023-05-06,USD,11472.41
128734897748.0,-11468.0,2023-05-24,USD,11468.0
511324160289.0,11468.0,2023-05-24,USD,11468.0
981598635116.0,10898.99,2023-03-08,USD,10898.99
823974203260.0,-10898.98,2023-03-08,USD,10898.98
201661929671.0,-10895.19,2023-04-19,USD,10895.19
484429305181.0,10895.19,2023-04-19,USD,10895.19
365807030299.0,10894.99,2023-03-17,USD,10894.99
195950049144.0,-10894.99,2023-03-17,USD,10894.99
676422771762.0,-10876.84,2023-04-12,USD,10876.84
34954886651.0,-10854.3,2023-04-14,USD,10854.3
926190320529.0,10830.0,2023-03-11,USD,10830.0
93329563949.0,10827.3,2023-05-18,USD,10827.3
987498469536.0,10768.67,2023-04-21,USD,10768.67
559883369325.0,-10768.67,2023-04-21,USD,10768.67
964037320220.0,10555.42,2023-05-17,USD,10555.42
22568085226.0,-10555.42,2023-05-17,USD,10555.42
918149818478.0,-10468.37,2023-05-03,USD,10468.37
750167288919.0,10468.36,2023-05-03,USD,10468.36
733960284160.0,10440.0,2023-03-15,USD,10440.0
325071801689.0,-10432.84,2023-03-17,USD,10432.84
287946175500.0,10432.84,2023-03-17,USD,10432.84
361553888647.0,10414.0,2023-05-17,USD,10414.0
842552231601.0,-10362.57,2023-04-19,USD,10362.57
983817110091.0,10362.57,2023-04-19,USD,10362.57
768160033062.0,-10346.9,2023-03-17,USD,10346.9
775396175843.0,10346.9,2023-03-17,USD,10346.9
637002048337.0,-10330.94,2023-04-19,USD,10330.94
613416835020.0,10330.93,2023-04-19,USD,10330.93
422034158377.0,-10324.0,2023-03-08,USD,10324.0
157374540457.0,10324.0,2023-03-08,USD,10324.0
289035939963.0,-10309.0,2023-05-11,USD,10309.0
31367205426.0,-10304.42,2023-04-06,USD,10304.42
108021411181.0,10304.42,2023-04-06,USD,10304.42
295354510361.0,-10222.43,2023-04-19,USD,10222.43
293179206647.0,10222.42,2023-04-19,USD,10222.42
798674129063.0,-10134.89,2023-04-09,USD,10134.89
894690365366.0,-10000.0,2023-04-01,USD,10000.0
152275102559.0,-10000.0,2023-03-10,USD,10000.0
639893985114.0,-10000.0,2023-04-07,USD,10000.0
589118007258.0,-10000.0,2023-03-10,USD,10000.0
455967328840.0,-10000.0,2023-04-07,USD,10000.0
459155928105.0,-10000.0,2023-03-10,USD,10000.0
782480107016.0,-10000.0,2023-03-10,USD,10000.0
796519437602.0,-9995.07,2023-03-08,USD,9995.07
46020021705.0,9995.07,2023-03-08,USD,9995.07
786916809.0,-9874.22,2023-05-12,USD,9874.22
756009492487.0,-9873.82,2023-05-17,USD,9873.82
770523372237.0,9873.82,2023-05-17,USD,9873.82
206869090477.0,9856.4,2023-05-17,USD,9856.4
429368913568.0,-9856.4,2023-05-17,USD,9856.4
777255162621.0,-9700.0,2023-05-11,USD,9700.0
705975406180.0,-9635.9,2023-04-12,USD,9635.9
38143448663.0,-9629.1,2023-05-17,USD,9629.1
2620153939.0,9629.1,2023-05-17,USD,9629.1
573564242857.0,-9622.58,2023-04-08,USD,9622.58
149147963090.0,9612.98,2023-05-20,USD,9612.98
486847952077.0,-9612.98,2023-05-06,USD,9612.98
79399950898.0,9557.05,2023-04-19,USD,9557.05
633042108819.0,-9557.05,2023-04-19,USD,9557.05
222627236033.0,-9500.57,2023-03-17,USD,9500.57
249625050917.0,9500.56,2023-03-17,USD,9500.56
745036409716.0,-9494.53,2023-04-09,USD,9494.53
830020843379.0,9492.43,2023-04-20,USD,9492.43
583807564069.0,9492.0,2023-04-09,USD,9492.0
276695264702.0,-9492.0,2023-04-09,USD,9492.0
449213234.0,-9411.29,2023-04-19,USD,9411.29
886374061426.0,9411.28,2023-04-19,USD,9411.28
479612570624.0,-9396.95,2023-03-29,USD,9396.95
958062488750.0,-9375.55,2023-04-06,USD,9375.55
700801881384.0,9375.55,2023-04-06,USD,9375.55
93274520018.0,-9374.61,2023-05-12,USD,9374.61
601478279330.0,9300.0,2023-05-18,USD,9300.0
553557591343.0,9300.0,2023-04-22,USD,9300.0
499547225406.0,-9300.0,2023-05-18,USD,9300.0
288912795851.0,-9300.0,2023-04-22,USD,9300.0
79250453821.0,9243.61,2023-03-15,USD,9243.61
231268267052.0,-9243.61,2023-03-15,USD,9243.61
815463420686.0,-9239.18,2023-04-06,USD,9239.18
200918026371.0,-9233.02,2023-05-17,USD,9233.02
589777811733.0,9233.01,2023-05-17,USD,9233.01
591395458618.0,9211.05,2023-03-08,USD,9211.05
415630370879.0,9197.3,2023-04-20,USD,9197.3
872146590393.0,-9197.3,2023-04-20,USD,9197.3
256333066496.0,-9188.01,2023-04-08,USD,9188.01
613672400900.0,9186.71,2023-05-06,USD,9186.71
730922491272.0,-9186.71,2023-05-06,USD,9186.71
270472423591.0,-9180.54,2023-04-12,USD,9180.54
284196562331.0,-9180.54,2023-04-12,USD,9180.54
734076671745.0,-9176.7,2023-03-08,USD,9176.7
28128709006.0,9039.0,2023-03-08,USD,9039.0
536267648711.0,-9038.77,2023-03-08,USD,9038.77
335526739401.0,-9030.48,2023-04-19,USD,9030.48
529459091342.0,9030.47,2023-04-19,USD,9030.47
788498207430.0,-8916.86,2023-04-19,USD,8916.86
381724419828.0,8916.86,2023-04-19,USD,8916.86
917001597124.0,-8734.53,2023-05-17,USD,8734.53
87141576650.0,8734.52,2023-05-17,USD,8734.52
803764490526.0,8656.57,2023-04-27,USD,8656.57
930522463034.0,-8461.17,2023-05-07,USD,8461.17
498415613219.0,8444.79,2023-04-06,USD,8444.79
13621310066.0,-8444.79,2023-04-06,USD,8444.79
924293857730.0,-8439.88,2023-01-07,USD,8439.88
368611515717.0,-8416.91,2023-05-17,USD,8416.91
338453197045.0,8416.9,2023-05-17,USD,8416.9
859026220298.0,-8407.14,2023-03-17,USD,8407.14
929905042028.0,8407.13,2023-03-17,USD,8407.13
65710498706.0,-8260.9,2023-05-07,USD,8260.9
447002742721.0,8260.9,2023-05-07,USD,8260.9
941356454160.0,-8248.81,2023-05-12,USD,8248.81
762336127049.0,-8168.15,2023-04-12,USD,8168.15
604801501546.0,-8128.17,2023-05-17,USD,8128.17
774831222252.0,-8124.29,2023-03-17,USD,8124.29
443623163738.0,8124.29,2023-03-17,USD,8124.29
334585477348.0,-8017.44,2023-03-26,USD,8017.44
191999385346.0,8017.44,2023-04-13,USD,8017.44
916301495002.0,-8000.0,2023-03-10,USD,8000.0
371095167442.0,-7927.4,2023-04-19,USD,7927.4
893794224697.0,7927.4,2023-04-19,USD,7927.4
270160445808.0,7807.49,2023-03-17,USD,7807.49
173187340936.0,-7807.49,2023-03-17,USD,7807.49
799086326170.0,-7763.61,2023-05-21,USD,7763.61
993344820334.0,-7629.6,2023-04-12,USD,7629.6
21774540474.0,-7629.6,2023-04-12,USD,7629.6
686796851875.0,-7526.57,2023-03-09,USD,7526.57
902136417666.0,-7500.0,2023-04-21,USD,7500.0
885353573366.0,-7399.0,2023-04-19,USD,7399.0
510316023769.0,7398.66,2023-04-19,USD,7398.66
963156362369.0,-7372.09,2023-04-12,USD,7372.09
240754084447.0,-7368.6,2023-04-06,USD,7368.6
111916029724.0,7368.6,2023-04-06,USD,7368.6
781640197829.0,-7279.46,2023-04-12,USD,7279.46
214627750184.0,-7279.46,2023-04-12,USD,7279.46
50075361676.0,-7198.33,2023-03-17,USD,7198.33
142790397598.0,7198.32,2023-03-17,USD,7198.32
386660587312.0,7175.44,2023-03-08,USD,7175.44
916880809875.0,-7175.44,2023-03-08,USD,7175.44
948185895475.0,-7168.09,2023-04-12,USD,7168.09
928481884258.0,7161.7,2023-04-06,USD,7161.7
238223029451.0,-7114.46,2023-03-17,USD,7114.46
82891166255.0,7114.46,2023-03-17,USD,7114.46
620894328241.0,-7084.62,2023-04-15,USD,7084.62
332954904189.0,7043.31,2023-05-07,USD,7043.31
195267639506.0,-7043.31,2023-05-07,USD,7043.31
968163210304.0,-6973.96,2023-04-14,USD,6973.96
283154743782.0,-6939.61,2023-05-12,USD,6939.61
721664541910.0,6926.07,2023-05-20,USD,6926.07
337336198016.0,-6926.07,2023-05-03,USD,6926.07
484876423343.0,-6924.18,2023-03-17,USD,6924.18
104383909462.0,6924.17,2023-03-17,USD,6924.17
994564501599.0,6873.24,2023-05-03,USD,6873.24
789034180375.0,-6873.24,2023-05-03,USD,6873.24
34057354875.0,-6873.24,2023-05-20,USD,6873.24
265779910131.0,-6865.27,2023-05-17,USD,6865.27
119227241357.0,6865.27,2023-05-17,USD,6865.27
547277638575.0,-6858.74,2023-04-02,USD,6858.74
316341771422.0,-6853.08,2023-05-17,USD,6853.08
20322383293.0,6853.06,2023-05-17,USD,6853.06
262298324998.0,6820.97,2023-05-17,USD,6820.97
387077903489.0,-6820.97,2023-05-17,USD,6820.97
143744514437.0,6774.87,2023-04-19,USD,6774.87
825169599909.0,-6774.87,2023-04-19,USD,6774.87
757997196099.0,6757.0,2023-03-10,USD,6757.0
34881190897.0,-6728.76,2023-03-17,USD,6728.76
199967131735.0,6728.75,2023-03-17,USD,6728.75
239149823289.0,-6695.84,2023-04-08,USD,6695.84
712353129454.0,-6690.4,2023-04-12,USD,6690.4
282386384030.0,-6688.56,2023-05-17,USD,6688.56
904304859499.0,6688.56,2023-05-17,USD,6688.56
414683991255.0,-6591.38,2023-05-17,USD,6591.38
833715084606.0,6591.37,2023-05-17,USD,6591.37
388358584973.0,-6584.77,2023-05-17,USD,6584.77
493021177821.0,6584.77,2023-05-17,USD,6584.77
996716028367.0,-6582.38,2023-04-06,USD,6582.38
687692312367.0,6582.37,2023-04-06,USD,6582.37
309243881232.0,-6490.0,2023-03-29,USD,6490.0
477731717896.0,-6460.84,2023-03-17,USD,6460.84
24924383555.0,6460.84,2023-03-17,USD,6460.84
183966118274.0,-6417.7,2023-03-08,USD,6417.7
349156292864.0,6417.7,2023-03-08,USD,6417.7
488844534010.0,6417.23,2023-04-19,USD,6417.23
449694385682.0,6385.19,2023-04-13,USD,6385.19
217451642826.0,6374.61,2023-05-14,USD,6374.61
296011275999.0,-6374.61,2023-05-14,USD,6374.61
215856223945.0,6369.38,2023-05-07,USD,6369.38
667542642404.0,-6369.38,2023-05-07,USD,6369.38
598941350216.0,-6338.15,2023-04-09,USD,6338.15
617104865425.0,-6275.22,2023-03-08,USD,6275.22
65054684530.0,-6173.68,2023-03-26,USD,6173.68
23422150767.0,6030.63,2023-04-19,USD,6030.63
222213522917.0,-6030.63,2023-04-19,USD,6030.63
997762873524.0,-6016.9,2023-04-12,USD,6016.9
162996117772.0,6016.24,2023-04-01,USD,6016.24
212316416696.0,-6016.24,2023-04-01,USD,6016.24
293533910182.0,-6016.22,2023-05-17,USD,6016.22
587727490272.0,6016.21,2023-05-17,USD,6016.21
388785190981.0,-6010.3,2023-03-08,USD,6010.3
844472386317.0,-6000.45,2023-04-09,USD,6000.45
774599688747.0,-5964.24,2023-05-12,USD,5964.24
549640951353.0,5910.0,2023-03-17,USD,5910.0
684577581010.0,-5910.0,2023-03-17,USD,5910.0
386533260372.0,-5906.21,2023-04-12,USD,5906.21
875223889395.0,-5872.0,2023-04-19,USD,5872.0
830191787442.0,5872.0,2023-04-19,USD,5872.0
728101303869.0,-5729.59,2023-05-06,USD,5729.59
948384682802.0,-5599.41,2023-05-17,USD,5599.41
909546604463.0,5599.4,2023-05-17,USD,5599.4
156665493183.0,-5595.8,2023-04-19,USD,5595.8
46815564762.0,5595.77,2023-04-19,USD,5595.77
447372254133.0,-5595.49,2023-04-12,USD,5595.49
937535265308.0,-5443.89,2023-04-22,USD,5443.89
550358520725.0,-5436.21,2023-04-14,USD,5436.21
675691924138.0,5332.1,2023-03-02,USD,5332.1
891653952015.0,-5273.61,2023-04-12,USD,5273.61
973271917395.0,-5215.76,2023-04-30,USD,5215.76
865611621797.0,-5206.25,2023-04-12,USD,5206.25
902019191781.0,-5206.25,2023-04-12,USD,5206.25
405200993787.0,-5206.25,2023-04-12,USD,5206.25
179920548849.0,5165.96,2023-04-06,USD,5165.96
215301072970.0,-5165.96,2023-04-06,USD,5165.96
313436643913.0,-5151.0,2023-04-09,USD,5151.0
434215528521.0,5151.0,2023-04-13,USD,5151.0
669692815943.0,-5148.99,2023-03-31,USD,5148.99
166075998483.0,-5126.43,2023-05-07,USD,5126.43
571496103449.0,5090.25,2023-04-06,USD,5090.25
387857386400.0,-5090.25,2023-04-06,USD,5090.25
954508961596.0,5032.0,2023-05-17,USD,5032.0
316957425854.0,-5000.0,2023-03-10,USD,5000.0
885480731044.0,5000.0,2023-04-09,USD,5000.0
192586223722.0,-5000.0,2023-04-07,USD,5000.0
510976831838.0,-4957.42,2023-05-25,USD,4957.42
223628445721.0,4957.42,2023-05-25,USD,4957.42
32807659822.0,4957.42,2023-05-14,USD,4957.42
912722925686.0,-4957.42,2023-05-14,USD,4957.42
33727726713.0,-4900.15,2023-03-08,USD,4900.15
553040469941.0,4884.73,2023-05-03,USD,4884.73
62053027510.0,-4884.73,2023-05-03,USD,4884.73
547969822498.0,-4884.73,2023-05-20,USD,4884.73
298159688589.0,4861.8,2023-05-07,USD,4861.8
45663427237.0,-4861.8,2023-05-07,USD,4861.8
935946854881.0,-4780.11,2023-05-19,USD,4780.11
915472128256.0,-4760.0,2023-05-07,USD,4760.0
860939784635.0,-4698.0,2023-04-12,USD,4698.0
453757495396.0,-4677.4,2023-04-12,USD,4677.4
315810966033.0,-4677.4,2023-04-12,USD,4677.4
186849624741.0,4677.02,2023-05-17,USD,4677.02
426397643756.0,-4677.0,2023-05-17,USD,4677.0
673931380568.0,-4619.45,2023-03-17,USD,4619.45
243279801770.0,-4521.32,2023-04-06,USD,4521.32
848273595433.0,4521.3,2023-04-06,USD,4521.3
772672549758.0,-4508.5,2023-03-08,USD,4508.5
3589376199.0,4508.5,2023-03-08,USD,4508.5
384614021616.0,-4488.32,2023-04-12,USD,4488.32
839173589807.0,-4387.5,2023-05-17,USD,4387.5
542528947288.0,4387.5,2023-05-17,USD,4387.5
896023278064.0,-4380.87,2023-04-06,USD,4380.87
469227110423.0,-4341.9,2023-04-12,USD,4341.9
481899822180.0,-4341.9,2023-04-12,USD,4341.9
817116307402.0,-4341.9,2023-04-12,USD,4341.9
997638703223.0,-4322.42,2023-03-17,USD,4322.42
119247794058.0,4322.41,2023-03-17,USD,4322.41
767801467395.0,4297.0,2023-03-22,USD,4297.0
643526911770.0,-4295.54,2023-04-08,USD,4295.54
655116807999.0,4221.38,2023-03-31,USD,4221.38
675826027844.0,-4105.15,2023-04-19,USD,4105.15
978203092244.0,4105.15,2023-04-19,USD,4105.15
707047758686.0,-4070.48,2023-05-06,USD,4070.48
176613241366.0,4000.0,2023-02-25,USD,4000.0
962276446283.0,4000.0,2023-03-23,USD,4000.0
933916847352.0,-4000.0,2023-05-12,USD,4000.0
125685923663.0,-4000.0,2023-02-24,USD,4000.0
134519008516.0,-3991.76,2022-10-16,USD,3991.76
508120139716.0,3991.72,2022-10-16,USD,3991.72
619648377758.0,3988.19,2023-03-05,USD,3988.19
140405636987.0,-3941.28,2023-03-08,USD,3941.28
294086599853.0,3941.27,2023-03-08,USD,3941.27
400872221383.0,3928.53,2023-05-19,USD,3928.53
912469231905.0,3897.19,2022-12-07,USD,3897.19
422851642427.0,-3897.16,2022-12-07,USD,3897.16
87664389735.0,-3896.8,2023-03-08,USD,3896.8
853972740281.0,3896.79,2023-03-08,USD,3896.79
413262755437.0,-3858.2,2023-03-22,USD,3858.2
597046039297.0,3835.17,2023-05-07,USD,3835.17
368560804732.0,-3835.17,2023-05-07,USD,3835.17
486709867693.0,-3819.72,2023-05-12,USD,3819.72
640106086782.0,3755.69,2023-05-07,USD,3755.69
708632873976.0,-3755.69,2023-05-07,USD,3755.69
486125797566.0,-3751.46,2023-04-21,USD,3751.46
427374226678.0,-3750.89,2023-04-23,USD,3750.89
489845579246.0,-3749.1,2023-05-17,USD,3749.1
836790695450.0,-3742.68,2023-04-22,USD,3742.68
230185244835.0,3629.9,2023-04-19,USD,3629.9
448397793649.0,-3629.9,2023-04-19,USD,3629.9
461879464116.0,3615.0,2023-04-06,USD,3615.0
262151406408.0,-3615.0,2023-04-06,USD,3615.0
280828338389.0,-3603.22,2023-04-06,USD,3603.22
28051128314.0,3603.22,2023-04-06,USD,3603.22
500995181986.0,3593.01,2023-03-25,USD,3593.01
980881229055.0,-3426.37,2023-03-09,USD,3426.37
739407396473.0,-3414.0,2023-04-02,USD,3414.0
489351773283.0,-3384.14,2023-05-07,USD,3384.14
309619432204.0,3384.14,2023-05-18,USD,3384.14
518019686006.0,-3369.1,2023-05-12,USD,3369.1
547382135830.0,-3362.25,2023-04-19,USD,3362.25
893809959832.0,3362.24,2023-04-19,USD,3362.24
502034982190.0,-3345.5,2023-05-11,USD,3345.5
603174627955.0,-3328.2,2023-03-17,USD,3328.2
420815920434.0,3328.2,2023-03-17,USD,3328.2
615317202091.0,-3320.77,2023-04-12,USD,3320.77
969843253562.0,-3320.77,2023-04-12,USD,3320.77
455495906608.0,-3233.4,2023-04-06,USD,3233.4
630093717216.0,3230.73,2023-03-08,USD,3230.73
307487750253.0,-3230.73,2023-03-08,USD,3230.73
869738110235.0,-3230.7,2023-03-08,USD,3230.7
610246641215.0,-3229.9,2023-04-12,USD,3229.9
554717708205.0,-3218.1,2023-04-01,USD,3218.1
253931352961.0,-3156.85,2023-03-09,USD,3156.85
499002110215.0,-3151.85,2023-04-06,USD,3151.85
648481019600.0,-3134.17,2023-04-09,USD,3134.17
139596470095.0,-3117.88,2023-04-19,USD,3117.88
877956611086.0,3117.87,2023-04-19,USD,3117.87
698480939160.0,-3092.28,2023-03-11,USD,3092.28
620339770527.0,3034.32,2023-05-17,USD,3034.32
469129445325.0,-3034.32,2023-05-17,USD,3034.32
989539848233.0,3032.47,2023-05-06,USD,3032.47
842302378415.0,-3029.5,2023-03-17,USD,3029.5
104071144749.0,3029.5,2023-03-17,USD,3029.5
658408299428.0,-3010.89,2023-04-07,USD,3010.89
194264192100.0,2980.0,2023-03-12,USD,2980.0
913107367210.0,2966.06,2023-04-26,USD,2966.06
643851534563.0,-2851.11,2023-04-26,USD,2851.11
692491647473.0,2851.11,2023-04-12,USD,2851.11
768257443786.0,-2814.0,2023-02-09,USD,2814.0
338841816855.0,-2734.8,2023-05-17,USD,2734.8
232193350820.0,2734.8,2023-05-17,USD,2734.8
254064892912.0,-2726.54,2023-04-23,USD,2726.54
4263774839.0,2721.9,2023-05-17,USD,2721.9
99995749409.0,-2721.9,2023-05-17,USD,2721.9
152021059663.0,-2679.39,2023-04-19,USD,2679.39
524962405473.0,2679.39,2023-04-19,USD,2679.39
476168644725.0,-2651.79,2023-05-14,USD,2651.79
904700518119.0,2651.79,2023-05-14,USD,2651.79
310696824265.0,2651.79,2023-05-14,USD,2651.79
255542677594.0,-2651.79,2023-05-14,USD,2651.79
348537916243.0,2627.84,2023-04-19,USD,2627.84
987589365876.0,-2627.84,2023-04-19,USD,2627.84
348487823757.0,-2623.3,2023-04-02,USD,2623.3
413170504783.0,2622.9,2023-04-30,USD,2622.9
918196201417.0,2577.89,2023-03-17,USD,2577.89
741802635022.0,-2577.89,2023-03-17,USD,2577.89
325975082307.0,-2547.15,2023-04-12,USD,2547.15
850902034676.0,-2547.15,2023-04-12,USD,2547.15
709493521690.0,-2547.15,2023-04-12,USD,2547.15
468881963429.0,-2518.73,2023-03-17,USD,2518.73
924353757948.0,2518.7,2023-03-17,USD,2518.7
717974289394.0,-2513.47,2023-05-12,USD,2513.47
964545032974.0,2513.47,2023-05-12,USD,2513.47
962264934702.0,2464.9,2023-03-08,USD,2464.9
468286704005.0,-2454.79,2023-03-17,USD,2454.79
33732090790.0,2454.79,2023-03-17,USD,2454.79
219033677408.0,-2351.18,2023-04-07,USD,2351.18
510264168780.0,-2324.66,2023-05-17,USD,2324.66
458581850580.0,2324.6,2023-05-17,USD,2324.6
428193808071.0,-2324.13,2023-01-04,USD,2324.13
811280891061.0,2324.13,2023-01-04,USD,2324.13
559044612945.0,2321.81,2023-04-09,USD,2321.81
160253506656.0,-2321.81,2023-04-09,USD,2321.81
28108590922.0,-2317.01,2023-03-23,USD,2317.01
223391656723.0,2307.1,2023-03-19,USD,2307.1
9138370155.0,2306.7,2023-05-07,USD,2306.7
96091699946.0,-2306.7,2023-05-07,USD,2306.7
266162220744.0,-2275.36,2023-04-02,USD,2275.36
257965203347.0,2268.97,2023-03-24,USD,2268.97
971219867481.0,-2257.91,2023-05-07,USD,2257.91
270347085367.0,-2243.1,2023-05-12,USD,2243.1
891834138639.0,-2212.26,2023-03-16,USD,2212.26
538911357526.0,2205.6,2023-05-17,USD,2205.6
748940692492.0,-2205.6,2023-05-17,USD,2205.6
339888865029.0,2188.45,2023-05-11,USD,2188.45
262026685728.0,2180.0,2023-03-25,USD,2180.0
121990498676.0,2165.88,2023-05-17,USD,2165.88
43875815760.0,-2165.88,2023-05-17,USD,2165.88
947249609426.0,-2117.79,2023-05-21,USD,2117.79
151985164015.0,2110.0,2023-03-25,USD,2110.0
676789611660.0,2110.0,2023-03-25,USD,2110.0
826375031751.0,-2108.29,2023-04-21,USD,2108.29
510902687143.0,2102.0,2023-04-13,USD,2102.0
871957939511.0,-2100.0,2023-03-10,USD,2100.0
326651092612.0,-2097.85,2023-03-05,USD,2097.85
474313506305.0,2097.83,2023-03-05,USD,2097.83
482123869238.0,-2097.83,2023-03-05,USD,2097.83
247082869635.0,-2090.78,2023-05-07,USD,2090.78
668089163924.0,-2088.72,2023-03-22,USD,2088.72
191366706393.0,-2084.63,2023-04-23,USD,2084.63
970625573063.0,2068.86,2023-05-13,USD,2068.86
986866968464.0,-2033.51,2023-03-08,USD,2033.51
703944045113.0,-2028.67,2023-05-17,USD,2028.67
404060380598.0,2028.66,2023-05-17,USD,2028.66
505159007109.0,-2024.72,2023-04-06,USD,2024.72
841796767618.0,-2000.0,2023-05-05,USD,2000.0
429758652123.0,-1975.73,2023-05-07,USD,1975.73
123758023754.0,1958.01,2023-05-14,USD,1958.01
960707961692.0,-1958.01,2023-05-26,USD,1958.01
879699998410.0,-1958.01,2023-05-14,USD,1958.01
315193425057.0,-1958.01,2023-05-14,USD,1958.01
274338818806.0,1958.01,2023-05-14,USD,1958.01
384553665201.0,1958.01,2023-05-26,USD,1958.01
938889017182.0,-1957.07,2023-03-08,USD,1957.07
709587821368.0,1937.86,2023-03-08,USD,1937.86
194049405794.0,-1937.86,2023-03-08,USD,1937.86
875730832848.0,-1937.52,2023-04-06,USD,1937.52
445141756268.0,-1934.03,2023-05-17,USD,1934.03
312518431907.0,1859.64,2023-05-14,USD,1859.64
82920713500.0,-1857.15,2023-04-07,USD,1857.15
381343163155.0,-1857.14,2023-04-19,USD,1857.14
27588548525.0,-1830.28,2023-04-19,USD,1830.28
158383930317.0,1830.27,2023-04-19,USD,1830.27
737428632801.0,1823.87,2023-04-02,USD,1823.87
956849703338.0,1817.2,2023-04-12,USD,1817.2
260164287800.0,-1779.52,2023-03-12,USD,1779.52
165935534502.0,-1753.48,2023-05-21,USD,1753.48
739527975436.0,-1750.65,2023-04-19,USD,1750.65
347085582037.0,1750.64,2023-04-19,USD,1750.64
835464269726.0,-1749.98,2023-04-08,USD,1749.98
819346892242.0,1739.59,2023-04-06,USD,1739.59
611471790890.0,-1739.59,2023-04-06,USD,1739.59
642278263872.0,1736.0,2023-04-01,USD,1736.0
564473426453.0,-1728.89,2023-04-09,USD,1728.89
361882271739.0,-1726.98,2023-05-07,USD,1726.98
298219913131.0,1726.98,2023-05-07,USD,1726.98
953574396130.0,1725.0,2023-03-25,USD,1725.0
544547918781.0,-1704.0,2023-04-22,USD,1704.0
697561452159.0,-1702.7,2023-04-06,USD,1702.7
926569191038.0,1692.0,2023-03-30,USD,1692.0
650623652578.0,-1690.0,2023-03-08,USD,1690.0
780593252631.0,-1689.72,2023-04-06,USD,1689.72
232306246576.0,-1688.41,2023-03-26,USD,1688.41
860784333100.0,1682.02,2023-03-17,USD,1682.02
543899207727.0,-1682.02,2023-03-17,USD,1682.02
527400688278.0,-1617.71,2023-05-17,USD,1617.71
150321906653.0,1617.7,2023-05-17,USD,1617.7
999914279524.0,-1616.16,2023-04-07,USD,1616.16
243811874280.0,-1612.2,2023-04-09,USD,1612.2
544471187411.0,-1600.9,2023-03-17,USD,1600.9
782106365795.0,1600.9,2023-03-17,USD,1600.9
306106386645.0,-1600.0,2023-03-02,USD,1600.0
895731332705.0,-1592.3,2023-05-05,USD,1592.3
81163757351.0,-1515.85,2023-04-09,USD,1515.85
496943616955.0,1515.85,2023-04-09,USD,1515.85
409818187452.0,-1515.85,2023-04-08,USD,1515.85
410661358213.0,-1496.68,2023-04-07,USD,1496.68
931038829793.0,-1493.76,2023-04-08,USD,1493.76
777024516555.0,-1477.16,2023-03-22,USD,1477.16
512229875850.0,1476.6,2023-04-07,USD,1476.6
900076306654.0,1474.3,2023-04-05,USD,1474.3
48736878083.0,-1471.22,2023-04-27,USD,1471.22
427558097309.0,-1453.97,2023-04-22,USD,1453.97
671965525859.0,-1449.4,2023-04-19,USD,1449.4
457197165264.0,1449.39,2023-04-19,USD,1449.39
219007361224.0,1449.02,2023-05-14,USD,1449.02
439051504398.0,-1442.27,2023-03-25,USD,1442.27
639024855438.0,-1438.01,2023-05-07,USD,1438.01
494930603.0,-1430.0,2023-04-21,USD,1430.0
862157507770.0,1413.16,2023-03-24,USD,1413.16
644799138148.0,1333.78,2023-05-17,USD,1333.78
837033267372.0,-1329.96,2023-04-06,USD,1329.96
809715429843.0,1325.0,2023-03-08,USD,1325.0
403149593937.0,1314.99,2023-04-15,USD,1314.99
382217075940.0,1314.2,2023-05-03,USD,1314.2
326532942852.0,1300.0,2023-03-26,USD,1300.0
177810545342.0,-1281.37,2023-04-09,USD,1281.37
509689010781.0,-1278.65,2023-03-09,USD,1278.65
96252018455.0,-1272.73,2023-05-17,USD,1272.73
959961110205.0,1272.72,2023-05-17,USD,1272.72
424900788750.0,1270.4,2023-02-25,USD,1270.4
215682939162.0,-1239.07,2023-04-06,USD,1239.07
814218039414.0,1239.07,2023-04-06,USD,1239.07
774020027308.0,1218.89,2023-04-29,USD,1218.89
151312859554.0,-1218.89,2023-04-27,USD,1218.89
680236554730.0,-1217.85,2023-05-12,USD,1217.85
343722810425.0,-1215.2,2023-03-08,USD,1215.2
160240254661.0,1212.0,2023-03-02,USD,1212.0
474584972873.0,1211.3,2023-05-07,USD,1211.3
732726291834.0,-1211.3,2023-05-07,USD,1211.3
438812013111.0,-1184.6,2023-04-09,USD,1184.6
139204575514.0,1175.43,2023-03-10,USD,1175.43
153220559605.0,-1172.36,2023-05-07,USD,1172.36
614074056733.0,1152.52,2023-03-08,USD,1152.52
738419470226.0,-1152.52,2023-03-08,USD,1152.52
979564598586.0,-1105.92,2023-04-08,USD,1105.92
308336440920.0,-1013.03,2023-03-09,USD,1013.03
688733350242.0,-1000.08,2023-03-23,USD,1000.08
637930652976.0,-1000.0,2023-05-05,USD,1000.0
268440082965.0,1000.0,2023-01-19,USD,1000.0
220676112857.0,-1000.0,2023-04-07,USD,1000.0
490223325418.0,-1000.0,2023-01-19,USD,1000.0
678163654454.0,999.1,2023-04-02,USD,999.1
633918660353.0,-998.8,2023-05-05,USD,998.8
218520621653.0,998.8,2023-05-05,USD,998.8
418937838048.0,-993.22,2023-05-17,USD,993.22
594631519410.0,993.22,2023-05-17,USD,993.22
263512558900.0,962.81,2023-03-11,USD,962.81
151128460860.0,962.7,2023-03-10,USD,962.7
464137809171.0,-940.0,2023-03-17,USD,940.0
171173992970.0,937.9,2023-04-09,USD,937.9
103033635175.0,-937.9,2023-04-06,USD,937.9
220669145645.0,-937.7,2023-04-09,USD,937.7
827367250052.0,-921.92,2023-03-11,USD,921.92
431912992969.0,921.92,2023-03-11,USD,921.92
520327466112.0,-917.33,2023-01-05,USD,917.33
440480860556.0,917.33,2023-01-05,USD,917.33
531454971091.0,-891.48,2023-04-06,USD,891.48
623886316874.0,-886.28,2023-04-07,USD,886.28
193113675319.0,-883.01,2023-03-08,USD,883.01
980724916695.0,883.0,2023-03-08,USD,883.0
30402597065.0,-866.92,2023-04-12,USD,866.92
780346348088.0,-866.92,2023-04-12,USD,866.92
568982585854.0,-848.0,2023-04-06,USD,848.0
580983138279.0,-844.07,2023-05-11,USD,844.07
351266773891.0,-824.48,2023-03-25,USD,824.48
702584203437.0,810.0,2023-04-22,USD,810.0
698079482692.0,-800.0,2023-05-07,USD,800.0
481939505057.0,-791.5,2023-04-09,USD,791.5
918288907656.0,-777.13,2023-03-17,USD,777.13
329074504369.0,-776.78,2023-04-09,USD,776.78
476205953469.0,-745.2,2023-03-04,USD,745.2
114356959187.0,745.2,2023-03-04,USD,745.2
580531879964.0,-745.19,2023-03-04,USD,745.19
613224682173.0,728.5,2023-05-03,USD,728.5
452905458804.0,718.94,2023-04-21,USD,718.94
953093774531.0,-716.06,2023-05-04,USD,716.06
995803783093.0,-709.37,2023-04-19,USD,709.37
159488621294.0,-706.0,2023-04-08,USD,706.0
103614529719.0,-697.34,2023-05-17,USD,697.34
447041222151.0,-695.98,2023-05-07,USD,695.98
66879022173.0,660.0,2023-03-25,USD,660.0
591435644907.0,655.0,2023-04-06,USD,655.0
138010700277.0,-654.62,2023-04-06,USD,654.62
992256942231.0,629.03,2023-04-28,USD,629.03
380937406978.0,-629.03,2023-04-01,USD,629.03
137052046655.0,601.18,2023-03-12,USD,601.18
499905030648.0,-592.47,2023-05-04,USD,592.47
446400123361.0,589.7,2023-03-16,USD,589.7
377000890729.0,-586.5,2023-03-26,USD,586.5
681454162748.0,-568.0,2023-04-21,USD,568.0
890972493011.0,-560.0,2023-04-26,USD,560.0
668228859199.0,-549.03,2023-03-04,USD,549.03
249785771707.0,-544.5,2023-03-09,USD,544.5
774912271319.0,543.5,2023-05-14,USD,543.5
612107898378.0,-543.5,2023-05-14,USD,543.5
659242737302.0,514.98,2023-03-24,USD,514.98
324121408812.0,-514.98,2023-03-24,USD,514.98
31966891087.0,-504.77,2023-04-07,USD,504.77
872672408552.0,-486.11,2023-05-19,USD,486.11
15067653197.0,-465.6,2023-04-09,USD,465.6
551428840750.0,452.92,2023-03-30,USD,452.92
209839049279.0,-449.83,2023-05-12,USD,449.83
152733822660.0,-444.92,2023-05-06,USD,444.92
642793699898.0,443.15,2023-05-17,USD,443.15
202368921714.0,-422.58,2023-04-07,USD,422.58
819080335549.0,-409.0,2023-03-08,USD,409.0
598974014002.0,400.0,2023-03-30,USD,400.0
973485729962.0,-398.65,2023-04-19,USD,398.65
33565508478.0,-389.78,2023-03-17,USD,389.78
581996743645.0,-362.0,2023-03-15,USD,362.0
529927792436.0,362.0,2023-03-15,USD,362.0
794846415838.0,-347.67,2023-05-11,USD,347.67
799170678753.0,344.82,2023-05-13,USD,344.82
910892633411.0,334.77,2023-03-31,USD,334.77
356494804204.0,-334.33,2023-05-12,USD,334.33
192974997108.0,-329.25,2023-03-31,USD,329.25
604007669443.0,-329.25,2023-03-31,USD,329.25
179479171868.0,-303.67,2023-04-12,USD,303.67
594297826223.0,302.8,2023-04-06,USD,302.8
881474990566.0,-301.0,2023-05-19,USD,301.0
458712444936.0,-295.6,2023-04-07,USD,295.6
115591964943.0,-286.25,2023-04-07,USD,286.25
732108381284.0,-285.8,2023-05-14,USD,285.8
332060907450.0,-285.8,2023-05-26,USD,285.8
801198118288.0,-285.8,2023-05-25,USD,285.8
915487333528.0,285.8,2023-05-14,USD,285.8
252080984942.0,285.8,2023-05-14,USD,285.8
41144653893.0,285.8,2023-05-26,USD,285.8
495584261614.0,285.8,2023-05-25,USD,285.8
954611666998.0,-285.8,2023-05-14,USD,285.8
451395177948.0,-285.44,2023-05-12,USD,285.44
26554744918.0,281.4,2023-03-16,USD,281.4
490437227079.0,-266.9,2023-05-07,USD,266.9
311017681179.0,-262.58,2023-05-14,USD,262.58
937888648245.0,262.58,2023-05-14,USD,262.58
664256673123.0,-262.31,2023-01-25,USD,262.31
138365208364.0,-254.87,2023-03-10,USD,254.87
122577912567.0,-251.0,2023-03-19,USD,251.0
819954570504.0,-250.94,2023-03-10,USD,250.94
941342541112.0,-245.19,2023-05-12,USD,245.19
277413939148.0,-236.54,2023-04-12,USD,236.54
318501712343.0,217.0,2023-02-25,USD,217.0
932210944787.0,-207.04,2023-03-31,USD,207.04
490087725905.0,-207.04,2023-03-31,USD,207.04
16211203608.0,-197.29,2023-04-23,USD,197.29
796111950079.0,-197.23,2023-04-23,USD,197.23
747964390952.0,-192.14,2023-05-04,USD,192.14
986987620229.0,185.21,2023-01-04,USD,185.21
756014242600.0,-185.21,2023-01-04,USD,185.21
74185447643.0,-181.77,2023-03-12,USD,181.77
697258488669.0,-181.77,2023-03-12,USD,181.77
518273239056.0,181.77,2023-03-12,USD,181.77
210319372279.0,181.77,2023-03-12,USD,181.77
198904607196.0,-181.77,2023-03-12,USD,181.77
695482586848.0,181.77,2023-03-12,USD,181.77
317851977092.0,-176.83,2023-04-12,USD,176.83
986613358878.0,-174.1,2023-03-31,USD,174.1
268455147326.0,174.0,2023-03-16,USD,174.0
501451044483.0,174.0,2023-03-26,USD,174.0
533035482737.0,-174.0,2023-03-24,USD,174.0
686077393026.0,-163.42,2023-04-06,USD,163.42
736447046022.0,-161.6,2023-04-09,USD,161.6
392831089940.0,-160.0,2023-02-19,USD,160.0
737722634020.0,160.0,2023-02-19,USD,160.0
339296170344.0,-150.9,2023-03-08,USD,150.9
124175990146.0,-145.48,2023-04-21,USD,145.48
850661503640.0,143.08,2023-05-19,USD,143.08
759243017731.0,133.56,2023-04-21,USD,133.56
779581713728.0,-132.96,2023-04-22,USD,132.96
419074048056.0,-131.91,2023-04-06,USD,131.91
230434330322.0,-128.24,2023-05-07,USD,128.24
171298408886.0,127.7,2023-05-18,USD,127.7
933349891217.0,124.7,2023-04-28,USD,124.7
608972739867.0,-124.65,2023-04-14,USD,124.65
757172272827.0,-122.97,2023-04-07,USD,122.97
670270804351.0,-122.0,2023-04-09,USD,122.0
516381599292.0,-113.45,2023-05-17,USD,113.45
681092163614.0,-108.77,2023-03-23,USD,108.77
312208821384.0,108.51,2023-05-19,USD,108.51
757930110637.0,-101.34,2023-05-11,USD,101.34
38608232461.0,-100.0,2023-04-15,USD,100.0
385279998441.0,96.15,2023-04-28,USD,96.15
154538567885.0,-94.93,2023-03-09,USD,94.93
24690652202.0,-94.22,2023-04-19,USD,94.22
618947392212.0,-86.61,2023-04-08,USD,86.61
879108709289.0,-85.99,2023-05-14,USD,85.99
529995879432.0,85.99,2023-05-14,USD,85.99
565037126855.0,-85.99,2023-05-14,USD,85.99
675391623917.0,85.99,2023-05-14,USD,85.99
28068696826.0,-75.84,2023-03-17,USD,75.84
97770614756.0,-73.05,2023-05-12,USD,73.05
55662637534.0,-67.42,2023-03-15,USD,67.42
157383656982.0,67.42,2023-03-15,USD,67.42
913552756929.0,-67.42,2023-03-15,USD,67.42
664492295647.0,67.42,2023-03-15,USD,67.42
901914413125.0,-65.5,2023-05-17,USD,65.5
765346670555.0,62.86,2023-04-20,USD,62.86
325831166583.0,54.89,2023-04-26,USD,54.89
731153830953.0,-54.89,2023-04-26,USD,54.89
686969158179.0,-53.91,2023-05-20,USD,53.91
960265318176.0,49.09,2023-05-20,USD,49.09
879925858488.0,-48.99,2023-05-24,USD,48.99
943662403403.0,48.83,2023-05-26,USD,48.83
343906920500.0,-48.83,2023-05-27,USD,48.83
966737329616.0,42.24,2023-03-05,USD,42.24
227137027991.0,-42.24,2023-03-05,USD,42.24
817352122164.0,-39.25,2023-03-09,USD,39.25
356254467895.0,39.25,2023-03-09,USD,39.25
471157467106.0,-37.53,2023-04-05,USD,37.53
300947796407.0,-32.0,2023-04-06,USD,32.0
285568178933.0,-30.0,2023-03-17,USD,30.0
359088323796.0,-30.0,2023-03-29,USD,30.0
951055151167.0,-30.0,2023-04-30,USD,30.0
315333907670.0,30.0,2023-04-09,USD,30.0
579622196617.0,30.0,2023-03-17,USD,30.0
812364879149.0,30.0,2023-04-27,USD,30.0
723469974135.0,-30.0,2023-04-09,USD,30.0
548550119762.0,-30.0,2023-04-21,USD,30.0
201256353852.0,-28.04,2023-05-17,USD,28.04
668849313179.0,-26.46,2023-04-19,USD,26.46
520374013591.0,24.63,2023-04-26,USD,24.63
5326620810.0,-18.18,2023-04-06,USD,18.18
509709157145.0,-12.81,2023-04-26,USD,12.81
390905476055.0,-11.05,2023-03-08,USD,11.05
164330654673.0,10.4,2023-05-17,USD,10.4
576887312255.0,-10.36,2023-02-26,USD,10.36
538842104850.0,10.36,2023-02-26,USD,10.36
300915315121.0,-10.36,2023-02-26,USD,10.36
971468434237.0,-10.13,2023-03-09,USD,10.13
126828037498.0,-10.0,2023-05-17,USD,10.0
999952298094.0,7.88,2023-05-05,USD,7.88
264871583282.0,-7.88,2023-05-05,USD,7.88
497215943392.0,-4.18,2023-03-30,USD,4.18
642885384153.0,-3.34,2023-05-14,USD,3.34
40319243567.0,3.34,2023-05-20,USD,3.34
427817008122.0,-3.34,2023-05-14,USD,3.34
900193444906.0,3.34,2023-05-14,USD,3.34
115635643297.0,3.34,2023-05-14,USD,3.34
27011006350.0,2.84,2023-04-09,USD,2.84
756863638027.0,2.84,2023-04-09,USD,2.84
590656241586.0,-2.84,2023-04-09,USD,2.84
429657834328.0,-2.84,2023-04-09,USD,2.84
922004820398.0,2.84,2023-04-09,USD,2.84
8128613012.0,-2.84,2023-04-09,USD,2.84
452461283754.0,-1.47,2023-04-06,USD,1.47
380880996335.0,-0.92,2023-05-24,USD,0.92
577537477690.0,0.53,2023-03-08,USD,0.53
350112216368.0,-0.46,2023-03-31,USD,0.46
751604791121.0,-0.4,2023-05-17,USD,0.4
952861286024.0,0.39,2023-04-01,USD,0.39
45526579858.0,-0.39,2023-04-01,USD,0.39
169464472247.0,-0.32,2023-03-26,USD,0.32
494500199377.0,-0.32,2023-04-26,USD,0.32
613457051552.0,-0.14,2023-03-10,USD,0.14
220702852698.0,0.14,2023-03-10,USD,0.14
543150032401.0,0.1,2023-03-17,USD,0.1
931511843757.0,0.1,2023-04-12,USD,0.1
759276174613.0,-0.1,2023-03-17,USD,0.1
338749532198.0,-0.1,2023-04-12,USD,0.1
477226068403.0,-0.1,2023-04-01,USD,0.1
176535542662.0,-0.09,2023-03-17,USD,0.09
800935914378.0,0.09,2023-03-17,USD,0.09
557361460705.0,0.09,2023-03-17,USD,0.09
430004633897.0,-0.04,2023-03-17,USD,0.04
368540019773.0,0.04,2023-03-17,USD,0.04
893394307173.0,-0.01,2023-04-05,USD,0.01
876224595100.0,0.01,2023-03-29,USD,0.01
299380048439.0,-0.01,2023-04-05,USD,0.01
134060581844.0,-0.01,2023-04-13,USD,0.01
210285054061.0,0.01,2023-03-29,USD,0.01
143600443158.0,0.01,2023-04-05,USD,0.01
919254614126.0,0.01,2023-04-05,USD,0.01
655270137757.0,-0.01,2023-05-06,USD,0.01
60462103427.0,0.01,2023-03-17,USD,0.01
563112090780.0,0.01,2023-05-07,USD,0.01
532775326280.0,-0.01,2023-04-05,USD,0.01
900672001158.0,-0.01,2023-03-17,USD,0.01
724557290978.0,0.01,2023-04-13,USD,0.01
38079312413.0,0.01,2023-03-24,USD,0.01
902714769266.0,0.01,2023-05-20,USD,0.01
962813434614.0,-0.01,2023-04-05,USD,0.01
508021122640.0,-0.01,2023-03-17,USD,0.01
489880410020.0,-0.01,2023-03-24,USD,0.01
344583017325.0,0.01,2023-04-05,USD,0.01
268291136887.0,0.01,2023-04-01,USD,0.01
251974386634.0,0.01,2023-03-24,USD,0.01
250621721708.0,0.01,2023-03-19,USD,0.01
635236654136.0,-0.01,2023-04-05,USD,0.01
905043076191.0,0.01,2023-04-05,USD,0.01
346023931038.0,0.01,2023-04-05,USD,0.01
643545996663.0,-0.01,2023-04-05,USD,0.01
451582691512.0,0.01,2023-03-29,USD,0.01
703995972050.0,-0.01,2023-05-07,USD,0.01
312956298460.0,0.01,2023-04-01,USD,0.01
313038013054.0,0.01,2023-04-05,USD,0.01
11030881368.0,-0.01,2023-04-05,USD,0.01
463774680189.0,-0.01,2023-04-05,USD,0.01
99221533119.0,0.01,2023-05-06,USD,0.01
865101098728.0,0.01,2023-03-19,USD,0.01
47907516605.0,-0.01,2023-04-05,USD,0.01
521961291751.0,-0.01,2023-05-20,USD,0.01
715407550630.0,0.01,2023-04-08,USD,0.01
975926592318.0,0.01,2023-03-24,USD,0.01
291941330414.0,-0.01,2023-04-01,USD,0.01
834080991970.0,0.01,2023-04-26,USD,0.01
242195315112.0,0.01,2023-05-18,USD,0.01
751790339280.0,0.01,2023-03-17,USD,0.01
472785547905.0,-0.01,2023-04-01,USD,0.01
25684241257.0,-0.01,2023-03-24,USD,0.01
63976420623.0,-0.01,2023-04-26,USD,0.01
84385595043.0,0.01,2023-04-22,USD,0.01
708226745991.0,-0.01,2023-03-19,USD,0.01
116326408508.0,0.01,2023-04-05,USD,0.01
521039357799.0,-0.01,2023-04-05,USD,0.01
